hour_index,total_pv_kW,total_load_kW,net_generation_kW,pv_to_load_ratio
1837,1234.81721875,268.22255472175,966.59466402825,4.603703873551114
1501,1233.13985546875,274.9044398845,958.2354155842501,4.485703655790882
2677,1263.9166171875,307.81025350975,956.1063636777499,4.106155005136338
2676,1253.8100468750001,301.7859870755,952.0240597995002,4.154633072498135
1502,1220.49828125,272.59286515225,947.90541609775,4.477366918943216
2174,1224.402421875,288.5911219785,935.8112998965,4.242689134849854
2317,1261.43509765625,327.6735144095,933.76158324675,3.849670596904391
1813,1243.34783984375,309.59511070125,933.7527291425001,4.016044804491433
1838,1224.768046875,294.851828801,929.916218074,4.1538424492790655
2318,1245.19906640625,319.34949057075,925.8495758355,3.8991734738064663
1814,1235.258875,313.54487359949997,921.7140014005,3.9396557720097714
1982,1239.01728515625,319.1038477305,919.91343742575,3.882802699138441
2654,1241.82284375,335.7971043025,906.0257394475,3.698134451252385
1646,1205.1264296875,304.53215308975,900.59427659775,3.95730438806909
1334,1172.43909765625,276.81535787949997,895.62373977675,4.235455367802126
2316,1222.952015625,328.1399282825,894.8120873425,3.7269222867788954
1645,1207.299984375,314.84317231375,892.4568120612498,3.834607470341724
1836,1160.5948359375,268.444261259,892.1505746785,4.3234108495034125
3181,1272.7976640625,385.62245112275,887.1752129397499,3.3006316334956227
1477,1202.88205859375,316.630092913,886.2519656807499,3.7990136810061523
1980,1204.75055859375,320.98580975825,883.7647488354999,3.753282912250305
3180,1256.55720703125,372.86626054225,883.690946489,3.3699943830634504
1478,1194.13448046875,315.8165714025,878.3179090662501,3.7811013886467513
1500,1153.55462109375,276.629214029,876.9254070647501,4.170039021268303
1166,1164.5570625,287.9604025795,876.5966599205001,4.044156932772493
1670,1135.59380078125,261.508128872,874.0856719092499,4.342479911951829
2652,1189.972453125,318.9972733775,870.9751797474999,3.730353042818766
1812,1181.3691796875,313.1679796005,868.201200087,3.772317902431223
3182,1257.7623671875,394.7434315335,863.0189356540002,3.186278132900311
1333,1130.08762890625,277.68798918675003,852.3996397195001,4.069630912544134
2655,1188.26468359375,336.544781968,851.71990162575,3.5307773102717657
1503,1124.0828046875,272.5024594035,851.5803452839999,4.125037267638052
2319,1152.2635078125,307.130426,845.1330818125,3.751707439303954
6877,1112.33953515625,269.3797901375,842.9597450187499,4.129261257718017
2675,1135.8997734375,295.50658469975,840.39318873775,3.8439067973653653
2679,1193.57167578125,353.85219996025,839.719475821,3.373079699779315
1668,1108.171609375,272.25936831900003,835.9122410559999,4.070279058336394
1644,1145.12150390625,312.88619410625,832.2353097999999,3.659865861187609
2653,1165.6105937500001,335.6987627955,829.9118309545001,3.472192094398249
1332,1102.97326171875,274.70522541025,828.2680363085001,4.0151156792028
1815,1140.22633203125,315.898242079,824.3280899522499,3.609473483985479
1981,1140.9259375,322.621643555,818.3042939449999,3.5364209337960175
998,1105.5807109375,294.1630363485,811.4176745890001,3.7583943955123758
2651,1108.575859375,297.37907381775,811.19678555725,3.727820661404624
1839,1122.26487890625,312.617627689,809.64725121725,3.589896333142197
3179,1158.26905859375,349.38312424675,808.8859343470001,3.3151831754201884
6876,1071.99895703125,268.40037799925,803.5985790320001,3.9940292224186673
3157,1241.0817734375,445.7136762745,795.368097163,2.784482138907215
973,1126.8851328125,336.56615739775003,790.31897541475,3.3481831274336264
1165,1075.70241796875,292.469180553,783.2332374157501,3.678002626659028
6878,1053.77025,271.91557946725,781.8546705327501,3.8753581100032557
1335,1050.26709375,270.34683654875,779.92025720125,3.8848876623556277
1476,1085.64760546875,306.50156484075,779.146040628,3.542062183241254
2315,1095.70440625,318.34488672775,777.3595195222499,3.4418784421851667
661,1066.25426953125,289.53919311525,776.715076416,3.682590444410892
1479,1088.978046875,312.744639135,776.2334077400001,3.482003868731146
6541,1099.4878515625,327.463575515,772.0242760475,3.357588233976111
1167,1056.2421796875,286.36588893075,769.8762907567501,3.688435727952531
3324,1210.36976953125,444.5906953835,765.7790741477501,2.722436117932607
3183,1171.43144140625,407.74003639225,763.6914050140001,2.8729860547869657
7381,1047.9054765625,285.3427465305,762.5627300320001,3.6724447550589683
7044,1031.0028125,271.5284947005,759.4743177994999,3.79703356673552
3155,1130.91079296875,373.24945339425,757.6613395745001,3.0299060846696095
7357,1082.6963671875,326.20596303575,756.49040415175,3.319057548159493
7212,1042.2267890624998,288.060766188,754.1660228744998,3.61807961298076
1647,1051.643390625,298.35003416775,753.29335645725,3.5248643092456953
3853,1239.6327773437501,487.83830039375,751.7944769500002,2.5410730846719694
6540,1059.74351953125,309.7606987135,749.98282081775,3.421168406810208
7213,1030.85279296875,281.653597999,749.19919496975,3.6600022035309054
1164,1035.58459375,290.70885735625,744.87573639375,3.562273952040842
1979,1055.91290625,313.522285731,742.3906205190001,3.3679038171725453
3014,1200.76088671875,459.0849868455,741.67589987325,2.6155524979240945
3852,1224.39588671875,483.979622429,740.41626428975,2.529850075182699
662,1034.12884765625,294.6726839675,739.4561636887499,3.5094153629146385
3350,1110.10944921875,373.9477334605,736.1617157582499,2.968621940764854
7382,1015.33997265625,282.05566856675,733.2843040895,3.599785723917045
997,1028.57730859375,298.08073809625,730.4965704975001,3.450666794883461
974,1067.90014453125,338.728288999,729.17185553225,3.152674801784057
3661,1254.89396484375,528.368963524,726.5250013197499,2.3750334502978725
2343,987.67533203125,263.60097965125,724.07435238,3.746857578416852
3660,1221.796484375,498.7165022695,723.0799821055001,2.4498817993090496
2534,1285.79153125,563.2391094485,722.5524218014999,2.2828520026355075
996,1022.623046875,300.27952762625,722.34351924875,3.405570308283759
3323,1125.331953125,405.32114678575,720.0108063392499,2.776395851222258
6517,1097.1113046875,377.896064227,719.2152404605,2.9032091245207106
7020,1041.4394609375,324.36374220700003,717.0757187304998,3.2107147692918376
1835,982.17034375,266.586321905,715.584021845,3.6842488130946003
7046,982.83867578125,267.82928804625,715.009387735,3.6696459871180442
1811,1029.817921875,315.17150882325,714.64641305175,3.267484178543066
7021,1041.92822265625,328.8857440115,713.04247864475,3.168055285034678
3325,1189.05909375,476.28840546575003,712.7706882842501,2.4965106805208483
1499,979.0497343750001,267.36223437975,711.68749999525,3.6618849067610437
3156,1143.692734375,432.14967863525,711.5430557397501,2.646519917220159
3854,1208.6513984375001,497.71647493200004,710.9349235055001,2.428393386363667
2535,1241.21790234375,530.31810664975,710.899795694,2.340515785599981
2366,1257.53291796875,548.97118164675,708.5617363220001,2.290708433739304
7380,991.00241015625,290.42201726875,700.5803928875,3.412284013670061
1475,997.11215625,297.22650272975,699.88565352025,3.354721546489722
7358,1020.6192812500001,321.468085408,699.1511958420001,3.1748696819461366
972,1029.9853203124999,330.83936941625,699.1459508962498,3.113248943185359
4861,1201.170078125,510.30194042575005,690.8681376992499,2.3538418740266005
3011,1086.67552734375,398.98987543225,687.6856519114999,2.723566665552407
2989,1238.61457421875,551.447025823,687.16754839575,2.2461170592480366
2988,1209.88994921875,523.75141640125,686.1385328174999,2.310046157434728
2533,1287.50836328125,601.44318820675,686.0651750745,2.1406982178638665
2557,1287.4333710937499,602.9137914425,684.5195796512498,2.135352329357323
7022,1009.8497265625,325.969030997,683.8806955655,3.0979928380797657
6348,1140.8585703125,462.44066852725,678.41790178525,2.4670377098943135
1667,954.29933984375,275.9897327685,678.3096070752499,3.457734919387312
3662,1238.10588671875,561.321554784,676.7843319347501,2.20569809579018
999,965.9078359375,289.23688650425,676.6709494332499,3.339504322121801
6516,1044.228015625,369.01050548225,675.2175101427499,2.8298056485695997
6542,1027.44940625,353.4347205735,674.0146856765,2.9070415087566106
1933,1261.797390625,588.2829622015,673.5144284234999,2.1448817483310427
1934,1248.09216015625,578.12013969825,669.972020458,2.158880260855143
2246,1253.18427734375,584.0145718935,669.1697054502499,2.1458099429520208
2678,990.3206367187499,321.832265657,668.48837106175,3.077132840052382
975,998.4330351562501,330.23176227875,668.2012728775001,3.0234312570152997
7548,940.48832421875,276.26114339425,664.2271808245,3.404345284534791
2270,1224.237125,560.280820933,663.9563040670001,2.1850419951486364
2390,1235.4036171875,573.10139005475,662.30222713275,2.1556458184717235
7525,986.35378125,324.2851571125,662.0686241375,3.0416248063619897
2990,1234.12196875,572.75279225775,661.36917649225,2.1547201223244334
469,984.061890625,322.8387985485,661.2230920765,3.0481524897293664
3015,1124.91229296875,464.982767276,659.9295256927501,2.4192558729424474
2365,1243.49204296875,584.92662147825,658.5654214905,2.125894078303793
470,980.3390546875,322.12994775,658.2091069375001,3.04330304739323
3326,1140.72437890625,483.160889192,657.56348971425,2.360961745999237
805,995.4585234375,339.6221208055,655.836402632,2.9310768042595132
6875,926.30755859375,270.59676684475,655.710791749,3.423202597620095
660,941.55399609375,286.076132403,655.47786369075,3.2912707008919475
325,975.1393789062499,319.897796445,655.2415824612499,3.0482841291644265
2607,1215.9080078125,562.0019550355,653.906052777,2.1635298503048177
2269,1249.15179296875,596.886428364,652.26536460475,2.092779683900265
3851,1114.253140625,462.1086622295,652.1444783955001,2.4112362076008544
6349,1165.61558203125,514.195196559,651.4203854722499,2.2668737233733194
7693,988.7487968749999,338.6399271375,650.1088697374998,2.9197643712986268
7356,975.73430078125,325.6477023155,650.0865984657501,2.9962879849821054
2674,910.8151679687501,261.07878170425,649.7363862645001,3.4886602370921937
4501,1207.2156796875,558.628677855,648.5870018324999,2.1610341992499995
3178,953.6861796875,306.2290097895,647.4571698980001,3.114290763075541
6539,940.28170703125,292.99063604925,647.2910709820001,3.2092551369591864
4862,1160.43203515625,513.278298542,647.1537366142501,2.2608242666633434
2320,951.74612890625,304.9011944465,646.84493445975,3.121490315944824
1643,948.6760390625,302.69340472025,645.98263434225,3.1341153164706492
6518,1034.32348046875,389.1877158715,645.1357645972499,2.6576467746289576
1886,1243.8655625,602.7851137995,641.0804487004999,2.063530654557948
2245,1261.10286328125,620.57495504725,640.5279082339999,2.0321523628891507
326,951.8539296875,312.00446730775,639.84946237975,3.050770185600757
8053,930.09804296875,291.561190671,638.5368522977499,3.1900611931174985
2582,1279.31082421875,640.8423524175,638.46847180125,1.9962956839484929
8557,916.4790234375,279.184527677,637.2944957605,3.2826998966615806
3659,1092.8864609375,456.0724291865,636.814031751,2.3963002115488323
2389,1241.38778125,604.66928127125,636.71849997875,2.053002885456852
1504,906.93456640625,270.84288773,636.09167867625,3.348563333742767
6373,1117.966453125,482.54182899725,635.4246241277501,2.316828062618678
2656,977.22194140625,342.64850147575004,634.5734399305,2.851966182094755
2367,1151.782171875,517.3199332185,634.4622386565,2.2264407297873867
8389,916.1849296875,281.98921716575,634.19571252175,3.2490069501486296
663,926.676515625,293.80232825925,632.87418736575,3.1540815825435624
158,943.21879296875,311.11329498525,632.1054979835001,3.0317534002579833
7885,915.5860351562501,286.00563238125,629.580402775,3.201286717089798
2987,1111.15288671875,481.90787510675,629.2450116120001,2.305737137345754
3013,1069.6324453125,441.03394632975,628.59849898275,2.425283703870448
1885,1250.042609375,623.86789989925,626.17470947575,2.0036975897833096
2680,992.1057265625,366.15848869350003,625.947237869,2.709498084812839
4860,1128.39098828125,503.220140111,625.17084817025,2.2423406698110484
2556,1272.194390625,647.525765514,624.6686251110001,1.9647007986631129
2462,1273.9016328124999,649.77899116025,624.1226416522499,1.960515264701459
2581,1286.1506484375,662.042157758,624.1084906794999,1.9427020340371313
4500,1172.8657421875,549.31104863425,623.55469355325,2.135157745267338
7524,938.59111328125,316.11005570025,622.4810575810001,2.969190930142615
1862,1218.96730078125,598.90406846725,620.0632323140001,2.0353298014247456
2532,1270.96971484375,651.5282958155,619.4414190282499,1.950751365759427
7884,901.500171875,282.525482898,618.9746889769999,3.1908632079379715
2558,1193.7283789062499,576.02793019225,617.7004487139999,2.0723446108515904
6879,894.263203125,277.11248906625,617.15071405875,3.2270764948602864
8029,947.11229296875,330.85592483199997,616.2563681367501,2.862612451589182
468,926.2926445312501,311.83779935625,614.4548451750001,2.9704309210526563
1840,930.5113515625,316.454625651,614.0567259114999,2.940425808938191
1816,928.4798671875001,316.63740961375,611.8424575737502,2.9323125949893076
3855,1116.31071875,505.10691517275,611.20380357725,2.2100483739332013
8390,886.751296875,276.31030613125,610.44099074375,3.209258844092938
7188,934.5199921875,324.24402796675,610.27596422075,2.8821501976936372
8365,922.74046875,313.35476261125,609.38570613875,2.9447149873067127
1669,872.9874609375,264.63252154575,608.35493939175,3.298866868438579
7379,889.29676171875,281.78899158125,607.5077701375,3.1558960255068635
2391,1151.3710585937501,544.249205839,607.1218527547502,2.1155217942914692
3154,948.35254296875,341.43230397574996,606.920238993,2.7775712173343003
2484,959.5937734375,352.88494975475004,606.7088236827499,2.719282223243359
7716,890.5534218749999,284.285178703,606.268243172,3.1326058671274524
2583,1218.5191796875,613.002625491,605.5165541964999,1.9877878609797277
7692,933.2709921875,328.018764477,605.2522277105,2.845175613140155
1622,1197.51405859375,592.271664511,605.2423940827499,2.0218999630187593
8558,885.1598515625,280.62018005475,604.53967150775,3.1542986261198447
7718,888.0868125,284.05852644725,604.02828605275,3.1264219401578033
8052,892.05091015625,288.4995005435,603.5514096127499,3.0920362266960324
1406,1216.7452890625,613.674084055,603.0712050075,1.9827222929797506
6347,1004.70526171875,402.23414601375,602.471115705,2.4978119564881327
8388,884.2189492187499,281.77786062375003,602.4410885949999,3.1380000690026613
8725,885.12646484375,283.78200072325,601.3444641205,3.1190366530254563
2485,966.9556367187499,365.6592780385,601.2963586802499,2.6444170629591484
6374,1102.657,501.72093160575,600.9360683942499,2.197749641963738
4837,1227.7330234375,627.035052199,600.6979712384999,1.9579974312023962
8054,892.04487890625,291.820614115,600.22426479125,3.056826120919233
2125,1255.844859375,655.8150684535,600.0297909215,1.9149374844672498
6350,1121.28734375,521.6230676517499,599.6642760982501,2.149612260531757
7019,909.91045703125,310.488829986,599.42162704525,2.930573876495667
2461,1279.7331562499999,680.333756042,599.3994002079999,1.881037274725435
7526,923.24273046875,324.16807439,599.07465607875,2.848037177498171
2604,1269.9967265625,671.68825256,598.3084740025,1.8907532174806074
6013,1141.9856835937499,543.9975075235,597.9881760702499,2.0992480033470917
4502,1161.128421875,563.415662536,597.712759339,2.060873520249244
2222,1237.30791015625,639.8254941965,597.48241595975,1.9338208924860898
4836,1183.186546875,586.1711430385,597.0154038365,2.018500158031129
1163,878.0835546875,282.16827417375004,595.9152805137501,3.111914527410301
4165,1249.56560546875,655.74446276325,593.8211427054999,1.905567907196077
1887,1152.9549414062499,559.66373746375,593.2912039424999,2.0600851228472576
3010,921.0774453125,327.879402612,593.1980427005001,2.809195805426278
1935,1158.2688398437501,566.0481854447501,592.2206543990001,2.0462371712886047
2175,882.10490234375,291.422087745,590.68281459875,3.026897879095256
302,937.837140625,347.21869976825,590.6184408567499,2.700998357951222
2271,1124.34162890625,533.74115108475,590.6004778215,2.1065297748068743
1598,1182.21444140625,592.35091313825,589.863528268,1.995800822095685
1336,859.34030859375,269.55904910725,589.7812594865,3.18794827423469
3828,1231.5171484375,641.892376184,589.6247722535,1.9185726333753963
2176,880.44667578125,291.4150857095,589.03159007175,3.0212803521010976
7211,869.23612890625,280.663927704,588.57220120225,3.0970710519162687
8701,920.71189453125,332.83266884750003,587.87922568375,2.7662906257162474
3829,1247.6397109375,659.919122515,587.7205884225,1.8905948721292678
5677,1195.61565625,609.2797344525001,586.3359217975,1.9623427248274388
2221,1250.849078125,664.92177234775,585.92730577725,1.8811973502194426
2606,1177.246265625,593.44042205275,583.80584357225,1.983764873260675
8028,905.9082968749999,323.3840533455,582.5242435294999,2.8013387942348493
4164,1214.2083515625,631.9575902610001,582.2507613014999,1.921344673049475
7861,903.8563984375,322.857099028,580.9992994095,2.799555587778966
5676,1153.45323046875,572.92398987375,580.529240595,2.013274446248361
1480,890.2457109375,310.9784198935,579.267291044,2.8627250353244933
1861,1211.8535625,632.7645881405,579.0889743595,1.9151728514803443
2605,1203.37569140625,624.4377936385,578.9378977677501,1.9271346189141374
2463,1192.27337890625,613.3570362187501,578.9163426874999,1.9438488621775327
1331,848.895015625,271.9481649685,576.9468506565,3.121532416303658
1932,1218.5008828125,642.3429172489999,576.1579655635002,1.8969632079607615
1574,1177.85062890625,602.2667283395,575.58390056675,1.9556959923686756
7886,860.6256171875,285.79120061825,574.8344165692499,3.0113789798787924
3663,1141.21283984375,567.14819607575,574.0646437680001,2.0121951294704132
6372,1025.77083984375,451.840605273,573.9302345707501,2.2702050802932576
1958,1171.7817421875,598.0179909395,573.763751248,1.9594422876595428
157,894.84273046875,322.0549281675,572.7878023012499,2.7785407066486614
2438,1275.1488671875,702.75934803625,572.3895191512499,1.8144886566592295
4859,1065.42280859375,493.0682301835,572.35457841025,2.1608019767090667
8364,881.9324921875,310.205833934,571.7266582535,2.843055780608194
5029,1190.853921875,620.01462024825,570.83930162675,1.9206868371547474
1693,1158.406859375,587.8218469990001,570.585012376,1.9706767676606853
804,906.5069296875,336.137144648,570.3697850395,2.6968365187368684
2580,1269.59058984375,699.73984699,569.8507428537499,1.8143751474074885
324,896.036828125,326.79191373925,569.24491438575,2.7419185962417565
3184,981.79312890625,412.774252646,569.01887626025,2.3785231763709933
7355,882.9719414062499,315.2880663815,567.6838750247499,2.800524449718073
5005,1201.58267578125,634.092113942,567.49056183925,1.8949654907649467
2488,946.3247265625,379.18999804925,567.13472851325,2.495647904573531
7694,904.10710546875,337.592147124,566.51495834475,2.678104661180286
1597,1214.8604296875,649.759964834,565.1004648535001,1.8697064971187705
7860,878.3535546875,313.66561213025,564.68794255725,2.800286413043188
8030,895.6527968749999,332.331165171,563.3216317039999,2.6950610958171297
6855,902.79312890625,339.876697238,562.91643166825,2.656237198921079
8726,848.57556640625,285.675151388,562.90041501825,2.9704213310569147
8366,871.19696875,309.66212351875,561.5348452312501,2.813379163189359
1526,1197.9533203125,637.50703883525,560.44628147725,1.8791217123219301
5006,1192.75265234375,633.4706345022499,559.2820178415001,1.8828854653982041
2437,1280.27646484375,722.2410491305,558.0354157132501,1.7726442779905962
2268,1207.21348828125,649.4067928125,557.8066954687499,1.8589480427114267
4166,1232.4871328125,674.9346734654999,557.5524593470001,1.8260835891837115
2341,821.83971875,266.0553397495,555.7843790004999,3.0889803468511823
7187,868.20238671875,313.15704683025,555.0453398884999,2.7724184805489926
5196,1171.6225390625,617.01847832325,554.60406073925,1.8988451372599788
2414,1262.40750390625,708.0602171195001,554.3472867867499,1.7829098028681964
8702,892.2275390625,338.72127523675,553.50626382575,2.6341053888769466
5509,1191.3837109375,638.00889044975,553.37482048775,1.867346563509976
995,849.52358203125,296.17769061275,553.3458914185001,2.8682902395700873
1168,838.4360195312499,285.576785351,552.8592341802499,2.9359389824519395
5868,1130.23155859375,577.54123765475,552.6903209389999,1.9569711787618238
2536,1026.70876953125,475.03299156425,551.675777967,2.1613420238224483
2628,1265.19663671875,715.812131769,549.38450494975,1.7674981727741155
8197,901.39067578125,352.6298708715,548.76080490975,2.556194887850344
2413,1266.339546875,718.850710387,547.488836488,1.7616168792983975
1648,834.75530859375,287.30400384575,547.451304748,2.9054774542454425
8556,824.912078125,277.55775592525,547.35432219975,2.9720375581042036
8724,829.3044257812501,283.05388155325,546.2505442280001,2.929846495305486
3491,1176.49204296875,630.33946676,546.1525762087499,1.866441977922753
133,912.63159765625,366.73265021725,545.898947439,2.4885474326517305
3830,1229.94935546875,684.2872707665,545.6620847022499,1.7974166789535824
471,859.6484218749999,314.25656377875,545.39185809625,2.7354986919055424
639,858.03248046875,312.96122087175,545.071259597,2.741657497810919
2314,848.47352734375,305.33878039025,543.1347469535,2.7787938481988164
4835,1065.420765625,522.61169142325,542.80907420175,2.0386470128229406
1884,1221.3002109375,679.12508250675,542.17512843075,1.7983435461272594
4499,1061.9621015625,519.87387350975,542.0882280527501,2.042730272922348
3322,931.49752734375,391.1618603555,540.3356669882501,2.381360810882266
2247,1088.41403125,548.316476805,540.0975544450001,1.9850106194274855
5197,1219.11260546875,679.2605631735,539.8520422952499,1.794764291891614
1909,1133.2038359375,593.72107532675,539.4827606107499,1.9086468059184234
1599,1095.58751953125,556.7347422795,538.8527772517501,1.9678806339219743
2702,1276.6825859374999,740.2518410765,536.4307448609999,1.7246597892363817
1070,1122.17776171875,586.32388165275,535.853880066,1.913921289785426
1407,1118.55691015625,582.88923377075,535.6676763855,1.918987079245301
2531,1195.64118359375,661.0483816685,534.5928019252499,1.8087044987043488
7862,854.7242734375,321.752581517,532.9716919205,2.6564643762955344
7715,808.5195703125,275.676432393,532.8431379195,2.9328570467969133
1621,1181.51069921875,649.36668893675,532.144010282,1.8194815310496326
8700,856.564453125,324.98996270775,531.57449041725,2.635664324376715
6519,920.9353671875,391.2487922515,529.6865749359999,2.3538356745691233
6012,1045.9566171875,516.95158631675,529.0050308707499,2.023316385614683
1573,1179.71969140625,650.7538406592499,528.965850747,1.8128509059558944
4838,1182.2582890625,653.4576107004999,528.800678362,1.8092348576151653
2555,1185.038,657.230835131,527.807164869,1.80307729773622
7547,804.20480078125,276.52099802675,527.6838027545,2.9082955855495554
5678,1173.86977734375,646.41566426175,527.454113082,1.8159674036804485
1910,1080.8909921875,553.73272775925,527.1582644282499,1.952008498051857
1623,1086.9237539062499,560.4330552985,526.4906986077499,1.9394354806354042
1860,1188.40746484375,662.1292477595,526.27821708425,1.7948270176407897
1525,1214.52969921875,688.64591468075,525.883784538,1.763649027117435
2460,1249.26640234375,724.2754811745,524.9909211692501,1.7248497748302405
7383,804.85877734375,281.27648306425,523.5822942795,2.8614506471145376
1382,1218.44600390625,694.88531366725,523.5606902390001,1.7534490630151112
5510,1178.9912421875001,656.0761947115001,522.915047476,1.797034018143137
7359,837.81096484375,315.04105977925,522.7699050644999,2.6593706952720235
3492,1248.7322109375,726.59801665675,522.13419428075,1.7186011805600738
3134,1256.02108203125,734.07197458275,521.9491074485,1.7110326014477608
5030,1177.47462890625,656.67151324575,520.8031156605,1.7930953351291508
2124,1226.46701171875,706.2278734555,520.23913826325,1.736644865036449
7523,829.1656679687501,309.24103605225,519.9246319165001,2.681292482629505
2439,1191.39883984375,672.0004093515,519.39843049225,1.7729138576278112
1957,1152.01961328125,633.13646651275,518.8831467685001,1.8195439251934276
2436,1242.80330859375,724.359409931,518.44389866275,1.7157274273504748
2223,1125.03852734375,606.8220602895,518.2164670542501,1.8539842222496616
159,820.1256953125,302.3690897045,517.756605608,2.7123331072023973
2127,1105.8028984375,589.27122844375,516.53166999375,1.8765601359518886
132,884.8416757812499,368.41971229424996,516.421963487,2.4017218510632286
5028,1108.3402734375,592.1303527275,516.2099207099999,1.8717842557140063
5508,1126.5341250000001,610.50903844,516.0250865600001,1.8452374202900141
5675,1020.371765625,506.1817710755,514.1899945494999,2.015820841278349
1956,1197.828328125,683.66827850725,514.1600496177501,1.7520607055052022
2603,1183.83048046875,669.7390599505,514.0914205182501,1.767599576450934
3658,921.5811445312501,408.02484482125,513.5562997100001,2.2586397714980864
2650,808.3748359375,296.18375577625,512.19108016125,2.7293017170694522
8196,855.049828125,343.57704000725,511.47278811775,2.488669864605293
806,853.70949609375,342.581773073,511.12772302074995,2.4919874923405434
3133,1268.49838671875,757.62629147975,510.87209523900003,1.6743061840777587
971,837.03412109375,326.478237766,510.55588332774994,2.563828217946513
1286,1172.193765625,663.492146431,508.70161919399993,1.7667032988463551
1069,1147.3162265625,642.0954484735,505.2207780890001,1.7868312686272216
2701,1262.47901953125,760.594803581,501.8842159502501,1.6598575377158018
4163,1100.4156874999999,598.57986020675,501.83582729324985,1.8383773975982718
2415,1189.92291015625,688.4348580884999,501.4880520677501,1.7284466270806351
1978,807.1421054687501,306.52974647925,500.6123589895001,2.6331607685919236
659,781.2127773437501,280.77172841725,500.44104892650006,2.7823769115401333
7691,809.4272187500001,309.65999390125,499.76722484875006,2.6139224700566337
3515,1173.0119843749999,673.60289373325,499.4090906417499,1.7413998567205065
2412,1222.80915234375,723.54111150425,499.2680408394999,1.6900340992531606
327,809.42597265625,310.413081568,499.01289108825,2.6075768648666244
2220,1198.63257421875,700.10449062675,498.52808359200003,1.7120766807732217
1307,805.1987656250001,306.8486017405,498.3501638845001,2.6240913546083564
1983,813.408171875,315.16160694875,498.24656492625,2.580924044553271
2629,1200.27401953125,704.99715433875,495.27686519249994,1.702523209408583
7883,772.38658984375,278.78769910325,493.5988907405,2.770518891463626
1863,1060.737453125,567.83024347225,492.90720965275,1.8680538126511126
2986,908.67352734375,415.81952549025,492.85400185350005,2.1852593960977837
1405,1159.7676640625,669.18085175,490.5868123125,1.733115434036154
1214,1091.6368046875,601.3948015625,490.242003125,1.8151749899335912
1834,757.70603125,267.51601606775,490.19001518225,2.832376317333203
7719,766.7923984375,276.6276424345,490.164756003,2.7719297642032705
1381,1193.5363828125,703.7440610027501,489.79232180975,1.69598075103593
7214,771.6446953125001,281.8808259095,489.76386940300006,2.73748556711962
2608,1013.5472851562499,524.5717290505,488.9755561057499,1.9321424070234907
3827,1091.47649609375,602.5846781305,488.89181796325,1.811324671693772
5700,1129.8173828125,641.504343456,488.3130393565,1.7611998929961927
3850,926.73632421875,440.0258370295,486.71048718925005,2.106095242881215
1000,776.97765625,290.26866552375,486.70899072625,2.6767534558761175
1046,1089.1587890625,604.314028261,484.8447608015001,1.8023059805419448
303,826.20783203125,342.333712112,483.87411991924995,2.413457396645427
4503,1062.59476171875,578.98233898475,483.6124227340001,1.8352800911798763
1527,1081.7009062500001,600.872266997,480.8286392530001,1.8002177232373133
5198,1203.23538671875,722.434302538,480.8010841807501,1.6655291433783086
8198,830.543015625,349.867801105,480.67521451999994,2.3738766774993
3012,902.74560546875,423.86817189475,478.877433574,2.129779170027256
5027,1038.8037656249999,561.92904929575,476.87471632924985,1.848638658347108
1596,1140.4387109375,663.697392166,476.7413187715,1.718311270588734
5867,1018.52256640625,541.86475331425,476.65781309199997,1.8796619604743035
8391,749.51649609375,273.2990302395,476.21746585425,2.7424776908079362
301,823.69313671875,347.86790068325,475.8252360355,2.3678331134694948
1888,957.1294765625,483.12171279424996,474.0077637682501,1.9811352899988235
1575,1036.7602226562499,565.2459154112499,471.51430724499994,1.8341755199907457
1454,1118.05661328125,646.58564786925,471.47096541200006,1.7291701652155584
2584,1025.66252734375,554.4990217475,471.16350559625005,1.8497102524395284
6515,822.870515625,351.795889427,471.07462619800003,2.3390566462451363
8559,751.12506640625,280.78534525025003,470.33972115599994,2.675086418992854
4187,1087.22804296875,617.609806265,469.6182367037501,1.76038014646074
7043,739.83864453125,270.30590266525,469.532741866,2.7370421233843074
1620,1129.3337890625,659.854586533,469.47920252950007,1.711488880125458
2368,934.53631640625,465.06424765275,469.47206875349997,2.0094778713124457
3516,1263.85617578125,794.390364501,469.4658112802499,1.590976213544799
902,1079.9072890625,610.7683523559999,469.1389367065001,1.7681127110281891
1312,816.8759375,349.84533903475,467.03059846524997,2.3349630365774203
1908,1116.189078125,649.39829554425,466.7907825807499,1.7188050601068103
2630,1151.07869921875,684.8475268245,466.23117239424994,1.680780980366957
1380,1165.52851171875,700.68362438725,464.8448873315,1.6634162259387637
7191,773.53395703125,309.26113247275,464.2728245585,2.5012323674336163
976,791.8938046875,328.15585921225,463.73794547525006,2.4131636844007787
1213,1110.213125,647.600580414,462.612544586,1.7143485612318494
2272,942.033078125,480.08422159175,461.94885653324997,1.9622246135051145
1810,766.23234375,304.8316210125,461.4007227375,2.5136248617887147
8027,771.0954140625,309.99930477575003,461.09610928675,2.48741013188043
950,1085.330546875,624.93224726575,460.39829960925,1.736717139957014
7165,1086.13755078125,626.858404314,459.2791464672499,1.7326680819366092
2392,945.001078125,485.89156549874997,459.1095126262501,1.944880593286509
2248,950.1896914062501,491.09592286075,459.09376854550004,1.9348352230992572
5364,1184.7296328125,727.03570492825,457.6939278842501,1.6295343174375252
8055,746.20158203125,289.20699720975,456.99458482150004,2.580164334370846
1936,963.0947109374999,508.508031179,454.58667975849994,1.8939616485713264
4355,1102.19532421875,647.98850766375,454.20681655500005,1.7009488740651326
8367,759.0882421875001,304.922024904,454.1662172835001,2.4894503436970057
6351,990.4569296875001,537.4239201190001,453.0330095685,1.8429714249139022
2199,1039.98567578125,588.2970875247499,451.6885882565,1.7677899416248721
926,1057.005515625,606.23874783525,450.76676778975,1.7435466104002688
1572,1114.8469140625,664.7345422457499,450.11237181675006,1.6771310072423078
2703,1177.31133203125,727.33777114725,449.973560884,1.6186583140809336
467,752.41518359375,302.71937362075,449.69580997300005,2.48552040825396
8387,728.0169921874999,278.981729641,449.0352625464999,2.6095507778046176
4167,1144.4734101562499,695.84378450675,448.62962564949987,1.6447275006168003
134,809.3159296875,362.1516577495,447.164271938,2.234743125247711
5007,1094.56840625,648.70579553625,445.86261071375,1.6873109691549286
3856,957.69305078125,512.1179351055,445.57511567575,1.8700634819866147
2627,1146.01540234375,701.054029924,444.9613724197501,1.6347033920242697
1071,997.4379414062499,553.68533620425,443.7526052019999,1.8014526923227934
5340,1118.402796875,674.75800459075,443.6447922842499,1.6574872585555163
3135,1140.06766015625,696.95419723025,443.113462926,1.6357856270199413
734,1039.95980859375,597.04351107075,442.916297523,1.7418492749160202
803,775.79269140625,333.83455663775,441.95813476850003,2.32388371322563
2579,1143.37203125,701.7324294115,441.63960183849997,1.629356121648133
1285,1147.04431640625,705.90408602725,441.14023037899995,1.6249294167381279
1404,1129.1927734375,689.2365337585,439.95623967899996,1.6383240244702861
807,772.01208203125,332.76061023274997,439.2514717985,2.320022430453059
1498,708.9129140625,269.87956761025004,439.03334645225,2.6267750378921257
1047,1002.3351367187499,563.858954473,438.4761822457499,1.777634507689833
1524,1147.65086328125,709.74303185475,437.9078314264999,1.6169948983720681
3132,1240.3698671875,804.3895566885,435.980310499,1.5420014535641615
2464,989.11576171875,553.140879532,435.97488218675005,1.788180545917051
7717,723.93373828125,288.104633798,435.82910448325003,2.5127458945213594
5507,1007.8635546875,574.418177197,433.44537749050005,1.7545815800102473
4356,1180.09640234375,746.89486305375,433.20153929,1.5800033701380827
2435,1133.638921875,701.99950138775,431.63942048725005,1.614871403781756
6874,701.9590703125,270.44006939675,431.51900091575,2.59561783607987
8031,756.68786328125,325.53612224425,431.15174103699997,2.3244359358347046
6538,711.70191015625,280.7745577655,430.92735239075006,2.5347806200299514
7887,715.7186289062499,286.60571367075,429.11291523549994,2.4972238593653335
5701,1157.23303125,728.122828905,429.11020234500006,1.5893376552977843
2459,1148.94121484375,721.02536987825,427.9158449655,1.5934823672629912
8363,734.6924453125,306.7822182665,427.910227046,2.394833856633251
1215,1008.0098359375,580.80356142575,427.20627451175005,1.735543480015008
1959,991.505046875,564.38620765425,427.1188392207499,1.7567846833805398
3664,959.9771875,534.20817069625,425.76901680375,1.7970095523844618
2126,1048.7623437500001,623.0127179295,425.7496258205001,1.683372284199992
7166,1019.39376953125,593.7906979925,425.60307153875,1.7167560409095017
949,1104.11288671875,679.53027876725,424.5826079514999,1.6248177889834816
758,1037.45337890625,613.94271853925,423.510660367,1.6898211280766309
925,1086.27702734375,663.6120076997499,422.66501964400004,1.636915868162407
6997,1080.30605078125,657.7898669095,422.51618387174994,1.6423269853859783
2102,1060.64035546875,638.440911673,422.19944379574997,1.6612975992219883
8703,760.36580078125,338.33225834325,422.033542438,2.247393737319716
4839,1074.6153203125,653.30007050525,421.31524980725,1.6449031114239887
5003,1019.6967109375,599.07569652275,420.62101441475,1.7021166359344377
5365,1240.27101171875,820.0218947257499,420.24911699300014,1.512485237508279
7859,733.4313828125,313.331994559,420.0993882535,2.340748449592649
7527,740.4179609375,320.8072955615,419.610665376,2.3079835429976234
1931,1072.0452695312501,652.4992095195,419.5460600117501,1.642983243884265
6346,783.3319140625,364.2715710835,419.060342979,2.1504063838474363
2267,1073.655859375,655.0399998385,418.6158595365001,1.6390691530298007
1474,712.88534765625,295.0603094565,417.82503819975,2.416066554506486
4190,1165.3275820312501,747.8345249404999,417.4930570907502,1.558269298366103
6565,1153.58573046875,736.34683526625,417.2388952025,1.566633648238605
1455,1024.70741015625,608.37723847025,416.3301716860001,1.6843289716895449
6949,1110.5105234375,694.3832485475,416.1272748900001,1.5992760830005224
1383,1094.3864296875,678.928333778,415.4580959094999,1.6119321784461225
518,1007.6627382812501,594.62483447725,413.03790380400005,1.6946193266086724
7093,1067.506390625,654.85066316875,412.65572745625,1.6301524134209504
7237,1060.34044921875,647.7399712355,412.60047798325013,1.6369847387359324
7210,680.95006640625,269.95579350775,410.9942728985,2.522450268748356
6370,758.9288828125,348.11312881825,410.81575399425,2.1801213967675883
7117,1079.8370546875,669.08855654575,410.74849814175013,1.6138925744723478
3016,885.44803515625,475.979342565,409.4686925912499,1.860265675658113
2991,1001.69373828125,592.4878689585,409.20586932275,1.6906569553084896
3517,1284.78387890625,875.81250418275,408.97137472350005,1.466962245119077
733,1060.39034375,651.88990391375,408.50043983625005,1.6266402282917662
3490,968.0092617187499,560.257245322,407.7520163967499,1.7277942732085614
494,693.2777578125,285.797282828,407.4804749845,2.425767482904883
5195,977.897609375,570.64704122675,407.25056814824995,1.7136645544662727
3831,1121.28976171875,717.19983637825,404.08992534050003,1.5634272392164301
2172,691.1974414062499,287.528596139,403.66884526724994,2.4039258991414485
5699,975.98397265625,572.37925026225,403.60472239399996,1.7051351363697114
5869,1010.3015234375,607.16433136675,403.13719207074996,1.6639671824912798
901,1069.588109375,666.6193581985,402.96875117649995,1.6044960210291574
7378,671.9949375,269.77831346825,402.21662403175,2.490915323659517
1068,1054.7065234375,652.955502082,401.75102135550003,1.6152808552178586
6181,1126.62140625,725.1058764840001,401.515529766,1.5537336563305677
8051,684.013578125,282.5624415335,401.45113659149996,2.42075193005845
7047,668.55771875,269.03450518625,399.52321356375006,2.4850259107178023
2123,1108.86853125,709.76176912425,399.1067621257499,1.5623108737680853
3177,686.12818359375,287.99554190525,398.13264168850003,2.3824263968539436
7042,668.1993984375,270.520571239,397.6788271985,2.470050218018754
542,1009.87159375,612.3499776745,397.5216160755,1.649173885718066
300,740.8087890625,344.98263413825,395.82615492425,2.1473799362846906
6925,1110.6191015625,715.12254067575,395.49656088675,1.553047256712089
1284,1091.6697109375,696.85438916975,394.81532176775,1.5665678889840604
7863,716.7901601562501,322.16221773300003,394.62794242325003,2.224935509120974
1045,1059.3521875,665.0401181715,394.3120693284999,1.592914708393427
3514,975.4343007812499,581.1949811945,394.23931958674996,1.6783253996759657
6880,674.1126796875,280.51982089424996,393.59285879325,2.4030839430007416
2631,1063.1269375,669.783997347,393.342940153,1.5872683434118382
7018,689.05017578125,296.1593153045,392.89086047675,2.326619957053096
2440,995.0188515625,602.444835935,392.5740156275,1.6516347897091468
3494,1272.5981640625,881.9826822475,390.61548181500007,1.4428833901553897
6371,771.6697734375,381.17916620125,390.49060723625,2.0244279851476876
2342,654.32708984375,264.24921339225,390.07787645149995,2.4761742105786193
8195,724.5840390625,335.0989691305,389.485069932,2.16229861518321
903,966.1535468750001,577.4536029355,388.69994393950003,1.673127573003972
6375,910.3457890625,522.90842455525,387.43736450725,1.7409277505824272
8699,703.45834765625,316.08339678575,387.3749508705,2.2255466518778486
1188,1042.49120703125,655.15957927125,387.33162776000006,1.5912019581544339
2224,928.08825,541.55806683975,386.53018316025,1.7137372797382577
7186,692.5377734374999,306.02726361550003,386.5105098219999,2.2629937051772853
6901,1086.7746796874999,700.57493347575,386.1997462117499,1.55126115167216
7695,721.26853515625,335.139112825,386.12942233125,2.1521466919342505
5534,1066.10965625,680.4584575272501,385.6511987227499,1.5667520079880173
8723,667.21548046875,281.79910829975,385.416372169,2.3676990396695405
1287,1016.53554296875,631.4528113167501,385.0827316519999,1.609836116239885
7354,689.70603515625,304.693373326,385.01266183024995,2.2636069349454053
2513,665.2060546875,280.7354269185,384.470627769,2.3695123184830638
2100,1100.170765625,716.216613014,383.95415261100004,1.5360866309134442
4498,864.80125,481.15121334275,383.65003665725,1.7973585521992579
5679,1065.0259609375,681.4003955759999,383.6255653615001,1.562995804359959
6973,1064.2597734375,680.93502228925,383.3247511482499,1.562938807724419
2725,1248.74919140625,865.72960631625,383.01958508999996,1.442424032692327
6902,1057.71553125,675.06479567875,382.6507355712499,1.5668355637175164
4858,856.036390625,473.5821574515,382.4542331735,1.807577366140721
7238,1005.252390625,623.17022290425,382.08216772075,1.6131264814402573
5363,1035.94323828125,654.471762528,381.47147575324993,1.5828692634452053
927,954.254375,572.89447301825,381.35990198175,1.6656721582718592
517,1025.168046875,643.95248029575,381.2155665792501,1.5919933172897707
2673,641.9809609375,260.858975422,381.12198551549994,2.461026910950331
782,993.9479296874999,613.1826018645,380.7653278229999,1.6209656390188563
2177,668.3787578125,288.84513812025,379.53361969225,2.313969208026884
951,971.3799960937499,592.5211561395,378.8588399542499,1.639401368861253
3757,1272.57125,894.18574429325,378.38550570675,1.4231620853927365
7118,1046.27440234375,668.16250910525,378.1118932384999,1.5658980959272006
6950,1041.71072265625,664.38655471575,377.32416794050005,1.5679286609495058
735,936.9343515625001,559.84242459825,377.0919269642501,1.6735679697037753
3826,931.9887539062499,555.07823115575,376.9105227504999,1.6790223430068543
1955,1069.1161953125,692.391453102,376.7247422104999,1.5440921302229165
2797,1102.50476953125,726.16008004175,376.34468948950007,1.5182668371822308
7215,659.27321484375,283.02119157,376.25202327375,2.3294128925723157
323,708.36116015625,332.42943839024997,375.931721766,2.1308616994197114
5004,1017.189859375,641.67388764475,375.51597173024993,1.5852131080530019
664,666.5145078124999,291.17968639975,375.33482141274993,2.2890144356033546
446,974.99941015625,599.7319456985,375.26746445774995,1.6257253186587477
7094,1002.80301171875,627.66318923125,375.13982248749994,1.5976769505143151
2724,1228.7511796875,853.99148198125,374.7596977062501,1.4388330611892979
1212,1029.0959609375,654.5261358387501,374.5698250987499,1.5722763431692102
5511,1063.62166796875,689.1633060675,374.45836190125,1.543352144638446
5031,1057.8351210937499,683.4507949387499,374.38432615499994,1.5477853378468402
7334,975.0965546875,601.31453004625,373.78202464125,1.6216081673444553
2726,1242.41140625,869.641063617,372.77034263300004,1.428648504308122
2219,1065.65515234375,693.78945893025,371.8656934134999,1.535992132902805
5173,1181.25635546875,810.4153574845,370.84099798424995,1.4575937426429495
1666,644.5574765624999,274.027478721,370.5299978414999,2.3521636487652753
4189,1069.41794140625,699.6723273095,369.74561409675005,1.5284553899539002
5199,1088.1265625,718.59967011925,369.52689238075004,1.5142319238821749
6637,1158.48216796875,788.9956310594999,369.48653690925005,1.468299849702319
2321,670.7976484375,301.626751234,369.17089720350003,2.223932868915751
5339,984.87189453125,616.089551436,368.78234309525,1.5985856124926896
7141,984.51481640625,616.859814328,367.65500207825005,1.5960106201483697
1883,1071.457890625,705.0182940645,366.4395965604999,1.5197589879947377
6180,1029.066421875,662.72542033025,366.34100154475004,1.5527794600204337
541,1028.31020703125,662.62398651425,365.68622051700004,1.551875915160913
7501,1005.6834765625,640.1222560965,365.561220466,1.5710803138202563
3758,1257.2065937500001,892.0407278282499,365.1658659217502,1.4093600809028282
4162,910.01163671875,544.9501904405,365.06144627824995,1.6698987375584928
4691,1037.7634140625,673.47486760325,364.28854645925,1.5409088927323518
2416,977.0979804687499,613.869960301,363.22802016774995,1.5917018946454813
1859,1022.13124609375,659.16796972625,362.96327636749993,1.5506385192951635
472,671.16325390625,309.88517506275,361.2780788435,2.165844983079614
2411,1022.12187890625,661.24080687625,360.88107203000004,1.5457634597433048
759,938.36217578125,578.902368081,359.45980770025005,1.6209333834146988
7406,985.50776171875,626.2202579975,359.28750372125,1.5737398264572664
2942,1243.060171875,884.58841095725,358.47176091775,1.4052413021380095
2941,1266.8792421875,908.43728109675,358.44196109075006,1.3945698477537556
6830,992.65828125,635.20115464125,357.45712660874995,1.562746340169814
3756,1240.60896875,883.25780819425,357.3511605557501,1.4045830739744525
7164,1032.79633203125,676.0576968005,356.7386352307499,1.5276748351381408
254,965.0801484374999,608.54307382325,356.53707461424995,1.5858863379848753
1984,670.0589765625,313.6571565815,356.401819981,2.13627829101395
6566,1100.7630234375,744.9650136165001,355.7980098209998,1.4776036482789205
7333,986.7291328125,631.3529435522499,355.37618926025004,1.5628803846195407
7405,1027.1518046875,672.253821981,354.8979827065001,1.5279225934822696
5870,1009.99141796875,655.20039522175,354.79102274700006,1.5415000109782022
1600,874.5161328125,520.0063127075,354.509820105,1.6817413745949426
565,1012.15596484375,658.679931402,353.47603344175,1.5366430872620231
4359,1133.3394609375,780.0276433445,353.311817593,1.4529478142917707
7404,1031.7697890625,678.52433947075,353.24544959175,1.5206083666013714
1576,885.0229335937499,532.93346839275,352.08946520099994,1.6606630741397939
230,948.9778125,598.1735460660001,350.80426643399994,1.5864590086851393
7502,943.61128125,593.03064174575,350.58063950425003,1.5911678305206134
278,963.2643867187501,612.76542376175,350.4989629570001,1.5719953309919175
6998,1007.1597890625001,657.02624101525,350.1335480472501,1.5329064878342002
1864,853.88965625,503.802794044,350.08686220600003,1.6948886839252746
757,1024.4350898437501,674.8977582274999,349.5373316162502,1.5179115293201402
685,1020.4979140625001,671.24477976675,349.2531342957501,1.5203066650243522
2195,1067.91519140625,719.46878260775,348.4464087985,1.484310668839902
1453,1039.81808203125,691.6000500272501,348.21803200399995,1.503496248282202
4813,1225.16941796875,876.9980951955,348.1713227732499,1.3970035092249913
1330,623.70085546875,276.25037007875,347.45048539,2.2577376205259583
6972,1037.871984375,691.197205262,346.674779113,1.5015569724128661
5654,1136.8469218750001,791.23708168025,345.6098401947502,1.436796816984393
2681,702.00294921875,358.00464244349996,343.99830677525006,1.9608766592144484
1408,899.47890234375,555.67219652275,343.8067058209999,1.618722164531048
7261,1032.3625234375,689.198273965,343.16424947249993,1.497918031628746
6179,953.71859765625,610.8378545355,342.88074312075,1.5613285735543658
7116,1042.6616054687502,699.97217548375,342.6894299850002,1.4895757867212251
1642,639.75283203125,297.0911734335,342.66165859775003,2.1533888822215768
253,979.47885546875,637.182864326,342.29599114275004,1.537202126374855
6926,1052.2783671875,710.06675143125,342.2116157562499,1.4819428787286917
6828,1049.2650703125,707.29534546425,341.96972484825005,1.4834892885380164
3518,1274.67130078125,932.89891886225,341.77238191900005,1.3663552113121382
4354,903.51907421875,563.37373404875,340.14534017000005,1.6037649929501356
6564,1104.9551953124999,764.96384642425,339.99134888824983,1.4444541386276653
1624,870.1558046875,530.1723550355,339.983449652,1.6412696640660662
2700,1121.5327421875,781.97212734725,339.56061484024997,1.4342362106408242
7092,1027.98928125,688.509736885,339.4795443649999,1.4930642584777825
1191,897.744828125,559.36240063325,338.38242749175004,1.6049431021887184
7309,987.49269921875,649.1936761045,338.29902311424996,1.5211064649044546
6974,1006.084765625,669.13551699425,336.94924863075005,1.5035590527921214
3493,1149.29350390625,813.31412647625,335.97937743,1.4130991520737
900,1014.6191054687499,679.26887001775,335.3502354509999,1.4936929230225786
2489,704.14578515625,369.13779454025,335.007990616,1.9075418276410858
519,890.476484375,555.50191978725,334.97456458775,1.6030124308355738
5674,808.84281640625,474.89772093025,333.945095476,1.7031937174149
350,956.7398789062499,622.949052821,333.79082608524993,1.535823632828187
4814,1208.71062890625,875.535422274,333.1752066322499,1.380538807197961
5866,807.47090625,474.36512722099997,333.105779029,1.7022138816953905
7260,1016.09991015625,683.2397428545,332.8601673017499,1.4871791626522162
445,983.46597265625,651.5370173965,331.92895525974996,1.5094552494909061
1505,602.096337890625,270.60030991225,331.496027978375,2.225039342567024
374,941.73058203125,610.629758903,331.10082312825,1.5422284399974973
229,978.0581757812499,647.729091641,330.32908414024996,1.5099803095046913
4504,924.23446484375,593.9414248395,330.29304000425,1.5561037244327602
4863,842.6998359375,513.4896099445,329.210225993,1.641123438480983
5172,1093.11075,764.51971199875,328.59103800125,1.4298006073805285
4186,898.9999375,570.79195620025,328.20798129975003,1.575004563676088
6900,1066.936984375,738.85499768075,328.0819866942501,1.4440410991061186
5366,1195.2110078125,867.5772558565,327.63375195599997,1.3776421619708177
6520,722.3559453125,394.740434047,327.6155112655,1.829951738353058
2704,987.2194765625,659.9695433092501,327.2499332532499,1.495856111960079
6856,664.33066796875,337.68984660825,326.64082136050007,1.9672805465547554
7574,949.24008984375,623.6635271465,325.57656269725,1.522038802982193
924,1003.0125625000001,677.57756330075,325.4349991992501,1.4802918740898605
3131,1127.2798125,802.33409758425,324.94571491574993,1.405000503517337
6182,1092.62367578125,768.32217240375,324.3015033775001,1.4220905156762684
4834,805.7636875000001,481.707396453,324.05629104700006,1.6727243379703716
1817,631.92583203125,308.07314411125,323.85268792000005,2.0512201146356066
1841,635.422734375,311.5720267545,323.85070762050003,2.0394087972354016
686,942.35534375,618.91688117075,323.43846257925,1.5225878803706927
7789,975.8003906250001,652.49018599375,323.31020463125014,1.4955020168515532
131,702.2976484375,378.9936728475,323.30397559,1.8530590268377183
3009,619.3963085937501,296.1704551125,323.22585348125006,2.0913507603826393
7310,938.80378515625,616.38037677825,322.423408378,1.5230916151811627
2940,1250.069875,928.48109426425,321.5887807357499,1.3463600727855685
5605,1208.1445859374999,886.90542251275,321.2391634247499,1.3622022753592191
783,899.5493671875,578.42178954775,321.12757763975003,1.5551789055796996
7068,1030.87884375,710.7266572495,320.15218650049997,1.4504575448021408
1190,912.1342617187499,592.1157037615,320.01855795725,1.5404662541186123
328,629.72752734375,309.80626544275003,319.921261901,2.0326494185362747
732,986.5016406249999,666.89771648125,319.60392414374996,1.4792397915992803
1192,843.07884765625,523.64249590575,319.43635175049997,1.6100275524581709
3110,1165.98571484375,846.67108398325,319.31463086049996,1.3771412955088895
6039,845.2234140625,526.414932699,318.80848136349994,1.6056220292294978
277,989.602359375,671.25013454025,318.35222483475,1.474267649240066
2965,1257.3862578125,939.0640509054999,318.322206907,1.338978161565313
2511,605.59083203125,287.64281400025,317.948018031,2.1053570624759868
7597,960.9902109375,643.0973931032499,317.8928178342501,1.4943151997646131
8199,666.66215625,348.829885492,317.83227075799994,1.9111382999727262
1044,996.86534765625,679.36119329675,317.50415435950003,1.4673569170935188
5026,839.2407382812501,521.87249339075,317.3682448905,1.6081336864879332
5535,1021.99612890625,705.5773504455,316.41877846075,1.448453705058007
7190,629.14918359375,312.742244712,316.40693888174997,2.0117179313635956
543,898.2136914062501,581.9811682452499,316.23252316100013,1.5433724300239997
7790,921.538734375,605.416669146,316.122065229,1.5221561939362607
3321,675.9947578125,359.88777336375,316.10698444875,1.8783487686059894
6494,1024.65451171875,711.057772973,313.5967387457499,1.4410284919515663
6514,641.800671875,328.25334383,313.54732804500003,1.9551991837505385
7500,965.33280078125,651.929716185,313.40308459625,1.4807313968590186
948,1003.3153046875,690.40492180175,312.91038288575,1.4532273330495968
1528,877.7335234375,564.99822529675,312.73529814075005,1.5535155378992187
3108,1210.2536484375,898.12127311625,312.13237532125004,1.3475392280718301
7546,596.62026171875,284.77356457325,311.84669714550006,2.0950689735465855
6831,913.4992578125,601.886963232,311.6122945805,1.517725606465183
8318,899.02685546875,588.80990211325,310.2169533555,1.526854169257805
5194,835.6726484375,526.3159535865,309.35669485100004,1.5877775339226532
3185,721.26221875,411.99968323875,309.26253551125,1.7506377949844139
567,878.79173828125,569.714287263,309.07745101825003,1.5425130743351994
7167,864.2105234375,555.32821459025,308.88230884725,1.556215764255637
4117,1234.6025078124999,926.12669529275,308.47581251974987,1.3330816536814745
7522,615.8698203125,307.5196064635,308.350213849,2.002700983499397
6636,1126.56322265625,818.8234055065,307.73981714975,1.3758317284342398
7838,897.6168554687499,590.17569734275,307.4411581259999,1.520931576798763
4789,1221.1361328125,913.865711294,307.2704215184999,1.3362314795104686
2964,1243.2122265625,936.25559746975,306.95662909275006,1.3278555862250128
4812,1182.75162890625,875.844486396,306.9071425102501,1.3504128254808399
7621,946.57959765625,639.8471095865,306.73248806975005,1.4793840309579445
8654,909.48411328125,603.36881209675,306.1153011844999,1.5073435907523687
7596,962.6899687499999,657.18461366025,305.50535508974997,1.4648699121595985
2101,974.834484375,669.58814978275,305.24633459225004,1.455871767198115
1673,562.1189609375,256.97970155,305.1392593875,2.1874060688825403
160,604.661111328125,299.7613159745,304.899795353625,2.017141896195906
7048,573.185728515625,268.43893303975,304.746795475875,2.135255567773744
6948,1034.2883203125,729.64570748375,304.64261282875,1.417521282297153
8317,945.3109453125,642.01421820375,303.29672710875,1.472414343851932
4672,912.81570703125,609.937022433,302.87868459824995,1.4965736985328624
6492,1084.18545703125,781.64145951675,302.5439975145,1.3870623704050775
1162,586.2073828125,284.182496656,302.0248861565,2.0627849626478336
3657,669.48553125,367.6531968685,301.8323343815,1.820970238070546
1337,566.838986328125,265.70156064225,301.137425685875,2.1333671613542755
7216,584.923537109375,284.53085171175,300.39268539762503,2.0557473171527874
3109,1191.3023007812499,891.05904818875,300.24325259249986,1.3369510156098536
373,967.76724609375,667.73656597175,300.03068012200004,1.44932491938051
5171,967.8604140625,669.5646661212501,298.29574794124994,1.4455070011739914
2943,1167.815234375,870.0892348255,297.7259995495001,1.3421786941968448
7332,973.42128125,676.362444048,297.05883720199995,1.4392006658218854
7622,890.0566875,593.019022328,297.03766517199995,1.5008906164679776
7690,604.88604296875,308.01628782349997,296.86975514525,1.963811866181411
2173,583.41292578125,286.64400828025,296.76891750100003,2.035322235570781
8630,897.1025078125,600.54799172525,296.55451608725,1.4938065211766072
853,977.12306640625,680.8202786295,296.30278777675005,1.4352143959900798
6996,991.29526953125,695.52699585975,295.7682736715001,1.4252434111211654
7236,986.2620039062499,690.53439543925,295.72760846699987,1.4282590541353526
2537,729.5186640625,435.797611836,293.7210522265,1.6739849934355504
7384,573.247046875,279.658960012,293.588086863,2.0498075398714017
5506,803.8318476562499,510.41450885800003,293.4173387982499,1.5748608868503369
6011,775.18061328125,481.818296854,293.36231642725,1.6088650363298247
8101,941.4691953125,648.44896255275,293.02023275975,1.4518786338316252
3153,607.5364921875,315.093816627,292.4426755605,1.928113019680653
1072,810.66221484375,518.22092938625,292.44128545750004,1.5643177789818954
7189,613.68730859375,321.64992421200003,292.03738438175,1.9079354928786867
5367,1110.66969921875,819.00473740325,291.6649618155001,1.3561212129054792
4358,1169.61153515625,878.6315718175,290.97996333875005,1.3311740339647335
1649,581.53316015625,290.9912099215,290.54195023475,1.9984560987758795
2966,1232.115984375,941.8073743575,290.3086100175,1.308246268412691
7069,1003.60574609375,713.4419586765,290.16378741725,1.4067097294765514
1456,864.17008984375,574.0209993285,290.14909051525,1.5054677256567335
7837,936.74128515625,646.82164878,289.91963637624997,1.448221910127558
8102,888.6439843750001,600.16305682775,288.4809275472501,1.4806709156531352
684,971.7025234375,683.46608123375,288.23644220375,1.42172749854933
4790,1207.0662890625,918.9194371132501,288.1468519492498,1.3135713959222373
447,853.2079609375,565.07434015425,288.1336207832501,1.5099039167035855
7572,971.7344375,684.60940931375,287.12502818625,1.4193997670214076
2894,1204.65053125,917.59217174225,287.0583595077501,1.3128387174989387
8653,941.96987109375,655.59487002425,286.37500106950006,1.436817023327364
5245,1208.5071953125,922.242254664,286.2649406485,1.31040102303965
7335,845.99490234375,559.78555224325,286.20935010050005,1.5112839147817918
7573,958.71821484375,672.6186846740001,286.09953016975,1.4253517412812624
566,890.3227734375,605.862493267,284.4602801705,1.4695129371139783
1481,593.67021484375,309.22176131325,284.44845353050005,1.9198849731745145
8678,883.19094921875,598.7585774745,284.43237174424996,1.4750368194622256
3755,1147.8937265625,863.7196293244999,284.17409723800006,1.3290119690011395
2554,950.9063906250001,666.8175164835,284.0888741415001,1.4260369076889612
4840,930.57502734375,647.01658726825,283.5584400755,1.4382552846665781
2649,571.13646875,288.23984122125,282.89662752874995,1.981462605407622
5604,1139.29798046875,856.4245451775,282.87343529124996,1.3302958042874946
1118,951.574328125,669.38016244875,282.19416567625,1.4215753320539737
135,631.32195703125,349.2522559355,282.06970109575,1.8076388756103092
7285,980.27002734375,698.8968688855,281.37315845825003,1.4025961047791604
7284,982.9895625,701.65124031475,281.33832218525004,1.4009660421295342
1571,966.29167578125,685.4388561695,280.85281961174996,1.4097416066715616
7788,937.5993671875,657.7943308915,279.805036296,1.4253685714977438
2530,959.9063046875,680.122458826,279.7838458615,1.4113727473918136
2723,1090.22983203125,810.47991077675,279.7499212545,1.345165766837116
7620,933.457,653.81219164175,279.64480835825,1.4277142740766822
3759,1170.48990234375,891.4451361685,279.04476617524995,1.3130251695147284
5002,827.1706171875,548.14472648875,279.02589069875,1.5090368942835022
2795,993.68062890625,714.713742807,278.96688609925,1.3903197434168577
8629,924.50021484375,646.0061977415,278.4940171022499,1.4311011514205139
1547,957.21755859375,679.19616564125,278.02139295250004,1.4093388708704981
1117,997.2230078125,719.2163910197501,278.0066167927499,1.3865409894399567
4168,969.9453398437499,692.0830967615,277.86224308224996,1.4014868199801125
8077,936.08420703125,658.5149785575,277.56922847375006,1.4215078412647004
1379,983.6898046875,706.3909569935,277.29884769399996,1.392557186011647
7045,545.343939453125,268.12183358225,277.222105870875,2.0339408027056196
6040,795.8176953125001,518.73508934775,277.0826059647501,1.5341504943862565
2602,955.892859375,678.836203668,277.0566557069999,1.4081347647662674
8486,897.04471875,620.0895719675,276.95514678250004,1.4466373212132948
2985,626.8998750000001,350.27587739475,276.62399760525005,1.78973179047603
5606,1182.4206875,906.480729937,275.939957563,1.304407967147597
687,862.0360546874999,586.19329184,275.8427628474999,1.4705662197380183
516,931.9670390625,656.1484124145,275.8186266480001,1.4203601197672344
7024,601.987177734375,326.6345470455,275.35263068887497,1.8429990989517695
4815,1118.35192578125,843.44938319425,274.90254258699997,1.3259265425270483
2963,1137.0013984375,863.48056169525,273.52083674225,1.3167654809605533
4116,1201.49465234375,927.97411299325,273.52053935050003,1.2947501813100033
349,953.56089453125,680.49409200875,273.0668025225,1.4012772547593426
4690,878.23042578125,605.473822882,272.75660289924997,1.4504845480362287
4692,1015.21551953125,743.02552598125,272.18999355000005,1.3663265697692089
4788,1175.227421875,903.1702187455,272.05720312949984,1.3012247261719518
5484,1146.02154296875,874.33933879825,271.6822041705001,1.3107285590434368
8341,921.25416015625,650.346303162,270.90785699425,1.416559384224266
375,843.34007421875,572.71467453325,270.62539968550004,1.4725309307527747
7741,920.85238671875,650.25476761325,270.59761910550003,1.4161409207080227
156,603.35834375,333.07243446374997,270.28590928625005,1.811492875145673
540,943.75155078125,673.92641067575,269.82514010549994,1.4003777481202537
1403,977.939359375,708.279348302,269.66001107299996,1.3807255009464081
5628,1155.7214140625001,886.1672143625,269.55419970000014,1.3041798365218633
8438,875.6929921875001,606.511022739,269.1819694485,1.443820405421579
8532,596.0221328125,327.12082769875,268.90130511374997,1.8220244035924256
1619,944.1633554687501,675.683979273,268.4793761957501,1.3973445916051983
854,893.5592421875,625.27342239825,268.28581978925,1.4290696017930271
710,878.06283984375,610.0728981457501,267.98994169799994,1.439275275255221
640,569.4205429687499,301.5562100445,267.86433292424994,1.8882733039934694
711,840.5499140625,572.74058430425,267.80932975825,1.4675927210850352
1288,854.2959999999999,586.85376022075,267.4422397792499,1.4557221175901252
1048,798.39238671875,531.23712041875,267.1552663,1.5028926905305884
231,832.2851406249999,565.27912301975,267.0060176052499,1.4723436710461664
564,933.83166796875,666.92918009475,266.90248787400003,1.4001961444180404
279,840.125,573.399051867,266.725948133,1.4651663545647102
6854,609.861783203125,343.40623833025,266.455544872875,1.7759193437852119
5246,1191.206140625,925.2676462344999,265.93849439050007,1.2874179100343066
6903,904.61357421875,639.36656136125,265.24701285750007,1.4148590612526155
7286,962.36322265625,697.810399343,264.55282331325,1.3791184857422767
8510,873.7963203125,609.4458764352499,264.3504438772501,1.4337554041545482
3107,1116.85480859375,853.25312474,263.60168385375005,1.3089372601186038
8342,857.4102265624999,594.69065494625,262.71957161624994,1.4417751783878632
1306,566.96551953125,304.74035538375,262.22516414750004,1.860487157852136
2657,620.04623046875,358.24440936574996,261.801821103,1.7307910815292644
7095,864.42839453125,602.78526233275,261.6431321985,1.4340569471653914
2939,1140.84997265625,879.96570820525,260.8842644509999,1.2964709428127832
7070,961.27557421875,701.3323453925,259.94322882625,1.3706420061235463
5362,838.6638515625,579.36179969575,259.30205186674993,1.4475649767647032
5702,1064.320859375,805.2120133295,259.10884604550006,1.3217895913553401
6951,896.052375,637.020489939,259.031885061,1.4066303796274655
8437,909.5760234375,651.9177135555001,257.6583098819999,1.39523133538054
2578,954.95290234375,698.1506593355,256.80224300825,1.3678321264995186
7909,912.80237109375,656.201864538,256.60050655575003,1.3910389760098762
7262,928.33075390625,672.5105101785,255.82024372775004,1.3803959023323717
3519,1204.53890625,948.7742074062501,255.76469884375,1.2695738307150901
2150,579.2697578125,323.72942459975,255.54033321274994,1.7893639317443228
1691,919.098890625,664.02550826425,255.07338236074997,1.3841319012629123
8413,903.60589453125,649.0271589465,254.57873558475,1.392246658222647
1523,975.96244921875,722.91278483675,253.04966438199995,1.350041759310015
2626,951.06843359375,698.6859551269999,252.38247846675006,1.361224488990408
8677,904.408796875,652.15691321625,252.25188365875,1.3867963018714624
5032,940.9721875,689.2006815855001,251.77150591449993,1.365309424781752
351,835.26089453125,584.5958949010001,250.6649996302499,1.428783370509155
7598,843.6134296875,592.957332394,250.6560972935,1.4227219770751154
155,589.83737890625,339.5369996745,250.30037923175001,1.737181449251543
5629,1186.9252109375,936.81256451275,250.11264642474998,1.2669825903625178
7360,566.52028125,316.7123291195,249.80795213050004,1.7887534755474914
7119,891.8049453125,642.16297677675,249.64196853574992,1.388751728416425
7910,853.7823125,604.56599803375,249.21631446624997,1.4122235022554377
5871,943.43506640625,694.2652355415,249.16983086475,1.3588971717869611
6567,957.20660546875,708.40578775775,248.80081771100004,1.351212286318684
228,905.60622265625,658.423194007,247.18302864925,1.3754166461991395
8560,530.081943359375,283.48609524175,246.59584811762505,1.8698692824332879
7407,844.06777734375,597.48132998025,246.58644736349993,1.4127098765729484
3832,962.03677734375,715.568728231,246.46804911275,1.3444365831603928
7720,519.504248046875,273.14869273825,246.35555530862496,1.9019100583534179
3348,569.87819921875,324.30317468375,245.57502453499995,1.7572390341760846
7239,836.84459765625,591.5338934535,245.31070420275,1.4147027000530292
2561,690.75487890625,445.588983439,245.16589546725004,1.5502063628792704
7882,531.1690390625,286.36691021125,244.80212885125002,1.85485479735004
994,543.49846875,298.7429507675,244.7555179825,1.819284657711301
8727,523.22475,278.51546880675,244.70928119324998,1.8786200650292184
7091,923.1476796874999,678.6605228635,244.48715682399995,1.360249561050311
5244,1143.22872265625,899.0230353655,244.20568729075,1.2716345148151105
4791,1118.1853203125,873.99045941625,244.1948608962499,1.2794022028340546
8392,516.185,272.217246826,243.96775317399994,1.896224446181834
4238,1238.29989453125,994.5384813245,243.76141320674992,1.2451000303547983
6999,872.2360703125,629.23473676575,243.00133354675006,1.3861855011526938
4360,952.0001953125,709.376846585,242.6233487275,1.3420232117153048
4237,1247.50647265625,1005.05031382625,242.45615883000005,1.2412378308362753
3205,1278.3829921875,1036.129303683,242.2536885044999,1.2338064239758342
86,870.1237539062499,628.07800672075,242.04574718549998,1.3853752928937388
6924,1001.10806640625,759.25487433275,241.85319207350005,1.3185401884545105
1169,529.549662109375,287.73082594975,241.81883615962505,1.840434227097456
5485,1173.8065390625,932.409359375,241.39717968749994,1.2588961339796223
3204,1254.16443359375,1013.22196718975,240.9424664039999,1.2377983037956375
1384,893.4547109375001,652.747050305,240.70766063250005,1.3687610065051492
7115,931.163234375,691.09878410275,240.06445027225004,1.3473663309024022
7714,522.180400390625,282.1707100855,240.009690305125,1.850583281240696
1187,912.0514921875,672.29224483925,239.75924734825003,1.3566294983053817
6827,944.8731875,705.5839257075,239.28926179249993,1.3391364963613994
252,886.0137265625,646.86721954625,239.14650701624998,1.3696995278479278
4118,1155.56221484375,916.6762302989999,238.88598454475016,1.2606001719999116
970,563.75175390625,324.93956499175,238.81218891449998,1.7349433953529785
7163,923.39262109375,684.9422713712501,238.45034972249994,1.3481320373131473
5843,789.8551132812499,551.85131640775,238.00379687349994,1.431282463891709
2369,660.96464453125,422.97385968574997,237.9907848455,1.5626607361969258
6971,925.9620390625,688.02281634625,237.93922271625001,1.345830422650803
658,522.935072265625,285.18882944325003,237.74624282237494,1.8336449974315676
8414,844.8973203124999,607.532631446,237.36468886649993,1.3907027790603461
8509,894.1955390625001,657.23881284725,236.95672621525011,1.36053367546598
304,572.643873046875,335.69862707925,236.945245967625,1.7058272663291558
255,815.715171875,578.83395356775,236.88121830725004,1.4092386347379076
2609,723.787765625,488.19166938825,235.59609623675004,1.482589338423953
709,899.38837890625,663.8985614395,235.48981746674997,1.3547075258024976
136,577.116201171875,341.72895968275,235.38724148912502,1.6888126777983294
4239,1152.7123125,917.34948862,235.36282388000006,1.2565683259686513
3849,668.42616796875,434.33318791675,234.09298005199997,1.5389709675096215
4191,999.666078125,766.191159427,233.474918698,1.304721497397443
1960,736.19086328125,503.010388935,233.18047434625004,1.4635698944039348
6178,789.36384765625,556.9140879465,232.44975970974997,1.4173888995149488
7503,789.95063671875,557.92682120625,232.02381551250005,1.415867825810904
7836,895.82005859375,664.19680248825,231.6232561055,1.3487268440453997
5655,994.2544843750001,762.772293644,231.48219073100006,1.3034748264408804
4021,1208.1839296875,977.05732951725,231.12660017025007,1.2365537742272428
8485,911.116421875,680.0518509635,231.06457091150003,1.3397749292856889
8270,827.14312890625,596.45730103175,230.68582787449998,1.3867600012418329
8026,534.40215234375,304.11567938925,230.28647295450003,1.7572331412170101
7858,541.3870703125,311.5966333,229.79043701249998,1.7374612262058697
8076,895.54492578125,666.6550432729999,228.88988250825003,1.3433408079254223
4236,1211.2466796875,982.74751515475,228.49916453275011,1.2325105480060752
6995,916.8834296875,688.9190194170001,227.9644102704999,1.3309016045637903
1021,926.70844921875,699.1739866815,227.53446253725008,1.3254332477267454
2699,979.60664453125,752.36848651775,227.23815801350008,1.3020304023673495
7023,551.594765625,325.5620738545,226.03269177050004,1.6942844644036577
1911,746.09721875,520.80824398625,225.28897476375005,1.4325756666346516
276,910.3610156249999,685.258219612,225.102796013,1.3284933886848698
5846,848.56171484375,624.36770881425,224.19400602949997,1.3590736700592634
3085,1113.97225,890.025876475,223.946373525,1.2516178216754046
3203,1165.7174296875,941.8781025569999,223.83932713050012,1.2376521179175644
5698,708.3265078125,484.69022016075,223.63628765175002,1.4614004510265948
2798,928.7994375,705.1631799617501,223.63625753824988,1.3171411420449368
3495,1134.8771640625,911.39897502075,223.47818904175006,1.24520346623328
444,889.044921875,665.7601569755,223.28476489950003,1.3353831875107747
7908,891.49961328125,668.72716505125,222.77244823,1.333129052533402
8368,520.9841992187501,298.766653102,222.21754611675004,1.7437829559147662
6376,761.71089453125,539.86468439225,221.84621013900005,1.4109292849518635
7067,902.72480859375,681.090125345,221.63468324874998,1.3254116800050084
952,777.43743359375,555.84563159425,221.59180199950003,1.398657087517777
4478,1209.03463671875,987.52382758675,221.51080913200008,1.2243093297799257
2249,662.693421875,441.3282056775,221.3652161975,1.5015886404905507
3805,1258.09948828125,1037.8650234465,220.23446483475004,1.212199523682959
6495,893.05880078125,672.87674711875,220.18205366250004,1.3272249387099375
6947,943.58202734375,724.56997396925,219.01205337450006,1.3022648742570304
8246,815.0863046874999,596.3382535544999,218.748051133,1.366818745003065
2273,647.548921875,428.99758095875,218.55134091625,1.5094465542634798
2796,966.95834765625,748.4516059395,218.50674171674996,1.291945048538606
2388,867.7277890625,650.353800544,217.37398851850003,1.3342395892857613
8655,780.3343359375,563.2489273835,217.08540855399997,1.385416459072591
8078,832.6698671875,616.078127223,216.5917399645,1.351565376276596
7140,878.6677109375,662.2777546375,216.3899563,1.3267359555081324
8293,870.34901171875,654.255466555,216.09354516375004,1.3302892446146568
1889,654.6932734375,438.96162275575,215.73165068175,1.49145902057668
2727,1074.0766914062501,858.37437406475,215.70231734150013,1.251291653860507
8340,880.43207421875,664.872764573,215.55930964574998,1.3242113676591594
928,757.3199609375,543.3580456775001,213.96191525999996,1.3937770233979676
7599,770.2267460937501,556.48334699175,213.74339910200013,1.384096665018571
1595,896.24905859375,682.642650649,213.60640794475,1.3129110178345285
3206,1260.002359375,1046.4925840395,213.50977533550008,1.204024163561026
6927,904.57461328125,691.4824147745001,213.09219850674992,1.308167196512256
8100,870.9391015625,658.18794015375,212.75116140875002,1.3232377062937595
7575,798.62115234375,586.178726592,212.44242575175008,1.3624191987048992
2585,722.784140625,511.21738118075,211.56675944424995,1.4138489140211723
5607,1090.78359375,879.543297436,211.24029631399992,1.2401704335529888
4022,1218.4092343749999,1007.84702271525,210.5622116597499,1.2089227885830822
1283,903.5245898437499,693.39761815525,210.1269716884999,1.3030396483686988
6352,761.533640625,551.843138458,209.69050216699998,1.379982074929753
5773,1172.15482421875,962.62939133825,209.52543288050003,1.217659499645609
6544,563.56619140625,354.05791525025,209.50827615600002,1.5917344748985036
4115,1077.0653046875,867.8820529205,209.183251767,1.2410272799420756
8316,872.6094257812499,663.7264860955,208.88293968574988,1.3147123743694966
1116,928.8619726562499,720.464698858,208.3972737982499,1.2892539673898304
6899,947.195421875,738.83685791025,208.35856396474992,1.2820088906664309
8679,770.53180859375,562.48920035325,208.04260824050004,1.3698606244172975
1001,494.058376953125,286.11687857124997,207.94149838187502,1.7267711632165086
3806,1241.7355976562499,1034.05842300125,207.67717465499982,1.2008369825482401
2893,1199.62976171875,992.2448690335,207.38489268524995,1.2090057585062126
8319,760.35794921875,553.01917594375,207.338773275,1.374921487209275
4142,1129.3430546875,922.24308673925,207.09996794824997,1.2245611484667525
6975,858.65043359375,651.86093922475,206.78949436899995,1.317229458935985
7142,794.01516796875,587.41974515825,206.59542281050005,1.3516998248043974
7403,895.89790234375,690.02120679,205.8766955537501,1.2983628506334348
1119,833.97378125,628.35590116025,205.61788008974997,1.327231555210746
2486,577.32676171875,372.1332883935,205.19347332525007,1.5513977872274551
2434,912.60127734375,707.58239424375,205.01888310000004,1.2897455949697203
7311,787.820234375,583.98232655075,203.83790782425,1.349048074244226
1937,660.62919921875,456.88296020725,203.74623901150005,1.4459484273021013
2967,1155.71089453125,951.9746622435,203.73623228775,1.2140143421397314
8631,768.5591093749999,565.23820178325,203.32090759174991,1.3597083593971384
1067,877.3901796875,674.519771537,202.8704081505,1.3007627284037426
7888,488.8101484375,285.9589440085,202.851204429,1.7093717716120764
372,888.4029140625,686.280917132,202.12199693050002,1.2945178724780217
4161,655.679953125,454.66686182175,201.01309130325,1.4421107116883867
2458,916.85033203125,715.874004054,200.97632797724998,1.2807425965440522
4497,612.448166015625,412.33124315775,200.116922857875,1.485330482938892
2410,861.6207890625,661.70263846525,199.91815059725002,1.3021268734227998
4093,1187.9375078125,988.2549310329999,199.68257677949998,1.202055734109741
3590,1254.4928203125,1055.07652000375,199.41630030875012,1.189006479946151
5341,946.2799609374999,746.94735747775,199.33260345974998,1.2668629859887077
6635,997.91923828125,799.00737697825,198.91186130300002,1.2489487153501788
3825,674.0200859375,475.74376257275,198.27632336475,1.4167712486144444
85,889.2650703125,691.3091096432499,197.9559606692501,1.286349415365083
4479,1139.7187890625,941.86275408525,197.85603497725003,1.2100688586622599
5627,1028.24890234375,830.4967230987501,197.75217924499987,1.2381131345937568
348,893.03173828125,696.15593151825,196.875806763,1.2828041772923322
3857,707.76433984375,511.13584737425,196.62849246950003,1.384689299517748
2387,850.93112109375,654.667709589,196.26341150475002,1.2997908821991133
8704,531.08083203125,335.324542612,195.75628941924998,1.5837815696716708
3346,476.43763476562503,282.369068328,194.068566437625,1.6872869110610513
8056,486.487677734375,292.77148239975,193.71619533462496,1.6616634655982698
1694,745.1567421875,551.4498116715,193.70693051599994,1.351268465533765
8386,476.355037109375,283.77711957225,192.57791753712502,1.678623830380626
3995,907.9674765625,715.401902695,192.5655738675,1.2691711775897052
3083,1054.9223671875,862.5780742022499,192.34429298525004,1.222987689479762
7933,848.81536328125,657.00789729575,191.80746598550002,1.2919408815069655
7235,877.78200390625,686.0326085665,191.74939533974998,1.279504781064147
4240,958.6752421875,767.86681866175,190.80842352574996,1.2484915582233418
7308,877.0506796875,687.19052858875,189.86015109874995,1.2762845847313582
760,734.99202734375,546.33882842,188.65319892374998,1.3453043931071613
2465,691.8377499999999,503.369543222,188.4682067779999,1.374413207833806
7263,807.23065625,618.9915192139999,188.2391370360001,1.3041061628290505
5990,1147.0458437500001,959.25938167175,187.7864620782501,1.195761922656647
5486,1155.60130859375,968.84906018875,186.75224840500005,1.1927568027736544
8412,844.9794375,658.322930393,186.65650710700004,1.2835333499807429
3489,700.86140234375,514.22918599,186.63221635374998,1.3629358660992912
8487,773.85769921875,587.27426475075,186.58343446799995,1.3177108965084285
3160,636.0038886718751,449.836317592,186.16757107987507,1.4138562458953619
1977,487.642140625,303.50374402925,184.13839659575,1.606708808743048
6491,960.91168359375,777.39570808925,183.51597550450003,1.236065072599251
6345,488.550107421875,305.29745778525,183.252649636625,1.6002429544149175
1696,645.43751953125,462.89082290925,182.546696622,1.3943623122194109
2266,849.4956328124999,667.09934251425,182.39629029824994,1.273416982150506
6537,455.676361328125,273.31357265025,182.36278867787496,1.667229165541695
7839,739.036390625,557.76077006425,181.27562056074999,1.3250060401610215
8652,848.06469140625,666.8238336815,181.24085772474996,1.2717972083456155
4811,1050.01156640625,868.88460235275,181.12696405350005,1.208459169784559
3665,714.6392812500001,534.098489722,180.5407915280001,1.3380290221077824
904,720.6713593750001,541.838937059,178.83242231600002,1.3300471943869918
7864,495.79091796875,317.33939199025,178.4515259785,1.5623365044502457
6369,484.774529296875,306.52647110975,178.24805818712503,1.581509505395359
5989,1157.56477734375,979.39018363525,178.17459370849997,1.1819240130274093
8439,747.7968242187501,569.71613691225,178.08068730650007,1.312577921627926
7740,832.2767265625,654.35638197425,177.92034458825003,1.2719012883767522
466,487.13592578125,309.24394676099996,177.89197902025006,1.5752480503118347
4477,1156.2064921875,979.276122684,176.93036950350006,1.1806746475528216
8460,830.84890625,654.110215991,176.738690259,1.270197108481233
3589,1269.3222265625,1092.59723233675,176.72499422574992,1.161747611867951
8103,742.06709765625,565.46187291575,176.60522474050003,1.3123203029012935
2105,659.99884375,484.05516902475,175.94367472525,1.3634785549677197
8676,832.70522265625,657.18070480225,175.524517854,1.2670871425534767
3300,1232.6252226562501,1057.15926964125,175.4659530150002,1.16597872892754
802,511.953908203125,337.182104337,174.77180386612503,1.5183305996961127
2944,972.61416796875,797.93548185075,174.6786861180001,1.2189132942101197
7499,840.8222929687499,666.35511064525,174.46718232349997,1.2618231304517729
736,700.23036328125,525.85598186725,174.37438141400003,1.331601020232226
3017,646.2604453125,471.9015161695,174.358929143,1.369481601137495
5532,759.3494960937501,585.7324453865,173.6170507072501,1.2964101626575892
3513,691.2634609375,517.66061918075,173.60284175674997,1.335360338393393
8362,482.43923046875,309.02947261825,173.4097578505,1.5611431001067437
2340,441.38405078125004,268.2373430075,173.14670777375005,1.6454981405158442
4764,1169.2463515625,996.1681084060001,173.07824315649987,1.1737440101949297
8268,836.036578125,664.15077986625,171.88579825875001,1.2588053830706332
5603,1002.5769726562501,831.30069516075,171.27627749550004,1.206034082837313
2632,789.18951953125,618.42408243025,170.76543710099997,1.2761299902064052
7259,854.86884765625,684.518233599,170.3506140572499,1.2488620528232437
3302,1251.26526171875,1081.0504340625,170.21482765625,1.1574531780715753
8032,492.06174023437495,321.8736913,170.18804893437493,1.5287417145473088
5847,832.39942578125,662.59267292,169.80675286124995,1.2562762290392484
1672,428.7526640625,259.717568547,169.03509551550002,1.6508419696454555
6923,919.3532460937499,750.44828905425,168.9049570394999,1.2250720779539517
5460,1134.03745703125,965.438783092,168.59867393924992,1.1746342447779512
8484,866.7060234375,698.146625944,168.5593974935,1.2414383884247007
4235,1094.62644921875,926.1374624335,168.48898678524995,1.1819265416179205
3084,1053.1044296875,884.81616832675,168.28826136074997,1.1901957335259812
1692,815.848640625,647.74910648375,168.09953414125005,1.2595133381105694
1211,835.547859375,667.987979633,167.55987974200002,1.2508426552573844
3087,1093.5370703125,926.394566951,167.14250336149996,1.180422584656542
5247,1055.4120390625,888.287440543,167.12459851950007,1.1881424747255194
7932,841.26883984375,674.17956483725,167.08927500649997,1.247840905410705
4816,941.4618203125,774.910521545,166.55129876749993,1.2149297150082616
8436,827.4441953125,661.208160401,166.23603491150004,1.2514125560084908
977,490.753876953125,324.6796677195,166.07420923362497,1.5115017176425087
5988,1134.3329335937499,968.83310826275,165.4998253309999,1.1708238733262737
4668,684.99248046875,520.42920617825,164.5632742905001,1.3162068366277073
5343,985.70503125,821.27946518,164.42556607000006,1.200206594516224
8343,722.4787109375,558.169278051,164.30943288649996,1.2943720445630025
3277,1265.67287109375,1101.812722917,163.86014817675004,1.1487186920425267
3804,1205.199234375,1041.56501498675,163.63421938825013,1.1571041806096256
8194,496.103908203125,332.55626070225,163.54764750087503,1.4917894062909132
2728,963.4988906250001,800.28850347475,163.21038715025009,1.203939435888023
7623,722.40370703125,559.2682631855,163.13544384574993,1.2916944394893122
2225,657.56203125,494.64104464400003,162.92098660599999,1.3293721518679962
14,811.8112968749999,649.3791387825,162.4321580924999,1.250134547202893
8415,740.07386328125,578.5493616335,161.52450164775007,1.2791887971538096
1452,857.88341015625,696.4863513545,161.39705880174995,1.2317303953711953
7071,857.8168828125,696.42598827375,161.39089453875,1.231741629440125
7791,736.0585859375001,574.71919072275,161.33939521475008,1.2807273474392373
1985,471.332345703125,310.0388892415,161.293456461625,1.5202362043548407
5461,1199.6598046875001,1038.549217284,161.11058740350018,1.1551304296099745
4787,1049.5461445312499,888.9911170935001,160.5550274377498,1.1806036339058938
2487,532.890392578125,372.4949428695,160.395449708625,1.430597653333029
5268,1141.07532421875,981.4621695315001,159.6131546872499,1.1626279223791307
5630,1111.93362890625,952.5536916157499,159.37993729050015,1.167318585320725
6014,736.8435625,577.51350414325,159.33005835675,1.275889751387249
3276,1219.8760273437501,1061.46025233375,158.41577501000006,1.1492432462849742
3130,948.31082421875,790.50894245725,157.8018817615,1.1996206141215324
7475,810.0273828125,652.563426347,157.46395646550002,1.2413006136517188
5483,1006.14960546875,848.74387424025,157.40573122850003,1.185457279658064
2892,1218.29519140625,1061.04364662025,157.25154478600007,1.1482045947296229
756,848.43316015625,692.04588869375,156.38727146249994,1.2259781797587235
3275,1122.70005859375,966.54836397275,156.15169462100005,1.161556006176062
1913,578.258236328125,422.1207844345,156.13745189362498,1.3698880895734822
5512,874.15008984375,718.2052412695,155.94484857425005,1.2171313134410862
520,677.8047890625,522.001228981,155.8035600815,1.2984735478251095
3278,1253.240765625,1097.92520859275,155.3155570322499,1.141462783325524
4522,668.26889453125,513.01341160775,155.25548292350004,1.3026343524515378
5703,1034.25307421875,879.04814616075,155.20492805800006,1.1765602118146754
7595,831.452359375,676.314929628,155.13742974700006,1.2293863727109284
7787,829.2209648437499,674.207005632,155.01395921174992,1.229920420118625
7307,836.2274179687499,681.2606195185,154.96679845024994,1.2274706518810765
87,743.7029492187501,588.75614887175,154.94680034700002,1.2631765279747011
4070,1154.83369140625,1001.0679519207499,153.76573948550003,1.1536016991023115
4357,975.8771328125,822.21507214975,153.66206066275004,1.1868879137353927
3303,1171.05016015625,1018.1545800735,152.89558008275003,1.1501693180239323
2441,692.52823828125,540.56948663375,151.95875164749998,1.2811086347338494
7911,724.05664453125,572.6769752065,151.37966932475,1.2643369204879025
708,831.0121875,679.7194924995,151.29269500049998,1.2225810727033553
2417,691.2292890625,540.73049594275,150.49879311974996,1.278324956647829
5536,865.08645703125,714.71260738275,150.37384964850003,1.2103976435909891
5008,823.1074453125,672.89606641525,150.21137889725003,1.223231172199069
784,694.27978125,544.3675936175,149.91218763250004,1.275387785964438
4353,644.9386523437499,496.5299562205,148.4086961232499,1.29889172438662
7139,816.4016953125,668.5173920825,147.88430323,1.221212348040958
2098,851.2795625,703.4291074135,147.8504550865,1.210185294179763
2799,825.6123359375,677.8716908714999,147.74064506600007,1.2179478002070139
3299,1122.42510546875,975.02771647625,147.39738899249994,1.151172510637976
1930,818.1367109375,670.83811840525,147.29859253224993,1.2195739736180191
5680,877.34691015625,730.20662861475,147.14028154150003,1.2015049912914784
8244,816.80858984375,669.7490891635,147.05950068025004,1.2195740193455875
3207,1169.93553515625,1023.155503482,146.78003167424993,1.1434581840504892
5991,1030.01252734375,883.330716566,146.68181077775,1.1660553707244878
8247,708.26995703125,561.60760495025,146.662352081,1.2611473732319645
8698,455.012185546875,309.28043457875,145.73175096812503,1.4711961482316858
3230,1265.8270390625,1120.207527596,145.61951146649994,1.1299933331540901
3301,1232.55372265625,1086.9496776502501,145.60404500599998,1.1339565638280584
8292,804.7742890625,659.37085461375,145.40343444874998,1.220518441497398
2560,635.46606640625,490.775861859,144.69020454725,1.2948193146752605
1865,598.26082421875,454.05060475575,144.21021946300004,1.3176082503468256
5270,1188.3436015625,1044.4464243575,143.89717720499993,1.1377736308071003
5243,1017.0226015625,873.67745672775,143.34514483474993,1.1640710110657544
544,689.662890625,546.4677116185,143.1951790065001,1.262037764903537
5316,1160.09034765625,1017.48454048875,142.60580716750007,1.1401552557828976
7571,837.77342578125,695.23692447675,142.5365013045,1.2050185988132858
5797,1131.4110859375,988.95353863325,142.45754730425006,1.1440487753925022
3112,943.46710546875,801.78715663425,141.6799488345,1.1767051847681624
8200,488.97001171875,348.15979875749997,140.81021296125004,1.4044413285489223
4740,1148.83980859375,1008.30244256075,140.5373660329999,1.1393801690460077
6639,909.37475390625,770.1827535267499,139.1920003795001,1.1807259362292897
4857,593.62475390625,454.8342413325,138.79051257375,1.3051452565708304
4192,932.51830859375,794.0450894495,138.47321914425004,1.1743896156651028
3807,1146.2514296875,1007.9312040165,138.3202256709999,1.1372318110428337
5269,1189.98815234375,1052.00190774125,137.98624460249994,1.131165392815308
5338,693.00376171875,555.5959429235,137.4078187952499,1.2473160923834419
2633,689.1406601562501,551.7982912995,137.3423688567501,1.248899588442736
3591,1154.14905078125,1017.06471208275,137.0843386985,1.1347842825880703
4380,1173.53478125,1036.6418645522501,136.8929166977498,1.1320542033335907
4792,944.92346484375,808.0695179112499,136.8539469325001,1.1693591240972556
4144,954.08963671875,817.8929444915,136.19669222724997,1.1665214157647548
5025,584.182603515625,448.2582924735,135.92431104212505,1.3032276524966528
6513,444.131033203125,309.09207303775,135.038960165375,1.4368891036296272
4138,852.1857265625,717.972260639,134.21346592350005,1.1869340531584258
7287,812.5213203124999,679.724587323,132.7967329894999,1.1953684393220683
3760,987.15670703125,854.37248388225,132.784223149,1.1554172500853657
8530,452.477130859375,319.848262591,132.62886826837502,1.4146618330183331
2122,842.2748750000001,709.8923731735,132.38250182650006,1.1864824945902932
7283,819.5723984374999,687.230874364,132.34152407349995,1.19257214397331
665,423.36236328125,291.25869572725,132.10366755400003,1.453561277443018
7739,801.4626171875,669.562139378,131.9004778095,1.1969951239104346
4332,1224.85284765625,1093.8975333755,130.95531428075014,1.119714424034708
7934,739.01324609375,608.305424798,130.70782129575002,1.2148720276895149
448,663.2636640625,532.8660342155,130.39762984699996,1.244709965037019
923,826.2584296875,696.07247925925,130.18595042824995,1.1870293010000375
3949,1264.36541015625,1135.4565053665,128.90890478974984,1.1135304637975634
7192,440.26076953125,311.511127549,128.74964198225,1.4133067142158229
5170,717.9273203125,589.8734915195,128.05382879299998,1.2170869337526076
947,834.53532421875,706.938093696,127.59723052275001,1.1804927906419016
4091,1043.268515625,915.76399872825,127.50451689674992,1.1392329420402925
855,721.6606367187501,594.40806985375,127.25256686500006,1.2140828365305114
4765,1187.43054296875,1060.2272524775,127.20329049124985,1.1199773813340757
4185,648.516546875,522.1474941425,126.3690527325,1.2420179219628593
3998,1132.9689140625,1006.985587897,125.9833261655001,1.1251093625912718
5317,1203.7750703125,1078.122032497,125.65303781550006,1.1165480649791855
5631,1043.511171875,918.5729861715,124.93818570349993,1.1360133450997876
2895,1047.31944921875,922.6316726015,124.68777661724994,1.1351436105922206
780,809.88948046875,685.28838188025,124.60109858850001,1.181822865674163
3229,1277.3507109375,1152.980965552,124.36974538549998,1.1078679943498362
688,674.2328320312499,550.35477937425,123.8780526569999,1.2250876272443039
3176,381.02627734375,257.92589289775,123.10038444600002,1.477270356945243
2962,934.37652734375,811.99226383275,122.38426351099997,1.150720970890293
3950,1215.500484375,1094.71586644775,120.78461792725011,1.1103342159539995
4523,664.22771484375,544.00815607975,120.219558764,1.2209885204834827
8722,408.9298671875,289.78581436400003,119.14405282349998,1.4111452165933074
7041,395.3940390625,276.3200093995,119.07402966299998,1.430927997182847
4381,1234.7331796875,1116.4765971985,118.25658248900004,1.1059194448677327
6253,1175.95834375,1058.0527445875,117.90559916250004,1.1114364086802033
3374,949.2803359375,832.09303820925,117.18729772824997,1.140834367319807
2386,781.30228125,664.29912660275,117.00315464724997,1.1761302232466844
7017,405.24526953125,288.60268525275,116.64258427850001,1.4041631933264396
2194,838.9021015625,722.871445336,116.03065622650001,1.1605135405674434
4766,1209.26897265625,1093.2941875925,115.97478506375,1.1060782955528694
4833,574.858123046875,458.88650079875,115.97162224812502,1.2527239759581896
5653,904.69532421875,789.8718844395,114.82343977924995,1.1453696996891591
3253,1240.4628359375001,1125.766033722,114.69680221550016,1.1018833378143476
899,813.5674453125,699.696911405,113.87053390749998,1.1627426545532464
641,411.54209375,297.8888928875,113.6532008625,1.3815288256614964
7377,385.073619140625,272.19677914175,112.87683999887497,1.4146883697158097
7209,382.407330078125,269.678553749,112.72877632912503,1.4180116414300943
5436,1163.08952734375,1051.61595807975,111.47356926399993,1.1060021648602103
731,801.8398984375,690.3768858760001,111.46301256149991,1.1614524090832143
2196,826.2970390625001,714.9728072309999,111.32423183150013,1.1557041464373181
2198,732.7862265625,621.762348281,111.02387828150006,1.178563204108269
1858,782.21303125,672.1391883435,110.07384290649998,1.1637664395287122
4480,965.5861015625001,856.8729874355,108.71311412700004,1.1268719105330782
1625,575.1308515625,466.530147372,108.60070419049998,1.2327838909649722
4957,998.0095468750001,889.96062212375,108.04892475125007,1.1214086566796628
3158,557.390919921875,449.73046515925,107.66045476262502,1.2393888381235492
322,457.799724609375,350.60279421825,107.19693039112502,1.3057503558247303
2313,410.59773046875,303.64190247150003,106.95582799724997,1.3522433029645688
5872,808.04198828125,701.69399321475,106.34799506650006,1.1515589344405202
1497,375.98390234375,270.1703521535,105.81355019025,1.3916549242178728
1954,815.09646484375,709.6801009865001,105.41636385724996,1.148540677077142
6009,508.2228828125,402.83499801175003,105.38788480074999,1.2616155102195477
4864,663.89833203125,558.7658966955,105.13243533574996,1.1881511287094366
7185,401.925919921875,297.30856086,104.61735906187499,1.3518814170953422
1092,774.1751796875001,669.98587196675,104.1893077207501,1.1555097068829103
7336,601.5461250000001,497.36411822074996,104.18200677925012,1.209468278376169
8294,707.6135625,603.55047929575,104.06308320424989,1.1724181913553564
6038,613.76475,511.059192934,102.70555706600004,1.200966066719981
6904,672.93301171875,570.42794737875,102.50506433999999,1.1796985292030944
8124,764.1273085937501,662.357338817,101.76996977675003,1.1536481332038497
5459,1017.1489531249999,915.45974875525,101.68920436974997,1.1110799283058996
1695,624.03121484375,522.47747825725,101.55373658650001,1.1943695941323023
5267,1008.9050468749999,907.42690115275,101.4781457222499,1.1118306548786536
4739,1039.67856640625,938.72563033575,100.95293607049996,1.1075425360729205
5368,934.6225742187501,834.22382618775,100.39874803100008,1.1203498914307615
4379,1058.82907421875,958.6301798705,100.19889434825006,1.1045229905627036
3422,1263.32465625,1163.383643839,99.9410124110002,1.0859054636485206
2800,695.6229140625,595.8773368115,99.74557725099999,1.167392800366161
5774,1084.7090859375,985.22811993375,99.48096600375004,1.1009725188410853
4763,1045.9865,946.615571811,99.37092818899998,1.1049749550326067
5771,983.1616484374999,884.6582498705,98.50339856699998,1.1113462712522866
5175,972.61259375,874.787183344,97.82541040599995,1.11182766638192
376,636.580140625,538.810384039,97.76975658599997,1.1814548462701275
6952,667.0372226562499,569.52268856375,97.51453409249996,1.171221506850228
7935,669.46576171875,572.291848894,97.17391282474989,1.1697978257819825
6496,700.63712890625,603.61866430225,97.01846460400009,1.1607280708515202
1577,579.5038984375,482.89086075775003,96.61303767974994,1.200072199188183
4023,1134.635921875,1038.4377356635,96.19818621149989,1.0926374127355816
8628,755.05011328125,658.8781486402501,96.17196464099993,1.1459632007731781
683,791.3590546875,695.98547716325,95.37357752424998,1.1370338599247025
3231,1179.45048828125,1084.62133265675,94.82915562450012,1.087430655918216
1409,601.815708984375,507.10149994874996,94.714209035625,1.186775641283691
1601,564.717734375,470.91884204625,93.79889232874996,1.1991827099590868
2512,381.2630234375,287.46544636199997,93.79757707550004,1.3262916532621831
3421,1277.22847265625,1183.53334575525,93.6951269010001,1.079165598635537
1115,820.98061328125,727.65007436425,93.33053891700001,1.1282629399444235
1833,369.725849609375,276.5645988745,93.16125073487501,1.336851678693332
2514,363.418400390625,270.5915905745,92.82680981612498,1.3430513427116884
5530,604.7565625,512.0153926375,92.74116986249999,1.1811296496451813
7331,775.76380078125,683.066314638,92.69748614324999,1.1357078851951121
6881,371.71498828125,279.1658899995,92.54909828174999,1.3315200755736873
3279,1160.10328515625,1068.4999025945,91.60338256174987,1.0857308281017062
232,621.6691875,530.50265653025,91.16653096975006,1.1718493369932867
4525,695.4492265624999,604.32362804925,91.12559851324988,1.150789400137494
5462,1176.54816796875,1085.7425732535,90.80559471524998,1.0836345519357413
3496,1014.8024375,924.0983077239999,90.70412977600006,1.0981541984437184
7168,611.73178515625,521.44604412075,90.2857410355,1.17314493202186
5987,1003.6073515625,913.3827852207501,90.22456634174989,1.0987806719185795
1882,808.25869921875,718.305076731,89.95362248775007,1.1252303850780199
6183,897.74675390625,808.31645055925,89.43030334699995,1.110637736216414
5435,1038.57753515625,949.38122668025,89.1963084759999,1.0939520446322128
6568,731.2460625,642.91647729075,88.32958520925001,1.1373888945016342
8075,760.6858671875,672.39688154675,88.28898564074996,1.131304869092119
2393,527.21558984375,439.829502676,87.38608716774996,1.1986817288003555
5865,536.473640625,449.95641431975,86.51722630525,1.1922791238430699
6254,1111.8977421875,1025.41224158,86.48550060749994,1.0843421757769314
1120,662.9617929687499,576.5174022235,86.44439074524996,1.1499423768682624
568,621.42676953125,535.03891216275,86.38785736850002,1.1614608848874928
6808,685.1369374999999,598.814704158,86.32223334199989,1.1441551645249315
5318,1200.0852031250001,1114.28173404625,85.80346907875014,1.0770033873661122
4213,1225.9839023437498,1140.29978629,85.6841160537499,1.075141744310401
3086,1002.98251171875,917.483323068,85.49918865074994,1.0931888192492238
4169,731.91051953125,646.85508544575,85.0554340855,1.1314907076836187
3251,1136.56496875,1052.5082850515,84.05668369849991,1.0798632028008441
7353,382.208814453125,298.20388183125,84.00493262187501,1.2817030107867924
5941,1224.16741796875,1140.46374159575,83.70367637300001,1.07339442039822
6278,1111.80033984375,1028.9745557025,82.82578414124987,1.0804935191076805
5651,831.1212695312499,748.41356898675,82.70770054449997,1.110510689358511
539,767.44144921875,684.7747009585,82.66674826024996,1.1207210882992868
5673,537.710505859375,455.69980625050005,82.01069960887492,1.1799664983483158
3106,909.29987109375,827.71737159975,81.58249949399999,1.0985632308740365
5193,578.911375,498.86396304125,80.04741195875005,1.160459397207795
4259,1049.49951953125,969.4941550145,80.00536451674986,1.082522790901231
515,755.37578515625,675.44985740225,79.92592775399999,1.118329918586498
8099,753.93445703125,674.35325112675,79.58120590449994,1.1180111531360155
1529,590.866984375,511.621737392,79.24524698300002,1.1548903028086015
1912,543.768306640625,464.639871563,79.12843507762506,1.1703005677088036
3252,1231.15548046875,1152.509490009,78.64599045975001,1.0682389082895074
4549,1221.6900625,1143.05227714,78.63778536000018,1.0687963148001955
4741,1149.251734375,1070.779539101,78.47219527400011,1.073285108031293
4689,616.3724453125001,538.46172904675,77.91071626575012,1.1446912768693622
5942,1193.1629765625,1115.38347469625,77.77950186625003,1.069733416857102
2938,932.7510625,855.25489548925,77.49616701075001,1.0906117770606931
3754,944.0023359375,866.6077532285,77.39458270900002,1.0893075111910355
5848,768.76337109375,692.025033606,76.73833748775007,1.1108895381674169
5271,1066.98011328125,990.29899327625,76.68112000499991,1.0774322900944089
7000,640.91666015625,564.53721822325,76.37944193300007,1.1352956693237888
352,627.4447539062501,551.55104704725,75.89370685900008,1.1376005106466562
7835,757.270203125,681.3842017647501,75.8860013602499,1.1113703547166762
5531,634.887875,559.21790447375,75.66997052625004,1.1353139246536554
4382,1214.51963671875,1138.8916570444999,75.62797967425013,1.0664048929852596
280,615.860296875,540.90538234375,74.95491453124998,1.1385730588738021
5150,1064.22890234375,990.15989189175,74.06901045199993,1.0748050996447476
8511,650.51621875,576.47734712225,74.03887162775004,1.1284332695272687
3588,1222.72526953125,1148.81504912125,73.91022040999997,1.064336047305612
4260,1120.011640625,1046.15110201425,73.86053861074993,1.0706021696081351
5964,1149.39822265625,1075.6259640175,73.77225863874992,1.0685854191308495
497,358.785208984375,285.985361164,72.79984782037502,1.254557947544978
2337,363.356015625,290.57523525875,72.78078036624999,1.2504713763751034
5337,548.449576171875,476.80408236274997,71.64549380912507,1.150261911147723
3803,1085.22184375,1013.666878568,71.55496518200005,1.0705902161985357
4841,701.83984375,630.63311795375,71.20672579625,1.112913075219369
781,739.92132421875,669.3685341365,70.55279008225,1.1054020100718696
5437,1210.7812187499999,1140.4037123682501,70.37750638174975,1.0617127992102775
1095,659.0435546875,590.468553705,68.5750009825,1.1161365824413128
2968,956.662171875,888.13428807925,68.52788379574997,1.0771593706474214
6545,406.068427734375,337.91450192425003,68.15392581012497,1.2016898482318261
1311,426.99039453125,358.87585066049996,68.11454387075003,1.1897997386995742
3228,1260.82821484375,1192.7274657042499,68.10074913950007,1.057096654550663
3208,986.92080859375,919.1079487117499,67.81285988200011,1.0737811689075996
5626,813.321265625,745.58895953775,67.73230608724998,1.090844028911585
4404,1181.1431796875,1113.63757828775,67.50560139974982,1.0606172076582798
3202,956.65854296875,890.4196748985,66.23886807024996,1.074390614744008
256,615.81648828125,549.64423255975,66.17225572150005,1.1203910651312359
7096,623.6026796875,557.4922421235,66.110437564,1.11858539267488
1216,630.21398046875,564.45833917475,65.75564129400004,1.1164933452372106
4262,1176.7956953125,1111.28773003375,65.50796527874991,1.0589477976309631
5361,561.5321328125,496.32796504025004,65.20416777224995,1.131373146857822
1193,534.0008964843751,469.3329622105,64.66793427387506,1.1377868983067165
7120,643.48309765625,579.02368501575,64.45941264050009,1.1113243088275784
4405,1237.01795703125,1173.32940281975,63.688554211500104,1.0542801987269417
3304,986.89867578125,923.2629837015,63.6356920797499,1.0689247723933435
1457,578.910001953125,515.3845980765,63.52540387662498,1.1232582482876943
5292,1127.672515625,1064.261516604,63.41099902099995,1.0595821581182026
2891,1106.7967578125,1043.4384604315,63.35829738099983,1.0607206833204883
1665,342.8696640625,279.688647925,63.18101613750002,1.2258976736465352
4212,1183.072421875,1120.00220230225,63.07021957274992,1.0563125843742018
8123,742.53994140625,679.89173481675,62.64820658949998,1.0921443845971168
3638,1225.3956796875,1162.8971820680001,62.49849761949986,1.053743785374571
3808,974.8027734375,912.37551437375,62.42725906375006,1.0684227678317046
5533,690.9301484375001,628.6085067595,62.321641678000105,1.0991422163535907
7528,381.28897460937503,319.156185595,62.13278901437502,1.1946783130769127
4241,727.67153125,666.11189636625,61.55963488375005,1.0924163554609243
5965,1188.8070859375,1127.27770683625,61.529379101250015,1.0545822716740778
4717,1174.313453125,1113.07982370775,61.233629417250086,1.0550127915878158
851,775.45517578125,714.35221889925,61.102956881999944,1.0855361741447624
8555,338.37493359375003,277.907260233,60.46767336075004,1.2175821966380842
473,368.982955078125,309.03628701825,59.94666805987498,1.1939793784228176
4263,1136.71609375,1076.872962857,59.84313089300008,1.0555712065410778
251,720.32655078125,660.52004475575,59.806506025500084,1.090544572280272
2104,603.705076171875,544.50315054375,59.20192562812497,1.1087265049986919
5127,865.0612734375,805.86774268525,59.1935307522499,1.0734531568189547
1358,671.9500390625001,613.0875948555,58.86244420700007,1.0960098419947049
4334,1194.36026171875,1135.5106236185,58.849638100250104,1.0518265842911174
6301,1182.86136328125,1124.4119563755,58.44940690575004,1.051982198803877
5103,1092.51978125,1034.1291747855,58.390606464500024,1.0564635510067182
4092,1031.98461328125,973.86398485825,58.12062842299997,1.0596804361461003
5413,1215.727703125,1157.74733547775,57.98036764724998,1.0500803282550797
2178,325.334732421875,268.95480505250003,56.37992736937497,1.2096260230366347
2197,727.291703125,670.9450564935,56.34664663149999,1.083981013053436
3255,1135.57628515625,1079.377576158,56.19870899824991,1.052065847195215
3420,1259.5931953125,1203.54596903025,56.047226282249994,1.0465684125724264
7907,736.74590625,681.01572673275,55.73017951725001,1.0818339081577277
8728,335.407865234375,279.80337303975,55.60449219462498,1.1987270217360766
6276,1135.329265625,1079.75427026725,55.57499535775014,1.0514700389122098
3298,949.052984375,893.8580518142501,55.194932560749976,1.0617491014227287
5487,1036.17899609375,981.24000525825,54.93899083549991,1.0559893496851989
2672,312.739767578125,258.35404989825,54.38571767987497,1.2105084727364859
7240,587.02891015625,532.679395358,54.349514798250084,1.1020304411431059
4331,1063.4361484375,1009.5825020725,53.85364636499992,1.0533424907831754
4476,985.4628749999999,932.4861973915,52.97667760849993,1.0568122903050816
6398,1091.36761328125,1038.467772101,52.89984118024995,1.0509402810087058
2322,335.2621953125,282.68173097625,52.58046433625003,1.186005876533499
8245,708.97308203125,657.0095283265,51.963553704749984,1.0790910182962152
5389,1226.26838671875,1174.5435512425001,51.72483547624984,1.044038243092386
3999,1096.0334296875,1044.52733009125,51.506099596250124,1.0493104364654968
3782,1263.91306640625,1212.646296062,51.26677034425006,1.0422767706201381
1546,706.0016015625,655.440050198,50.56155136450002,1.0771413804696321
1473,360.557681640625,310.5097636285,50.04791801212497,1.161179849116833
3008,321.056908203125,271.08890202925,49.96800617387498,1.1843233146599275
5505,517.042234375,467.233179967,49.80905440800001,1.106604272635162
5602,808.48594140625,759.485979796,48.99996161025001,1.0645172680592396
8411,721.3200078125,672.40335607625,48.916651736249946,1.072748968638333
5608,889.30779296875,841.0195753145,48.28821765425005,1.0574162813972272
779,756.43941796875,708.1808926135,48.25852535525007,1.0681443467205256
4909,1175.0391171875,1126.8595591545,48.17955803300015,1.0427556003752538
3419,1166.655296875,1118.51762769525,48.13766917974999,1.0430370223452825
6928,672.9346953125,624.8983487762499,48.03634653625011,1.07687065512887
6397,1103.9051640625,1055.983093009,47.922071053500076,1.0453814746896806
60,754.39596484375,706.87093863175,47.52502621199994,1.06723295943777
3423,1185.288984375,1137.76965267675,47.51933169824997,1.0417653349644975
492,333.03188671875,285.54937556125,47.48251115750003,1.166284762128749
8267,741.6328906250001,694.1695555895,47.46333503550011,1.0683742661788433
6395,1019.72823046875,973.24344259825,46.484787870499986,1.047762753683331
5893,1200.9704375000001,1154.49641425625,46.474023243750025,1.0402547999539995
3637,1235.4211953125,1189.085992712,46.3352026005,1.0389670737402719
3926,1205.06059375,1158.8252295075,46.235364242500054,1.0398984782392522
3948,1228.62467578125,1182.436734195,46.18794158624996,1.0390616590397395
1313,390.36553906250003,344.24762493425,46.11791412825005,1.1339672655783497
8339,724.1890859375001,678.5250763325,45.66400960500005,1.0672989254642142
3900,1209.4422226562501,1164.59759490675,44.844627749500205,1.0385065424375912
5128,840.89327734375,796.332433329,44.560844014750046,1.055957588933694
1308,368.53681640625,324.7230834095,43.81373299674999,1.1349264468721836
2244,719.12946875,676.0595086825,43.069960067500006,1.0637073489103452
4573,1198.8646914062501,1155.867674088,42.99701731825007,1.037198908875946
3833,723.77323828125,681.0806682085,42.69257007274996,1.0626835718628809
8531,362.3661640625,319.972721025,42.39344303749999,1.1324908003695007
1289,559.86210546875,517.5161308185,42.345974650250014,1.0818254176955808
13,759.7215078125,717.65353457075,42.067973241749996,1.0586187765497364
5033,705.5409921875,663.64230550525,41.89868668225006,1.0631344404531549
8315,732.05046484375,690.5086113237501,41.541853519999904,1.0601612373525657
6521,422.63298828125,381.16598308225,41.46700519899997,1.1087898866391288
1553,523.34878515625,482.725114518,40.62367063824996,1.0841548706133879
2243,731.3884453125,690.82364063775,40.56480467475001,1.0587194780690803
3781,1278.4329921875,1238.1360546535,40.29693753400011,1.0325464526697197
7696,371.610201171875,332.0610824625,39.54911870937502,1.1191019353938878
3320,383.365244140625,344.591420449,38.77382369162501,1.112521149042486
1073,505.254451171875,466.99950458675,38.254946585125026,1.081916458427639
3520,1008.3663867187499,970.32263670875,38.04375000999994,1.0392073188149396
8050,321.277412109375,283.5203504135,37.757061695874995,1.133172311996779
3877,1217.5911953125,1180.1680589575,37.423136355,1.0317100052312445
4956,908.61055078125,872.541628555,36.06892222625004,1.0413377654481029
7545,319.28906640624996,283.26956839,36.01949801624994,1.1271562529424366
7264,587.91510546875,552.2295217395,35.68558372924997,1.0646209252852346
2128,558.27296484375,522.81074488725,35.462219956499894,1.0678299350873475
5557,949.5275859375,914.3659111647501,35.16167477274996,1.0384547075792723
8079,618.49466796875,584.4845096765,34.010158292250026,1.0581882952772959
275,734.7169921875,701.24028178725,33.47671040025,1.0477392845533469
2169,312.6743046875,279.44695932875,33.22734535875003,1.1189039391219728
5414,1187.47554296875,1154.51682349125,32.958719477499926,1.0285476294310596
4548,1139.5540546875,1106.795267094,32.75878759349985,1.029597873733155
4406,1221.55453125,1189.14583071575,32.4087005342501,1.0272537637267662
5293,1190.8477578125,1158.51723325275,32.330524559750074,1.0279068127809108
3250,956.17206640625,924.609932425,31.562133981249985,1.0341356196167344
6035,433.906556640625,402.73266469375,31.173891946875017,1.077405916138376
422,636.00725,605.484426364,30.522823636,1.050410582430472
5390,1210.39480078125,1180.081316408,30.31348437325005,1.0256876224765867
5438,1188.4606484375,1158.221010019,30.239638418499908,1.0261086935315524
5796,995.4367109375,965.2828969465,30.153813990999993,1.0312383168241641
712,569.984341796875,539.8325305695,30.151811227374992,1.055854007426548
130,425.136431640625,395.53434500425,29.60208663637502,1.0748407462851708
4696,936.04242578125,906.52030227125,29.52212351000003,1.0325664217375685
3152,333.36208203125,304.054825076,29.30725695525001,1.0963880637366517
7931,724.1397734375,694.922449139,29.21732429849999,1.0420440054752238
1570,696.1331484375,667.0294647305001,29.10368370699996,1.0436317797072532
3446,1276.500421875,1247.80969736,28.690724515000056,1.0229928678649542
8675,702.2071953125001,673.528042146,28.6791531665001,1.042580487120539
2896,908.24127734375,879.6194369799999,28.62184036375004,1.0325388891240042
1091,695.4838984375,666.9276969815,28.55620145599994,1.0428175356075735
3876,1199.7783125,1171.2565255105,28.521786989500015,1.0243514425268343
3227,1170.13288671875,1141.62489394975,28.507992768999884,1.024971417402609
6010,473.96165234375,446.227070909,27.734581434749998,1.062153513716904
4211,1054.09799609375,1026.4766418670001,27.621354226749872,1.0269088959974793
6857,355.996900390625,328.38865855125,27.60824183937501,1.0840718460774568
1049,499.941373046875,472.77224889175,27.16912415512502,1.0574676774310376
3656,366.396865234375,339.228745543,27.16811969137501,1.0800879022436598
4333,1155.3649453125,1128.21537624925,27.149569063249828,1.0240641712661676
1402,708.0967578125,681.09860653575,26.998151276749923,1.039639121234487
4669,589.508185546875,562.5492160005,26.958969546374988,1.0479228620921732
7408,584.39454296875,557.973104638,26.421438330749993,1.047352528399266
491,303.742154296875,277.6169645165,26.125189780375024,1.0941051593578575
4403,1061.2798359375001,1035.5500812222501,25.72975471525001,1.0248464600186549
8483,735.29241796875,710.02687926875,25.26553869999998,1.0355839171756946
6640,739.7287343749999,714.89188020875,24.836854166249964,1.034742111106725
4234,898.96060546875,874.83102915875,24.12957631000006,1.0275819838096294
6252,1130.21051171875,1106.42278808875,23.787723630000073,1.0214996679972503
8651,706.120734375,682.88524391275,23.235490462250027,1.034025467141582
8459,692.5458046875,669.3202433815001,23.225561305999918,1.0347002208598397
6177,510.92663671875,487.8655125645,23.061124154249967,1.0472694267437723
2099,731.18184375,708.23151255175,22.950331198249955,1.032405124255422
496,312.31268359375,289.870014036,22.442669557750037,1.0774232152123868
8680,555.50380859375,533.66139380925,21.84241478450008,1.0409293495781298
1618,682.73791015625,661.76359959775,20.97431055849995,1.0316945651582445
8656,553.1905,532.318587202,20.87191279800004,1.039209436342433
808,347.39718359375,327.24231408975,20.154869504000033,1.0615900437523562
6994,708.4029296875,689.0301256380001,19.372804049499905,1.0281160464550745
7504,544.0404453125,524.771550232,19.268895080499988,1.0367186331562042
6976,630.99498828125,612.03288706975,18.9621012115,1.0309821589347974
3636,1225.71107421875,1206.98992542,18.721148798749937,1.0155106081574996
4547,1042.87798828125,1024.425366912,18.452621369249982,1.0180126546522958
7090,703.5939687499999,685.170144848,18.42382390199998,1.026889412817597
1309,363.054779296875,344.63705954875,18.417719748124966,1.0534409117777388
5412,1162.31348828125,1144.1076317415,18.20585653975013,1.0159127122472955
4786,852.537734375,834.5683102565,17.9694241185,1.0215313987796226
3994,647.56579296875,629.7819530955,17.78383987325003,1.0282380890046166
6970,703.4607890625,685.7824617055,17.678327356999944,1.0257783295992386
5963,1021.28561328125,1003.73188568425,17.553727597000034,1.017488461639878
3354,328.235986328125,310.7665833995,17.469402928625016,1.0562139007396225
5966,1144.9932109375,1127.766629605,17.226581332500018,1.015274951275388
5992,831.25690234375,814.3400352152499,16.91686712850003,1.0207737129161958
5151,985.98828515625,969.3197615835,16.668523572749905,1.0171961030984489
2149,340.81672070312504,324.27043514275,16.546285560375054,1.0510261889958141
3878,1190.79327734375,1174.32080346525,16.472473878500068,1.014027234138972
3186,415.468830078125,399.0206201445,16.44820993362498,1.0412214508775186
3587,1144.5842265625,1128.5218384625,16.062388099999907,1.0142331202980086
5894,1171.5892812499999,1155.67966185225,15.909619397749793,1.0137664604726921
2992,638.09001171875,622.23346630775,15.85654541100007,1.02548327154373
2338,291.5568837890625,275.753896698,15.802987091062505,1.0573082963576805
2682,353.9801171875,338.228660482,15.751456705500004,1.046570434440661
2296,509.01815429687497,493.27107659225,15.747077704624985,1.031923778668495
4767,1099.17765234375,1083.7724467912499,15.405205552500092,1.0142144271926234
7402,677.5006484375,662.38534944125,15.115298996249976,1.0228194931940764
4810,856.6618671875,841.7410878775,14.920779309999944,1.0177260900140892
154,366.69315625,351.82490957525,14.868246674750026,1.0422603551591607
5697,459.80892578125,445.085079643,14.723846138250053,1.0330809676140549
4572,1162.1578828125,1147.46402137675,14.693861435750023,1.0128055086252852
4330,863.63298046875,849.1413116855,14.49166878325002,1.0170662616065853
5704,871.52199609375,857.1252765105,14.396719583249933,1.0167965161698005
833,309.213076171875,294.87289326775,14.340182904125015,1.048631739922164
1522,710.47713671875,696.57142974675,13.905706971999962,1.0199630724979527
7138,695.74355859375,681.92634557575,13.817213017999961,1.0202620298913252
3352,371.036771484375,358.02890625674996,13.007865227625018,1.036331882604934
4264,980.27737890625,967.435989027,12.84138987924996,1.0132736315494026
3902,1185.4165,1172.91806636675,12.498433633249988,1.0106558445819744
8632,544.29467578125,531.9401127379999,12.354563043250096,1.0232254754326258
5291,986.17785546875,974.06400822625,12.1138472424999,1.012436396507579
6302,1130.30460546875,1118.5037479545,11.800857514249856,1.0105505739478122
3780,1251.70323046875,1240.0456683885,11.657562080250045,1.0094009126986416
7312,532.141564453125,520.57919831675,11.56236613637509,1.0222105784317745
4596,1100.069171875,1088.79351437525,11.275657499749968,1.0103561018140925
1329,283.08514355468753,272.17860958325,10.906533971437511,1.0400712346501657
4475,904.32576171875,893.9958567125,10.329905006249987,1.0115547560060083
6946,726.09196875,715.8533650785,10.238603671499959,1.0143026535274784
7521,335.487240234375,325.4120192905,10.075220943875024,1.0309614252567583
227,684.6539843749999,674.58329296425,10.070691410749987,1.0149287575023815
5892,1146.57394140625,1136.64749612075,9.926445285499994,1.0087330894676183
563,692.96183203125,683.3196701004999,9.642161930750035,1.0141107615345262
5319,1103.23382421875,1093.68881795675,9.545006262000015,1.00872735013521
299,356.549271484375,347.1409691335,9.408302350875033,1.0271022499800495
5844,589.079193359375,579.8153901375,9.263803221875037,1.0159771581842645
329,318.3153232421875,309.34894725475,8.966375987437516,1.028984662912297
5463,1079.31691015625,1070.3513358905,8.965574265750092,1.008376290061725
3111,866.0507890624999,857.23367327725,8.817115785249939,1.010285544128541
4673,663.541453125,654.86197080725,8.679482317749944,1.0132539095128654
3137,582.931306640625,574.25578150725,8.675525133375004,1.0151074214620825
5940,1182.46338671875,1174.56653578175,7.896850936999954,1.0067232035731555
5104,949.0224687499999,941.204403683,7.818065066999907,1.008306446536056
7480,530.4686875,522.755907812,7.712779687999955,1.014754072709628
4193,724.1632617187499,716.568171235,7.595090483749914,1.0105992559787587
2658,368.090435546875,360.599176897,7.4912586498750215,1.0207744723478398
7600,530.210861328125,523.15988480175,7.050976526375052,1.0134776685249278
8462,636.0048203125,629.0567368535,6.948083459000031,1.0110452397071663
7066,695.456921875,688.609697727,6.847224148000009,1.009943547354413
7162,699.7432265625,692.9065962755,6.836630287000048,1.0098665957488089
4020,904.97030859375,898.49319721425,6.477111379500002,1.0072088585560506
8533,341.768447265625,335.43903827725,6.3294089883750075,1.0188690261038567
3232,985.6920703125,980.005077775,5.686992537500032,1.0058030225155656
1641,320.42318359375,315.05338908825,5.3697945055000105,1.0170440746693628
6396,1058.63671484375,1053.843968041,4.792746802750116,1.0045478704092328
1818,293.21978808593747,288.55227471275,4.667513373187489,1.0161756214247777
1961,455.439830078125,451.01132853725,4.428501540875004,1.0098190450014166
1378,682.39166796875,678.242522919,4.149145049750018,1.006117493232031
6873,272.97730078125,269.685597066,3.29170371524998,1.012205704490176
5632,864.6760390625,861.393256282,3.2827827804999288,1.0038110140203074
6898,725.9424179687501,723.1009152115,2.841502757250055,1.0039296060806249
7385,273.642625,272.12717879375003,1.515446206249976,1.005568885869462
5248,824.97690234375,824.0876460239999,0.8892563197500749,1.0010790785700543
5169,526.603728515625,525.7188783170001,0.8848501986249175,1.0016831223557627
2601,647.643046875,649.21113748975,-1.5680906147499627,0.9975846199767956
6634,773.0197148437501,775.48795678925,-2.4682419454999263,0.9968171743729762
1842,303.695951171875,306.9033256295,-3.207374457625008,0.9895492320241382
6543,349.410921875,353.039656406,-3.6287345310000205,0.9897214506787635
5129,710.17388671875,713.82365136575,-3.6497646469999836,0.9948870205758747
4383,1125.364890625,1129.06783973825,-3.7029491132500425,0.9967203475472041
3592,935.34451171875,939.61581467675,-4.271302957999978,0.9954542017208133
2553,643.11334765625,647.73534119825,-4.621993542000041,0.992864378024651
8607,564.1203203125,570.14012577775,-6.019805465249988,0.989441531682269
8320,513.055603515625,519.27422711275,-6.218623597125088,0.9880243920062699
6399,994.3288749999999,1000.65022317125,-6.321348171250065,0.9936827584519001
161,293.3260732421875,299.843911202,-6.517837959812539,0.978262560303637
4958,889.41337109375,896.2317659185,-6.81839482474993,0.9923921511416701
4090,866.77040234375,873.6425218695,-6.8721195257500085,0.9921339445529982
5388,1162.21765234375,1170.139150855,-7.921498511250093,0.9932302927402331
6732,1074.9909375,1083.437151459,-8.446213959000033,0.9922042409752792
3875,1078.78809765625,1088.2875440805,-9.499446424249982,0.9912711971507977
1161,272.5801142578125,282.21456235025,-9.63444809243748,0.9658612618071011
8344,515.423103515625,525.188050195,-9.76494667937493,0.9814067596222801
4742,1070.77850390625,1081.293436048,-10.514932141750023,0.9902755970012576
2146,289.6782177734375,300.661274272,-10.983056498562519,0.96347032889877
4622,1170.58624609375,1181.6516163982499,-11.065370304499766,0.9906356737116279
3899,1089.86346484375,1101.0206327532499,-11.157167909499776,0.9898665215097138
5558,909.39530859375,921.3074899035,-11.912181309750054,0.9870703511831125
7217,265.66748828125003,277.806109779,-12.138621497749966,0.956305415803447
8488,540.66833203125,552.82885079775,-12.16051876649999,0.9780031021771837
4718,1097.99852734375,1110.160653053,-12.162125709249949,0.9890447146862499
7549,262.5486435546875,275.4114513055,-12.862807750812522,0.9532960280223044
7498,630.08549609375,643.3342604375,-13.248764343750054,0.9794060939422901
4496,332.745314453125,346.09333158649997,-13.34801713337498,0.9614323164401357
5775,937.7546796875,951.86093990025,-14.10626021274993,0.985180334010335
1186,633.30259375,647.6267973705001,-14.324203620500043,0.9778820075751323
3274,894.75993359375,909.2607679645,-14.500834370749999,0.9840520608985868
2538,385.344435546875,400.562291178,-15.217855631125019,0.9620087638594734
7025,303.3903994140625,319.05505782925,-15.664658415187546,0.9509029586533814
1548,649.3512382812501,665.1752094237501,-15.8239711425,0.9762108210069654
3280,960.57413671875,976.67248940875,-16.09835269000007,0.9835171422886472
3879,1103.72523828125,1120.0313355465,-16.306097265249946,0.9854413910279258
4571,1067.00307421875,1083.67657757075,-16.673503351999898,0.9846139478496522
5223,1009.4699335937499,1026.3399735615,-16.87003996775013,0.983562911524558
5201,686.8017851562499,703.7097370575,-16.907951901250044,0.9759731150688319
2917,1141.54341015625,1158.49074007325,-16.947329916999934,0.9853711986499782
4645,1218.64846484375,1236.11056078225,-17.46209593850017,0.9858733535021956
905,471.128109375,488.80492986075,-17.67682048575,0.9638366547272296
7072,623.903703125,641.6798414955,-17.776138370500007,0.9722974944929416
7576,531.699693359375,549.5879974175,-17.88830405812496,0.9674514270514766
8440,518.30603125,536.509278681,-18.20324743099991,0.9660709532520607
2648,277.988185546875,296.60007549575,-18.61188994887499,0.9372492038142085
4378,862.57919140625,881.65635530775,-19.077163901500057,0.9783621308177344
7689,313.07253125,332.25343069525,-19.18089944525002,0.9422702713787373
1506,251.7116845703125,270.89912156625,-19.187436995937503,0.9291712803859484
2984,306.965056640625,326.276984336,-19.311927695375005,0.940811244545834
3639,1127.38320703125,1146.75393387275,-19.370726841499845,0.9831082089605828
953,478.37594140625,497.951545873,-19.575604466750008,0.9606877303832482
2698,700.6124804687499,720.20744361875,-19.594963150000012,0.9727926109395151
3512,395.887140625,415.49644322775004,-19.609302602750063,0.9528051229434795
2170,264.7986181640625,284.76160281125,-19.96298464718751,0.9298957957112094
1809,277.339146484375,297.31901301125,-19.979866526874957,0.9327998998203358
929,468.7063125,489.0903123025,-20.3839998025,0.9583226241696335
8126,578.07871875,598.62740778275,-20.548689032749962,0.965673656549516
5415,1093.31122265625,1114.53884471375,-21.227622057499957,0.9809538957398063
4719,1061.6876015625,1083.307274452,-21.619672889499952,0.9800428979114172
634,276.867052734375,298.71815558124996,-21.851102846874937,0.9268504328730632
6922,725.96587890625,748.2414822987499,-22.275603392499875,0.9702293913265887
2729,687.14523046875,709.64848676125,-22.50325629249994,0.9682895719774002
4671,561.90902734375,584.8303457767499,-22.921318432999897,0.960806891161977
2945,682.5401953125,705.53372417,-22.993528857499996,0.9674097367181709
6734,1074.5695078125,1097.5920878700001,-23.022580057500136,0.9790244651989041
3708,1058.77205078125,1082.07392448475,-23.30187370349995,0.9784655427372384
7624,501.235830078125,524.63722935425,-23.401399276125062,0.9553950826929996
2529,638.12202734375,661.5503520145,-23.428324670750044,0.9645857256911833
4621,1144.1672265625,1167.71316101925,-23.545934456750047,0.9798358567646581
7193,280.655455078125,304.25470084775,-23.599245769624986,0.9224358847166342
5149,916.41446875,940.10463332125,-23.69016457125008,0.9748005012353181
7114,665.254296875,689.1704102435,-23.916113368499964,0.9652972414684097
3783,1186.57091796875,1210.802922703,-24.232004734249813,0.9799868291859247
5342,774.3741796875,798.75025224025,-24.376072552749974,0.9694822337096423
4160,378.761283203125,403.14312802825003,-24.38184482512503,0.9395206216613542
3880,958.851953125,983.8370541895,-24.985101064499986,0.9746044307513021
12,721.01237890625,746.3338043715,-25.32142546525006,0.9660722504018884
3848,381.5588203125,407.28986658725,-25.731046274749986,0.9368237480908168
5845,566.38676171875,592.57516387775,-26.18840215900002,0.9558057699491966
6832,520.8822226562501,547.789876556,-26.907653899749903,0.9508796054797505
8248,499.72253710937497,526.6691885505,-26.946651441125084,0.9488357151400418
3113,684.36953125,711.416361694,-27.046830443999966,0.9619817130132083
2840,230.79936816406249,257.8598535275,-27.060485363437493,0.8950573891658208
6275,991.8455859375,1019.1183698425,-27.272783904999983,0.9732388447845821
2705,553.37933984375,581.2252294592499,-27.845889615499914,0.9520910498095588
7234,663.531984375,691.5552216555,-28.023237280499984,0.9594779457049089
4210,897.0963320312501,925.9130581575,-28.816726126249932,0.9688775022220006
4883,873.3844101562499,903.0525978045,-29.66818764825007,0.9671467767353462
2841,228.86741406250002,258.8264618595,-29.959047796999982,0.8842504415274461
2481,267.2067919921875,297.257408855,-30.05061686281249,0.8989070856888951
6612,1144.64581640625,1175.5525574755,-30.906741069249847,0.9737087535164477
3947,1112.50515234375,1143.43934289625,-30.934190552500013,0.97294636421457
2918,1090.1795703125001,1121.2826933435,-31.103123030999768,0.9722611218491957
7288,577.28478125,608.51588554675,-31.231104296750004,0.9486765982824499
7361,278.60155078125,309.97403108425,-31.372480302999975,0.8987899693014509
347,691.0756484374999,723.33390636525,-32.25825792775004,0.9554033640628696
5482,788.9973671875,821.28775988625,-32.29039269875,0.9606832157538723
6613,1182.278625,1214.981187635,-32.70256263500005,0.9730838930339814
2822,295.232373046875,328.25540371675,-33.02303066987497,0.8993983611682788
4793,692.0832695312499,725.19461834075,-33.1113488095001,0.954341429284734
4574,1128.28001953125,1161.82815221225,-33.54813268099997,0.9711247024026355
5294,1171.9397617187499,1205.5871758882502,-33.64741416950028,0.9720904337616232
7306,646.4235703125,680.38422515175,-33.96065483924997,0.9500860623543093
2577,617.7534609375,651.88644762825,-34.132986690750045,0.9476396728869341
495,251.5076748046875,285.88082153575,-34.37314673106249,0.8797640659272832
4114,769.7056367187499,804.28377227825,-34.57813555950008,0.9570075417305014
5798,970.75277734375,1005.4488512535,-34.69607390975,0.9654919543326484
2916,1150.56075390625,1185.3831878715,-34.82243396524996,0.9706234783045966
6731,966.72544921875,1001.78712088625,-35.061671667500036,0.965000875034725
5439,1085.2040234375,1120.469991787,-35.2659683495001,0.9685257351142609
3353,294.34287890625,329.87281424225,-35.529935335999994,0.8922920146969137
8104,496.752126953125,532.40492246225,-35.65279550912504,0.933034434998697
6490,728.9069804687499,764.9141447215,-36.007164252750044,0.9529265271741229
2625,631.8016328125,668.7977804845,-36.996147672000006,0.9446826085608697
5009,647.2845546875,684.2906113405,-37.00605665300009,0.945920553364853
2346,211.99658203125,249.04827128425,-37.051689253000006,0.8512268729545281
3709,1044.00026953125,1081.1480333835,-37.14776385224991,0.9656404454608913
1210,605.13775390625,642.3601431145,-37.22238920824998,0.9420537053095637
6037,453.039357421875,490.32642572574997,-37.287068303874946,0.9239545998920218
5001,410.14308984375,448.02011236625,-37.8770225225,0.9154568681349892
4817,652.40566796875,690.30552498975,-37.899857021,0.9450969801137551
3159,403.023650390625,441.604200157,-38.580549766374986,0.9126354535004554
5314,823.56135546875,862.37584908675,-38.81449361800003,0.9549912087472121
4214,1106.91171484375,1146.05655332225,-39.144838478500105,0.9658438849890357
5529,416.2260625,455.77221251599997,-39.546150015999956,0.9132326415624903
4908,1087.17615625,1127.0472293315,-39.871073081499844,0.9646234221526168
5266,812.69022265625,853.2359510367501,-40.54572838050012,0.9524800504670322
5776,853.10692578125,894.2025240365,-41.095598255250025,0.9540421793669476
1217,461.6413203125,503.14591254025,-41.50459222774998,0.9175098274460501
2890,910.40307421875,952.382743331,-41.97966911225001,0.9559214293180641
6133,1163.8287421875,1205.80931421525,-41.980572027749986,0.965184733192863
1338,221.45909375,263.566501411,-42.107407660999996,0.8402399080466659
7815,530.604732421875,572.84053454525,-42.235802123374924,0.9262695279006864
4335,1119.08613671875,1161.984626861,-42.89849014225001,0.9630817051158256
3351,331.531140625,374.88708749325,-43.355946868250044,0.8843493169036397
6853,299.182873046875,342.91751484425,-43.73464179737499,0.8724630828795609
5411,1024.7965898437499,1068.68518961025,-43.88859976650019,0.9589321521883927
5242,784.668796875,828.8696395072501,-44.2008426322501,0.9466733470836257
5986,796.86284375,841.1530522937501,-44.290208543750055,0.9473458375139692
7840,479.77150195312504,524.2687622955,-44.49726034237494,0.9151250952609312
4762,832.2363203125,876.78655821025,-44.55023789774998,0.9491891858631161
3345,222.1165537109375,267.0495947305,-44.93304101956252,0.8317427072051895
8416,500.289095703125,545.48586037825,-45.196764675124996,0.9171440199001148
3349,309.437833984375,354.64974726825,-45.21191328387499,0.8725167168321868
993,255.3232392578125,301.19242935575,-45.86919009793749,0.8477080216001457
3858,436.623951171875,482.9411720105,-46.31722083862502,0.9040934498297207
15,558.700134765625,605.6580315675,-46.957896801874995,0.9224679682645147
1650,240.4731396484375,288.192046943,-47.718907294562484,0.8344197605896448
4481,731.03396875,779.0539499845,-48.01998123450005,0.9383611594886123
2490,295.219916015625,344.1683236355,-48.948407619874956,0.8577777060927527
5458,814.494046875,863.78883585875,-49.29478898374998,0.9429318973801338
4137,597.4536484375,647.743228759,-50.28958032150001,0.9223618572745086
3779,1155.42498828125,1205.89547884775,-50.47049056649985,0.9581468772294659
6063,925.07921484375,975.8701802639999,-50.790965420249904,0.9479531525858668
5434,823.3346054687499,874.3289007845,-50.99429531575004,0.9416760715427902
2844,212.81942578125,263.9832090515,-51.16378327025001,0.8061854605818736
6587,764.8196640625,816.115164801,-51.29550073849998,0.9371467362842663
1093,621.761365234375,673.45936253125,-51.69799729687497,0.9232351629565306
3824,387.508703125,439.48764392875,-51.97894080374999,0.8817283206853817
2151,268.4326044921875,320.61616221325,-52.18355772106247,0.837239775443405
6353,484.27620703125,536.72024021525,-52.44403318399998,0.9022879516053738
4693,788.9469921875,841.6226231554999,-52.67563096799995,0.9374118156330984
4931,947.33025,1000.0070124497499,-52.67676244974996,0.9473236059934924
4695,858.8532109375,911.6129625575,-52.75975162000009,0.9421248328741298
5080,819.53600390625,872.4279550702499,-52.89195116399992,0.9393738453748713
5895,1059.2874921875,1112.44938126625,-53.16188907874994,0.9522118570730381
4599,1106.381265625,1159.709620003,-53.328354378000085,0.9540157687647034
1385,521.806787109375,575.605265204,-53.79847809462501,0.9065358115129574
4743,1018.6731132812499,1072.5207445405,-53.847631259249965,0.9497933886284751
3129,669.74912890625,723.61616693975,-53.867038033499966,0.9255585468925218
7330,641.3185390625,695.40383622975,-54.08529716725002,0.922224619319463
2297,398.89750000000004,453.2793073875,-54.381807387499975,0.8800258309143686
5943,1022.0400039062499,1076.656784544,-54.616780637750026,0.949271873478089
1066,600.11238671875,655.64631402175,-55.53392730299993,0.9152989545877983
2919,1023.8344179687499,1079.43326672975,-55.598848761,0.948492554914548
1674,193.63825390625,249.4605499775,-55.82229607125001,0.7762279572761591
2168,222.07325976562498,277.90866632875003,-55.83540656312505,0.7990872033614016
7570,612.57734375,668.4370504175,-55.85970666750006,0.916432358815175
4407,1133.1067734375,1189.2135199704999,-56.10674653299998,0.952820291273503
2823,290.0231904296875,346.75194662975,-56.72875620006255,0.8363996003833969
8080,490.468453125,547.325018501,-56.85656537600005,0.896119189968994
5772,861.77397265625,919.0804587785,-57.30648612225002,0.937648019264754
3971,1096.6886132812501,1154.0303119635,-57.3416986822499,0.9503117907405751
1482,243.82797265625,301.2500667865,-57.422094130249974,0.8093872789733418
4670,516.86906640625,574.4523072595,-57.583240853250004,0.89975975198408
4546,844.6576210937501,902.32522236175,-57.667601267999885,0.9360900030554943
7881,224.5298525390625,282.35028668075,-57.820434141687514,0.7952173677008455
761,438.498955078125,496.37219071325,-57.87323563512501,0.8834075768117206
638,259.7812236328125,317.95722708425,-58.17600345143751,0.8170319800497743
7721,213.1071826171875,271.30790224,-58.20071962281247,0.7854809243381019
2171,227.621923828125,285.9725401625,-58.35061633437502,0.79595727234099
2148,260.0634873046875,319.54650390775,-59.48301660306248,0.8138517658948119
3424,1003.1778984375,1062.69858693075,-59.52068849325008,0.9439909959707891
4352,365.00791015625,424.70275431825,-59.69484416200004,0.8594432354994546
8605,592.77673046875,653.035364806,-60.25863433724999,0.9077253109211374
5315,885.39484765625,946.1931816775,-60.79833402124996,0.9357442685761007
1094,565.507283203125,626.34753969575,-60.84025649262503,0.9028650173591432
1594,603.1096875,664.25952699025,-61.14983949025009,0.9079428477672545
7282,628.1215234375,689.29374912925,-61.1722256917501,0.9112537627386297
2457,617.1762539062499,678.68516396575,-61.50891005950007,0.9093704795174002
137,285.3438017578125,347.16984495275,-61.82604319493748,0.8219141295947919
2363,592.185171875,654.0366046675,-61.85143279249996,0.9054312354132299
2250,336.00465625,397.9115920665,-61.90693581650004,0.8444203740348073
7049,202.665232421875,264.78675906425,-62.12152664237502,0.7653903555173932
7594,594.361765625,656.81030871475,-62.448543089750046,0.9049214922998526
7857,260.6640078125,323.23679194575,-62.57278413324997,0.8064181228782585
7786,588.5939609375,651.7725052740001,-63.17854433650007,0.9030665688896974
4145,638.57575,702.0653111727501,-63.489561172750086,0.9095674418434622
4715,981.6060273437499,1045.2834614775,-63.67743413375001,0.9390811799673711
4643,1072.0867109375,1136.0058976235,-63.9191866860001,0.9437334015928516
3329,500.30819140625,564.25912753975,-63.95093613350002,0.8866638856175901
5249,662.10073828125,726.33597390175,-64.23523562050002,0.9115626392742161
2370,324.75756640625,389.3515465415,-64.59398013524998,0.8340985632569881
8604,599.506994140625,664.18442039675,-64.67742625612505,0.902621282323799
2819,244.18268261718748,308.93795771875,-64.75527510156252,0.7903939147843136
3635,1097.7524296875,1162.593222321,-64.84079263350009,0.944227445736971
2817,226.18559765625,291.09563588125,-64.91003822500002,0.7770147298652933
2129,403.339455078125,468.59296262325,-65.25350754512499,0.8607458634449556
2843,191.0155,256.29051962075,-65.27501962074999,0.7453084863901707
5891,1025.02266015625,1090.5097734945,-65.48711333825008,0.9399481638130145
2433,609.512837890625,675.23401527875,-65.72117738812506,0.9026690350253415
3256,961.6458125,1027.51856587725,-65.87275337724998,0.9358914218188338
7619,601.132380859375,667.073309355,-65.94092849562503,0.9011489015194853
6611,1010.00458203125,1076.1283740445,-66.12379201325007,0.9385539917479494
1144,248.7503671875,315.41485073175,-66.66448354425,0.788645067985112
3802,928.0089921875,994.99598642975,-66.98699424225003,0.9326761151918921
2775,666.99031640625,734.20373662125,-67.21342021499993,0.9084539920311969
3973,1165.63039453125,1233.47911891275,-67.8487243815,0.9449940219609884
4139,718.66850390625,786.77062970575,-68.10212579950007,0.9134409392755154
5174,766.13884375,834.540424979,-68.40158122900004,0.9180368258988076
7713,215.25598828124998,283.6921317535,-68.43614347225002,0.758766153266174
4768,955.09273046875,1023.626235387,-68.53350491824995,0.9330483105238232
6586,719.7527031249999,788.3729170985,-68.62021397350009,0.9129597004181635
4644,1118.4528984375,1187.33223510875,-68.87933667125003,0.9419881516086949
6132,1117.03011328125,1186.20966131525,-69.17954803400016,0.9416801673163113
5344,789.29530078125,858.53624590425,-69.24094512299996,0.9193500025506527
6300,1085.9890546875,1155.5256621475,-69.53660746000014,0.9398225321360741
2147,240.24470703125002,310.74658357725,-70.501876546,0.7731209897546804
3418,971.0105,1041.73779957575,-70.72729957574995,0.9321064278010645
3445,1179.8046640625,1250.67425967275,-70.86959561024992,0.9433348883568383
828,264.37444140625,335.30346844575,-70.9290270395,0.7884631848374719
4960,791.671875,862.921404232,-71.24952923199999,0.9174321904636908
443,617.48346875,688.98500549025,-71.50153674025,0.8962219249088088
3488,401.81277734375,473.5760561345,-71.76327879075001,0.8484651436456202
4184,356.23708203125,428.01970958674997,-71.78262755549997,0.8322913015919363
6708,268.9293583984375,340.75185119925,-71.82249280081248,0.7892234676429132
5967,1008.7316093750001,1080.89203697575,-72.16042760074993,0.933239929553104
2610,366.661322265625,438.88422425675,-72.22290199112496,0.835439738238771
2821,256.000197265625,328.33958338825,-72.339386122625,0.7796811881290371
5296,913.1241992187499,985.49647432,-72.37227510125001,0.9265626230903058
16,497.31534375,569.95259372925,-72.63724997924999,0.8725556271679831
6806,637.07540625,709.76252521125,-72.68711896125001,0.8975895214569052
6256,788.098828125,860.91109989325,-72.81227176825007,0.9154241678464795
3018,365.695345703125,438.57111170400003,-72.87576600087505,0.8338336363479091
785,416.93569140625,489.96754457475004,-73.03185316850005,0.8509455272535837
1096,481.92520117187496,555.0153543355,-73.09015316362502,0.868309672046023
1671,186.6035341796875,260.069985835,-73.46645165531251,0.7175127605096435
5297,677.042171875,750.7335717670001,-73.69139989200005,0.9018408080240856
6060,876.5980078125,950.447526208,-73.84951839550001,0.9223002666833826
3974,1161.42295703125,1235.427399102,-74.00444207074997,0.9400981044579065
6852,262.025890625,336.1740569165,-74.14816629149999,0.779435189761379
5652,698.587234375,772.8471284315,-74.2598940565,0.9039138631321242
8534,261.3866220703125,335.6573781885,-74.27075611818748,0.7787304503844137
2005,199.3212861328125,273.65944038275,-74.3381542499375,0.7283552327874357
2152,246.11712890625,320.55934184425,-74.44221293800001,0.7677740000416422
8025,238.91994970703126,313.4860442985,-74.56609459146875,0.7621390275268322
2586,386.9583671875,461.6163695735,-74.65800238599996,0.838268293446251
2466,368.675283203125,443.51925033875,-74.84396713562501,0.8312497869941143
856,483.178005859375,558.0892845672499,-74.91127870787494,0.8657718726283483
5272,901.5194101562499,976.6807107165,-75.16130056025008,0.9230441426163158
6134,1138.2207890625,1213.418441814,-75.19765275150007,0.9380282587619884
59,655.9135703125,731.65235962725,-75.73878931474997,0.8964825450029046
4521,378.652708984375,454.670782017,-76.01807303262501,0.8328063362061628
3347,226.87717968750002,303.08855161175,-76.21137192424999,0.748550803824402
2006,193.1693193359375,269.61828012125,-76.4489607853125,0.71645482840634
5440,913.7062890625,990.18049239475,-76.47420333225,0.9227674097375271
6368,178.3834375,254.997733899,-76.61429639899998,0.699549106075999
5962,813.65033203125,890.68753931725,-77.03720728600001,0.9135081554429734
6851,242.84433007812498,320.5932802715,-77.74895019337504,0.757484152864913
8393,190.7392060546875,268.78328425475,-78.04407820006253,0.7096393880069843
5024,293.4447236328125,371.6135658365,-78.16884220368752,0.7896501899294767
2274,306.831298828125,385.12559664925004,-78.29429782112504,0.7967045054937353
5000,297.4425322265625,376.31959889675,-78.8770666701875,0.7903987257325188
2409,554.148919921875,633.267604588,-79.11868466612509,0.8750627934099645
2483,254.3031328125,333.55836542049997,-79.25523260799997,0.7623947063342823
2845,221.1883779296875,300.56971064100003,-79.38133271131252,0.7358970959584729
4505,530.66705859375,610.45002131125,-79.78296271750003,0.869304675564708
5081,691.982,771.7682306657499,-79.78623066574994,0.896618922116627
689,408.81764453125004,489.65112762025,-80.83348308899997,0.8349161691574686
4738,781.94651953125,862.9695060622499,-81.0229865309999,0.9061114131288125
4113,642.0024140625,723.069202153,-81.06678809050004,0.8878851585200946
3681,284.949234375,366.40200647875,-81.45277210375002,0.777695614540338
8561,203.832013671875,285.40123723975,-81.56922356787501,0.7141945666705442
1170,196.3996103515625,278.077449761,-81.67783940943752,0.7062766499552048
6850,221.8613046875,303.99304987375,-82.13174518625001,0.7298236063285546
3209,725.3930546875,807.8524233695,-82.45936868199999,0.8979276818456582
2509,205.2802548828125,287.9340266585,-82.65377177568749,0.7129419768554837
493,204.97143749999998,287.92831609975,-82.95687859975004,0.7118835672873036
2106,348.28381640625,431.97201856099997,-83.68820215474994,0.806264759370758
1189,561.644318359375,646.33213534375,-84.68781698437499,0.8689716738154979
6706,206.9722333984375,292.1423816525,-85.17014825406247,0.7084635632777344
521,384.766357421875,469.98981074275,-85.22345332087502,0.8186695707192856
7738,562.1257578125001,647.66593316425,-85.5401753517499,0.8679254661399921
3666,435.47436328125,521.0767871035,-85.60242382224999,0.8357201341978661
1890,313.5848671875,399.23078695925,-85.64591977175002,0.7854726555295329
39,509.323029296875,596.5760053355,-87.25297603862498,0.8537437374081116
7912,451.39941015625,538.79580063975,-87.39639048350006,0.837793109713325
62,538.318595703125,626.251449936,-87.932854232875,0.8595885804313109
6536,169.32694824218748,259.01310482275,-89.68615658056251,0.653738920678642
969,250.23055029296876,340.1776747105,-89.94712441753126,0.7355878064906335
2508,197.8266494140625,288.4350580425,-90.60840862843747,0.6858620102243306
2004,191.87201953125,282.5962954825,-90.72427595125001,0.6789615501671369
8127,473.00433398437497,563.77601422575,-90.77168024137507,0.8389933612109628
5391,1089.296453125,1180.3523256345,-91.05587250949998,0.9228570389918028
7936,448.291837890625,539.446216905,-91.15437901437502,0.8310223021520416
6251,1003.1136328125,1094.465871426,-91.35223861349994,0.9165325827739077
5387,1019.76436328125,1111.410420095,-91.64605681375008,0.9175407607538381
490,185.9871015625,277.699975358,-91.71287379550003,0.6697411501495147
1139,217.48127929687502,309.354097356,-91.872818059125,0.7030172881259225
6614,1135.7451054687501,1227.628904129,-91.8837986602498,0.9251534406884997
6709,264.22013671875,356.20078796949997,-91.98065125074999,0.7417730249367137
2510,196.74965625,288.9778655025,-92.2282092525,0.6808468019757419
6493,651.9789882812499,744.39810057225,-92.41911229100003,0.8758471937316863
4623,1085.359921875,1178.33297258075,-92.97305070574998,0.9210978103895191
3809,729.29404296875,822.32816357925,-93.03412061050005,0.8868649699501638
545,395.44419140625,488.83301531875003,-93.38882391250002,0.8089555701131189
5295,1096.63912109375,1190.110826913,-93.47170581925002,0.9214596618844618
4716,1012.262578125,1106.23180058575,-93.96922246075007,0.915054671791167
6326,790.04010546875,884.2514179705,-94.21131250175006,0.8934564180723208
2961,649.4112421875,744.089501858,-94.67825967049998,0.8727595802563444
2265,551.58476953125,647.2121803492499,-95.62741081799993,0.8522472002633751
4520,255.6915654296875,351.543496397,-95.85193096731251,0.7273397668366871
6064,775.38098828125,871.52474197625,-96.14375369499999,0.8896832758107707
657,197.46546826171874,293.93412479725,-96.46865653553124,0.6718017777831164
4667,400.471765625,497.27158202025,-96.79981639524999,0.8053381276940812
5099,786.2672656249999,883.33500837325,-97.06774274825011,0.8901121967110505
2842,158.041685546875,256.90287140725,-98.86118586037503,0.6151806870276741
8369,203.5117626953125,303.19979664875,-99.6880339534375,0.6712133856074541
3305,718.1064375,817.8673177647499,-99.76088026474997,0.8780231475498717
6036,349.78326171875,449.5646634155,-99.78140169674998,0.7780488312477128
2007,167.96804589843748,267.84470916975,-99.87666327131251,0.6271098122191235
5410,829.00644140625,929.4791231915,-100.47268178524996,0.8919043148250959
5057,691.4892421874999,791.98996978525,-100.50072759775003,0.8731035337504279
8554,189.5269423828125,290.853481326,-101.3265389431875,0.6516234251938
6299,990.1691640625,1091.56866996125,-101.39950589874991,0.9071066167468362
1090,533.05449609375,635.2230869915,-102.16859089775005,0.8391610855631917
3082,736.74697265625,839.422817541,-102.67584488474995,0.8776828034491476
832,195.8479052734375,298.5273937485,-102.6794884750625,0.6560466768499864
2794,602.445845703125,705.2465166225,-102.80067091937508,0.8542344139947933
5386,842.0964531249999,945.1148845095,-103.0184313845001,0.8909990372980274
3297,679.64374609375,782.9489910305,-103.30524493675,0.8680562246221964
713,386.022314453125,489.3478135515,-103.32549909837502,0.788850594554968
8125,544.4226757812501,648.036053037,-103.61337725574992,0.8401117073497981
7529,218.0881943359375,322.00435822425,-103.9161638883125,0.6772833599561822
2339,170.2182626953125,274.3123717595,-104.09410906418753,0.620527105587575
8057,185.38065917968748,289.94568792125,-104.56502874156251,0.6393633920524935
2816,193.9774990234375,298.5689136475,-104.59141462406248,0.649690873721578
2818,189.7456435546875,294.538591348,-104.79294779331252,0.6442131811728811
5944,830.66362109375,935.870535204,-105.20691411025007,0.8875839007209463
2482,203.8537216796875,309.773005813,-105.91928413331249,0.6580745164886088
2820,214.537078125,320.88373243575,-106.34665431075001,0.6685819683906052
2920,844.64286328125,951.13765053575,-106.49478725450001,0.8880343049373046
6017,448.005306640625,554.54632781675,-106.54102117612501,0.8078771481483713
3687,338.196087890625,445.1098698755,-106.91378198487502,0.7598036125898914
5224,797.34877734375,904.58905341025,-107.24027606649997,0.8814486240534762
8272,424.98497265624997,532.236383145,-107.25141048875003,0.7984891400067626
6707,208.3407978515625,315.96143658325,-107.6206387316875,0.6593867892396474
2507,178.00926464843752,285.65639095325,-107.6471263048125,0.6231586957717025
8705,222.13352246093748,330.17106438525,-108.03754192431254,0.6727831289569477
7834,556.02144140625,664.46075951675,-108.43931811050004,0.8368010188800811
5896,858.63153125,967.33623096,-108.70469971,0.8876246985086619
4024,967.55903125,1076.526560298,-108.96752904800007,0.8987785959348603
3254,991.420921875,1100.5494062365,-109.12848436150011,0.9008418116951934
2385,529.9889609375,639.6106785517501,-109.62171761425009,0.82861180696502
7258,577.850375,687.595637275,-109.74526227499996,0.8403927291477262
180,569.60995703125,679.49311510275,-109.88315807150002,0.8382865749961712
2721,574.464400390625,684.86444819575,-110.40004780512504,0.8388001466059889
2559,437.95845703125,548.414320812,-110.45586378075001,0.7985904809783305
3710,959.98803125,1070.73542612525,-110.74739487524994,0.8965688506519405
3753,678.73101171875,789.55419717025,-110.82318545149997,0.8596382785268867
4688,331.9397421875,442.85875179375,-110.91900960625003,0.7495386284983111
5416,910.3740312499999,1021.82089285225,-111.44686160225012,0.8909330751868881
1114,569.9036796875,681.78679951425,-111.88311982674998,0.8358972031398083
8385,187.78273193359377,299.84632459,-112.06359265640623,0.6262632418926544
7906,543.135625,655.49081224575,-112.35518724575002,0.828593801811793
8435,564.630505859375,677.71022164225,-113.07971578287493,0.833144442853465
857,391.261041015625,504.711405085,-113.45036406937504,0.7752173545087893
4865,457.42714453125,570.8892702265,-113.46212569525,0.8012537064298166
8729,165.53012646484376,279.63538233225,-114.10525586740624,0.5919498616102112
7889,171.86850195312502,286.105554748,-114.23705279487496,0.6007171077254639
5488,871.24669921875,985.69653495025,-114.4498357315,0.8838893791777751
5609,644.6152617187499,759.27763811075,-114.66237639200006,0.8489849147588618
2634,367.782138671875,483.17635713525,-115.39421846337501,0.761175774599729
6394,775.47518359375,891.0195240395,-115.54434044574998,0.8703234461213094
2442,368.021658203125,483.567014426,-115.545356222875,0.761056164839769
3874,900.46441015625,1016.3878503215,-115.92344016524999,0.8859456643302779
4856,308.50032226562496,424.42595234199996,-115.925630076375,0.7268648861749442
4526,536.710103515625,652.7696437685,-116.05954025287508,0.8222044450396667
4258,777.22925,893.29778016175,-116.06853016175,0.8700673687884898
5705,600.833373046875,717.02465843275,-116.19128538587506,0.837953569856585
6849,185.2888193359375,301.60824894725,-116.3194296113125,0.6143360447479262
7550,156.8976669921875,273.651766815,-116.75409982281246,0.5733479021347192
6344,182.78857421875,299.7439533655,-116.95537914674998,0.6098157162358057
6833,377.143056640625,494.41401269375,-117.27095605312502,0.7628081854375491
5749,1166.00555859375,1283.48354076425,-117.4779821704999,0.908469427657002
3375,682.4666953125,799.99249686525,-117.52580155275007,0.8530913691486317
6563,638.52811328125,756.38183870125,-117.85372542000005,0.8441875250910982
8074,528.99818359375,647.52468196675,-118.52649837299998,0.8169544690868776
4720,878.5965546875,997.29654497225,-118.69999028475002,0.8809782388556945
898,554.526388671875,673.87757877375,-119.35119010187498,0.8228889123422887
6377,417.395912109375,536.7822802555,-119.38636814612505,0.7775888412954172
3162,289.639951171875,409.29260644875,-119.65265527687501,0.7076598646071138
5625,529.0407109375,648.86077898325,-119.82006804575008,0.8153377847111623
6497,428.30371484375,548.6916541695,-120.38793932574998,0.7805909034855649
3249,683.8325625,804.5492874542499,-120.71672495424991,0.849957326808183
4882,713.2449843750001,834.1225532075,-120.87756883249995,0.8550841609272324
3684,345.098171875,466.68642749450004,-121.58825561950005,0.7394647686418998
946,559.64876953125,681.506015785,-121.85724625375008,0.8211941725348064
4402,827.53782421875,949.461224586,-121.92340036725,0.8715867503783529
737,349.63455078125,471.91584686249996,-122.28129608124993,0.7408832578199864
1938,289.513994140625,412.2153536425,-122.701359501875,0.7023367540292389
1986,175.0160517578125,297.98850879775,-122.9724570399375,0.5873248330165447
4570,868.420859375,991.4261434269999,-123.00528405199998,0.8759309649604898
2344,139.50332470703125,263.10288168075,-123.59955697371873,0.5302234748841772
5222,962.40179296875,1086.872251656,-124.4704586872499,0.8854782985000488
3923,1006.090171875,1130.56733120925,-124.4771593342499,0.8898984989323827
2003,164.47841796875,289.3310374125,-124.85261944375,0.5684783038529475
831,173.1523203125,298.42553106875,-125.27321075625,0.5802195244896469
5290,793.40980859375,918.7972294515,-125.38742085775004,0.8635309100832462
1962,249.453556640625,374.87012454225,-125.41656790162497,0.6654399474479067
4209,647.45794921875,773.08083667875,-125.62288746000002,0.8375035541726854
4265,741.6562421875001,867.53214186325,-125.8758996757499,0.8549034733626096
7865,189.2811884765625,315.27786932225,-125.99668084568751,0.6003630647564814
449,352.429681640625,478.50785009975004,-126.07816845912504,0.7365180755773165
1141,196.696861328125,323.0737643375,-126.37690300937498,0.6088295690696056
4242,459.367302734375,585.7849215995,-126.41761886512495,0.7841910657172096
2121,555.03469921875,681.65128491725,-126.61658569849999,0.8142502048857415
2418,356.226041015625,482.93837974275,-126.71233872712497,0.7376221381861516
3201,696.79653125,824.1017943945001,-127.30526314450003,0.8455224040816964
4933,962.99898046875,1091.3497315060001,-128.35075103725012,0.8823926480995912
3904,923.98565234375,1052.45039621425,-128.46474387050012,0.8779374826495046
2969,681.47394921875,810.03768265775,-128.56373343899998,0.8412867240219412
3161,313.866310546875,442.87966241,-129.01335186312497,0.7086943395192892
3711,922.10994921875,1051.27597346125,-129.16602424250004,0.8771340462634523
399,474.35213671875,603.592247725,-129.24011100625,0.7858817566341337
2201,346.14824999999996,475.67067913325,-129.52242913325006,0.7277056679277208
8049,149.94225195312498,279.56554955775,-129.623297604625,0.5363402309547125
5320,922.77846875,1053.03997063825,-130.26150188825,0.8762995646921191
1914,254.6394404296875,385.3581881255,-130.7187476958125,0.660786373860499
4261,962.5944882812499,1093.4784127780001,-130.88392449675018,0.8803049755280102
2008,135.203900390625,266.54829256275,-131.34439217212503,0.5072397897711384
1002,149.30892138671874,280.9227367315,-131.61381534478124,0.5314946116231611
8512,409.72017578124996,541.554773244,-131.83459746275003,0.7565627620090902
4286,1062.1686484375,1194.39809991075,-132.22945147325004,0.8892919769610963
3226,961.26547265625,1094.2365608055,-132.9710881492499,0.87848049152201
2846,211.78832617187498,344.88284692125,-133.09452074937502,0.6140877328298866
7427,553.477111328125,686.86718679225,-133.39007546412495,0.8057993177795092
3343,90.62685839843749,224.06277816325002,-133.43591976481252,0.4044708306166622
377,351.881736328125,485.3371155575,-133.455379229375,0.7250253984777116
4384,959.36012109375,1093.0795002665,-133.71937917275,0.8776672876786952
2506,144.659240234375,279.08735156675,-134.42811133237498,0.51832961581366
1314,197.3920771484375,331.9321597805,-134.5400826320625,0.5946759623541537
8750,462.12798828125,596.8896789214999,-134.76169064024992,0.7742268024168668
3898,898.6747109375001,1033.62140136075,-134.94669042324995,0.8694428239246622
7742,475.10557421875,610.32911837375,-135.223544155,0.7784415967343145
64,418.192759765625,554.21228697075,-136.01952720512503,0.7545714319991695
2336,154.0419658203125,290.35439756299996,-136.31243174268747,0.5305308498258864
3175,106.68465185546876,243.02350022875,-136.33884837328125,0.43898903322543287
5770,716.71998046875,853.1411377507501,-136.42115728200008,0.8400954401498434
8098,517.35875,654.17072781125,-136.81197781125002,0.7908619680066351
5842,376.99365234375,513.81680872025,-136.82315637650004,0.7337121814854713
4016,369.8675703125,507.06425801999995,-137.19668770749996,0.7294293844084788
4842,426.234072265625,563.44989469325,-137.21582242762503,0.7564720049174928
3972,1097.81627734375,1235.1268021565,-137.31052481274992,0.8888288024664042
5939,1037.7850078125,1175.3372932935,-137.5522854809999,0.8829678194090801
5750,1153.96091796875,1292.7771975927499,-138.8162796239999,0.8926216514530824
8033,179.65514746093748,319.609119921,-139.95397246006252,0.5621089502803773
4832,311.554873046875,451.65572670875,-140.10085366187502,0.6898060932989674
4930,769.3317265625,909.77633072025,-140.44460415775006,0.8456273259030707
1907,522.5862890625,663.051046938,-140.46475787550003,0.7881539297580079
4550,1025.85783984375,1166.3935259447499,-140.53568610099978,0.8795126311536391
5873,493.833482421875,634.7259554362499,-140.89247301437496,0.778026292156959
707,561.60024609375,702.70241566425,-141.1021695705,0.7992006755287446
6809,390.0955078125,531.7259062165,-141.630398404,0.7336402129709788
425,335.841849609375,477.71158917125,-141.869739561875,0.703022192718796
2345,117.1385126953125,259.7426756775,-142.60416298218752,0.4509790774226649
4785,597.025833984375,740.3426398835,-143.31680589912503,0.8064182731281079
4143,763.0811640625,906.7439556960001,-143.6627916335001,0.8415618967486923
3640,946.29430859375,1090.112207405,-143.81789881124996,0.8680705539279506
5441,664.0828125,808.12536346625,-144.0425509662499,0.8217571699888581
4932,910.57908203125,1054.82285007625,-144.24376804500002,0.8632530866222454
3138,345.27151171875,490.20365706475,-144.93214534600003,0.7043429930364652
5681,626.439923828125,771.56564663225,-145.12572280412508,0.8119074841531876
5601,515.00595703125,660.46362034725,-145.45766331599998,0.7797643055354245
7476,496.931568359375,642.40582015425,-145.47425179487504,0.7735477357077921
2312,172.3487763671875,317.86077040875,-145.5119940415625,0.5422146797270471
4170,458.98053125,604.59752284275,-145.61699159274997,0.7591505309726946
826,200.4831181640625,346.13290791675,-145.64978975268752,0.5792084861028963
6303,1012.0039335937499,1158.0939123425,-146.08997874875013,0.8738530804232412
5464,888.8554296875,1035.36565381775,-146.51022413024998,0.8584942194590764
922,533.70006640625,680.2585511445,-146.55848473824994,0.7845547324965962
5748,1125.6043554687499,1272.806972226,-147.2026167572501,0.8843480426696932
637,168.0852421875,315.87865705375,-147.79341486624998,0.5321196538668928
395,593.9402128906249,742.1536593015,-148.21344641087512,0.8002927758239939
682,521.5105859375,669.7835139965,-148.27292805900004,0.7786255920918346
6953,360.35415624999996,508.75572224475,-148.40156599475006,0.7083048696764092
8361,191.5108935546875,339.93880703375,-148.42791347906248,0.5633687270435855
6400,752.2901796875,901.7720651805,-149.48188549300005,0.8342353992776268
8751,417.957505859375,567.73951741075,-149.78201155137498,0.7361782865306723
6255,841.257078125,991.17580808225,-149.91872995724998,0.848746579987598
5079,783.016171875,933.38549130375,-150.36931942874992,0.838899016892138
1832,122.520974609375,272.9243638825,-150.40338927312501,0.4489191526089032
730,526.1390859375,677.30634471275,-151.16725877525005,0.7768110977667393
6569,437.554162109375,588.81935708975,-151.26519498037504,0.7431042408810911
4642,868.5624726562501,1019.8671947945,-151.30472213824999,0.8516427199912239
3378,407.84394140625,559.6131444932499,-151.76920308699994,0.7287962134034063
8535,179.374431640625,331.24681515425,-151.87238351362498,0.5415129229713008
2193,535.03404296875,687.0877305215,-152.05368755275003,0.7786982919691501
2226,293.8301640625,446.17667756525003,-152.34651350275004,0.6585511484090927
8580,513.737607421875,666.12345900925,-152.385851587375,0.7712348209665835
7930,528.5780136718749,681.1687600085,-152.5907463366251,0.7759868683485898
569,323.42947851562496,476.03773347675,-152.60825496112506,0.6794198339573466
4666,323.081625,475.91453866775004,-152.83291366775006,0.6788647920392447
6905,370.005287109375,522.9128308735,-152.90754376412497,0.7075850209751298
8193,208.9113857421875,361.95129222125,-153.03990647906252,0.5771809347134621
7169,307.36866601562497,460.4514773015,-153.08281128587504,0.6675375810485776
4527,530.722025390625,684.8253391925,-154.10331380187495,0.7749742806559151
1305,163.04663769531248,317.1620545245,-154.1154168291875,0.5140798997082977
4257,651.44680859375,806.03775436425,-154.59094577049996,0.8082088019553872
3233,723.053984375,878.5176642525,-155.4636798775,0.8230386399426388
5360,268.6841435546875,424.39741356425003,-155.7132700095625,0.6330956182439493
3881,682.13987109375,837.929962778,-155.79009168425,0.8140774295958644
4089,635.616484375,791.8004768355,-156.1839924605,0.8027482960259745
11,618.3976328125,774.6496008524999,-156.25196803999995,0.7982933591312273
1976,156.5298115234375,312.9148927225,-156.38508119906248,0.5002312598845221
3614,1181.65187109375,1338.31624529725,-156.66437420349985,0.882939196444079
7337,287.3890166015625,444.28971996025,-156.9007033586875,0.6468504740114723
7744,386.2420078125,544.0537872965,-157.811779484,0.7099334957704673
6872,112.41971435546876,270.57070139275,-158.15098703728123,0.41549108370308563
3281,698.4216054687499,856.5860424525,-158.16443698375008,0.8153548739292287
4094,847.6429765625,1005.932598979,-158.28962241649992,0.8426439073355368
830,157.1540302734375,315.9829129615,-158.8288826880625,0.497349772186054
61,528.14805859375,687.7905487407501,-159.6424901470001,0.7678908336161723
2921,659.59171484375,819.77773019375,-160.18601535000005,0.8045982340643247
3344,85.11556396484374,245.84169721075,-160.72613324590625,0.3462210218377098
2002,128.78141943359375,289.58683813325,-160.80541869965626,0.44470743152224707
3784,993.6367343750001,1155.721845203,-162.08511082799987,0.8597542199617381
538,499.10617382812495,661.39659748375,-162.2904236556251,0.7546246457455701
514,491.30894726562497,654.0256090255,-162.71666175987502,0.7512075058444105
4910,969.5902734375,1132.568417837,-162.97814439950002,0.8560986314920759
8606,439.84776171875,603.18994717475,-163.34218545600004,0.7292027379596216
2774,586.655630859375,750.00092521625,-163.345294356875,0.7822065418226202
1140,152.51629296875,316.03259832925,-163.51630536049998,0.4825967108850535
2824,200.8427490234375,364.59244723650005,-163.74969821306254,0.5508691965368326
4620,929.9932265625,1093.86396605925,-163.87073949675005,0.850190932847618
6467,675.85292578125,840.008677187,-164.15575140575004,0.8045785041649222
5993,565.327306640625,730.1485284785,-164.821221837875,0.7742634324613423
6546,121.20408984375,287.217604357,-166.01351451325002,0.4219939432093592
3970,912.3627773437499,1078.711219878,-166.34844253425013,0.8457896420147984
5849,538.5319453125,704.92757145425,-166.39562614174997,0.7639535838236076
8201,185.838021484375,352.27221834375,-166.43419685937502,0.527540950661888
2001,127.41578515625,293.99059465675003,-166.57480950050004,0.43340088777878744
4953,578.618431640625,745.4087279845,-166.79029634387507,0.7762431658519747
3975,1059.13199609375,1226.1556117202501,-167.02361562650003,0.8637826921038554
250,470.06189453125,637.319497261,-167.25760272975003,0.7375608243806572
8122,502.77078710937496,670.03558128625,-167.26479417687506,0.7503643095995806
2200,359.695265625,527.16335256125,-167.46808693625002,0.6823222122613039
4121,495.10896875000003,663.10122143025,-167.99225268024998,0.7466566973522347
3707,845.6756171874999,1014.29939304375,-168.62377585625006,0.833753448097814
3655,120.70812011718749,289.6683047775,-168.9601846603125,0.41671152041710013
636,138.5278759765625,307.8749537525,-169.3470777759375,0.44994850616518894
7097,315.105849609375,484.71813064075,-169.612281031375,0.650080591255696
2847,196.9404541015625,366.7009414995,-169.7604873979375,0.5370601252322416
1142,156.7343984375,326.81676282575,-170.08236438825,0.47957882148624
3616,981.63528125,1151.7693952665,-170.1341140164999,0.8522845670600421
7551,103.12096826171874,273.326934445,-170.20596618328125,0.37728066607789257
2009,92.6834375,263.05015533425,-170.36671783425,0.35234131312292366
6008,206.26312695312498,377.366839135,-171.10371218187504,0.5465851924862714
6512,133.29629150390625,305.00954732525,-171.71325582134378,0.43702333987841063
6711,193.40140039062499,365.51616609399997,-172.11476570337499,0.529118593927715
305,163.43537890625,335.7451913885,-172.30981248225,0.48678397371401355
3417,705.20145703125,877.51766114925,-172.31620411799997,0.8036322087284756
3586,942.22963671875,1114.56939731125,-172.33976059249994,0.8453754769746754
3778,958.9490625000001,1131.468388099,-172.519325599,0.8475261631158967
5050,659.2279609375,832.07623251075,-172.84827157324992,0.7922687061449198
1602,254.1279453125,427.2812501285,-173.153304816,0.5947556665342049
1310,185.816212890625,359.047473745,-173.231260854375,0.5175254693619388
2504,96.27433447265625,269.612309343,-173.33797487034374,0.357084342143637
4600,935.0484921875,1108.62318734475,-173.57469515725006,0.8434321977186775
353,324.285173828125,498.2558781055,-173.97070427737503,0.6508406371647876
4646,1141.4390234375,1315.618772115,-174.1797486774999,0.867606214477243
4188,480.33704296875,654.60215529725,-174.26511232849998,0.7337846940281579
5049,567.109923828125,741.45425422175,-174.344330393625,0.7648616483541751
6705,106.43012158203125,280.93840037725,-174.50827879521876,0.37883792696290974
8747,498.308376953125,673.0246048355,-174.716227882375,0.7404014246024774
4495,102.31312255859375,277.1353094465,-174.82218688790624,0.36918111370851436
2505,101.76359521484375,276.6639023785,-174.90030716365624,0.36782389741542254
233,298.057615234375,473.05395347075,-174.99633823637498,0.6300710783991651
5559,700.9631523437499,876.65658491925,-175.69343257550008,0.7995869347273877
2897,629.719384765625,806.23550843725,-176.516123671625,0.7810613367862789
2242,523.525833984375,700.780641478,-177.25480749362498,0.7470609235625545
5968,823.99337109375,1001.446362881,-177.45299178724997,0.8228032981221785
5034,423.64503515625,601.14086749975,-177.4958323435,0.7047350419104407
7426,481.923375,660.14669562075,-178.22332062075003,0.730024670981368
4048,975.83276171875,1154.29960619525,-178.4668444764999,0.845389494751589
6274,787.98198828125,966.7151081432501,-178.73311986200008,0.8151129333021369
4714,773.03062109375,952.285489515,-179.25486842124997,0.8117635192317083
281,311.6168212890625,491.32276432624997,-179.70594303718747,0.6342405507755
801,196.9465859375,376.95820469475,-180.01161875725,0.5224626575631085
3946,917.5882734375,1097.70154988875,-180.11327645124993,0.8359178072533268
2771,565.455087890625,745.64766808225,-180.19258019162498,0.7583408509632872
8410,467.39346289062496,647.61424705875,-180.22078416812508,0.7217158428673486
1866,199.10470703125,379.35176883225,-180.247061801,0.5248550892995555
2750,549.219802734375,729.83153684675,-180.61173411237507,0.7525295554570842
4761,590.30444140625,771.0204859400001,-180.71604453375005,0.7656144699202874
5696,237.6314404296875,418.37386413575,-180.7424237060625,0.5679882522121287
7265,285.411095703125,466.808813925,-181.39771822187498,0.6114089678211854
1143,138.46801708984376,319.96286641275003,-181.49484932290628,0.43276277090997844
978,139.54110986328124,321.135053823,-181.59394395971879,0.4345246891224382
6424,668.19141796875,849.802602472,-181.61118450325,0.7862901516643401
6704,75.947490234375,257.6071318865,-181.659641652125,0.29481905016906873
3497,754.086015625,935.8110614199999,-181.72504579499991,0.8058101105098497
1359,410.81763476562503,592.54784353675,-181.73020877112492,0.6933071119122871
5465,650.762328125,832.5838749655,-181.8215468405,0.7816177407595698
3151,97.73374267578126,279.67552683725,-181.94178416146875,0.34945403851228235
6131,940.24130078125,1122.266894234,-182.02559345274994,0.8378054318221723
8266,501.352826171875,683.51177946825,-182.158953296375,0.7334955160954443
829,149.59671044921873,331.75619322125,-182.15948277203125,0.45092363927183193
3680,150.15766552734374,332.6991034935,-182.54143796615625,0.4513317393984071
3355,120.284451171875,303.89217006275,-183.607718890875,0.3958129317751912
6710,180.122779296875,363.76773687425,-183.64495757737498,0.4951587525311033
2034,203.9093017578125,387.5986752795,-183.68937352168751,0.5260835865465446
7552,88.56236816406249,272.79041408425,-184.22804592018753,0.3246535188441662
3007,71.6306494140625,256.95665062375,-185.32600120968752,0.278765499789233
3834,445.41852343749997,630.8838108704999,-185.46528743299996,0.7060230664611347
6470,657.6565195312501,843.37426260675,-185.71774307549992,0.7797920186925497
6157,1135.056703125,1320.83583602725,-185.77913290225,0.8593472945734305
6929,367.0311171875,553.5218098685,-186.49069268099998,0.6630833871055815
7001,329.819724609375,516.734846075,-186.91512146562496,0.6382765290096727
7241,293.57384765625,480.49740076975,-186.92355311350002,0.610979053320517
2145,106.051091796875,293.522875655,-187.471783858125,0.36130434876299267
3593,693.3476835937499,880.83829639375,-187.49061280000012,0.7871452520232683
40,378.07889257812496,565.754043235,-187.67515065687508,0.6682743082983256
6033,137.62732470703125,325.38648336925,-187.75915866221877,0.4229657079144417
4524,380.04160546875,567.89680109525,-187.8551956265,0.6692089197660385
2097,483.23689843750003,671.1703605355,-187.93346209799995,0.7199914151929373
8338,465.94012890625,653.9505282445,-188.01039933825,0.7125005762202596
5192,273.19394921875,461.20982680950004,-188.01587759075005,0.5923419943505435
6032,68.43607080078125,256.85130602475,-188.41523522396875,0.26644236929729465
4809,597.187234375,785.912865838,-188.725631463,0.7598644322718514
562,480.3185546875,669.24041933125,-188.92186464374998,0.717707030381936
4981,711.43515625,900.415423888,-188.980267638,0.7901188013727034
4955,680.18448828125,869.31866341825,-189.13417513700006,0.7824340096694357
2562,212.9337705078125,402.26009380325,-189.3263232954375,0.5293435099794347
4018,485.53509375,674.954412964,-189.41931921399998,0.7193598318713965
8458,459.73021484375,649.30837715075,-189.57816230699996,0.7080306219874687
5864,232.1229248046875,422.00222930025,-189.8793044955625,0.5500514171205554
1451,517.666353515625,707.57704512775,-189.910691612125,0.7316042208386768
5633,579.93416015625,770.1629196722499,-190.22875951599997,0.7530019228269837
1578,250.937189453125,441.173306234,-190.236116780875,0.5687950411742091
3425,744.4578750000001,934.73988314625,-190.28200814624995,0.7964331977552823
635,110.39793359375,300.69523244575,-190.29729885199998,0.3671422800044733
2825,181.6785810546875,372.41020501925,-190.7316239645625,0.48784533323261414
4665,278.220125,469.113540532,-190.893415532,0.593076303215224
6135,999.65365625,1191.0199362205,-191.36627997050005,0.8393257115266313
7792,349.6232578125,541.42693623025,-191.80367841775,0.6457441138799812
4576,912.4362109374999,1104.908795467,-192.47258452949995,0.8258022868992078
8697,160.790765625,353.34207200450004,-192.55130637950003,0.4550569488025623
1769,276.410470703125,469.1235949905,-192.71312428737502,0.5892060707786748
5649,471.97100390625,664.75799662175,-192.78699271549993,0.7099892074932259
6034,175.040734375,368.20623723675,-193.16550286174999,0.4753877479458997
809,131.9601201171875,325.20193600675,-193.24181588956247,0.4057790102106572
4769,721.4077421874999,915.0903974425,-193.6826552550001,0.7883458764460305
2010,55.924694580078125,249.799920004,-193.87522542392188,0.22387795142330175
7553,76.37451708984375,270.621612021,-194.24709493115623,0.2822188377242329
5313,565.87579296875,760.4591575345,-194.58336456575,0.7441238449402904
5168,260.7152021484375,455.3198053555,-194.6046032070625,0.5725979817027308
7121,321.551763671875,516.9138807935,-195.36211712162498,0.6220606081543203
5583,657.1539843749999,852.568617172,-195.41463279700008,0.7707930720978327
852,498.3589609375,694.4533729215,-196.09441198399998,0.7176276761725889
2671,62.948720214843746,259.44607155625,-196.49735134140624,0.242627377607329
3319,114.38733105468751,311.0418882905,-196.65455723581252,0.3677553892037177
6059,673.07208984375,869.7760595152499,-196.70396967149998,0.7738452693731606
1953,493.014017578125,690.36885173825,-197.354834160125,0.7141313163574152
4552,930.64819921875,1128.33394056425,-197.6857413455,0.8247985502665628
1664,96.17137792968751,294.68936539975,-198.51798747006248,0.32634831417442384
2515,69.15498388671875,267.96850026925,-198.81351638253125,0.2580713164389163
4073,558.5126152343751,757.56384274025,-199.05122750587498,0.7372482462690964
7040,90.38682373046875,289.80747667675,-199.42065294628128,0.31188575413946296
6882,64.823908203125,264.94994276675,-200.12603456362498,0.24466473659716287
7016,113.7502939453125,314.61255934075,-200.8622653954375,0.36155674720078573
2937,609.279900390625,810.24815190675,-200.96825151612495,0.7519670340559801
7208,95.4329248046875,296.479627569,-201.0467027643125,0.32188695481476326
5672,247.494171875,448.561700747,-201.06752887199997,0.5517505638824978
298,161.30092285156252,362.4411568735,-201.1402340219375,0.44504030336383626
1018,476.041052734375,677.2650257445,-201.223973010125,0.7028873984865643
2394,197.5754208984375,398.84616407975,-201.2707431813125,0.4953674829966886
8482,482.094296875,683.392435506,-201.29813863099997,0.7054428336079007
465,152.4238310546875,354.31056089625,-201.88672984156253,0.43019838369740887
3901,964.708265625,1166.93836411375,-202.23009848874995,0.8267002735238401
274,472.85258984375,675.10748335525,-202.25489351149997,0.7004108246486704
7477,432.223982421875,634.52279754925,-202.29881512737495,0.681179594192827
257,300.0355693359375,502.5792924605,-202.54372312456252,0.5969915060965771
1929,459.795666015625,662.34773339025,-202.55206737462504,0.694190743233851
6641,441.823931640625,644.667092547,-202.84316090637503,0.685352077162309
5985,522.248859375,725.6805298764999,-203.43167050149987,0.7196677286411575
5528,222.0515107421875,425.58398578525,-203.53247504306248,0.5217572033654426
6200,134.95755419921875,338.8690081025,-203.91145390328126,0.3982587683561149
8464,359.851677734375,564.20230110025,-204.35062336587498,0.6378061138616817
5777,615.531875,820.01529553275,-204.48342053274996,0.7506346254791074
1808,105.945498046875,310.795489937,-204.849991890125,0.340884926378648
8314,472.713697265625,677.89858172425,-205.184884458625,0.6973221501156488
7666,450.245154296875,655.66263250675,-205.41747820987501,0.6867024766819196
8506,449.33980468749996,654.96070323575,-205.62089854825,0.6860561279196412
1121,297.9463134765625,503.71428234725,-205.76796887068747,0.5914986398572395
8224,99.5325029296875,305.4386777035,-205.9061747738125,0.3258673831100061
1410,249.100072265625,455.179682005,-206.07960973937503,0.5472565704627214
7145,241.256525390625,447.6178955875,-206.36137019687501,0.5389787299164978
6155,979.3051015625,1185.75147649925,-206.44637493674998,0.8258940597129633
8222,110.443802734375,317.31161434425,-206.86781160987502,0.34806101445279586
4401,626.826640625,833.86416205075,-207.03752142575001,0.7517131307474723
8674,439.546841796875,646.75283610725,-207.205994310375,0.679621049306639
2153,113.02703466796875,320.397673993,-207.37063932503128,0.3527710825942733
3447,1008.322296875,1216.54615981575,-208.22386294074988,0.8288401454482202
8221,119.49751416015624,328.40307503125,-208.90556087109377,0.3638745276210055
6977,341.096318359375,550.01237142175,-208.916053062375,0.6201611735705138
3905,664.35158203125,873.29775485625,-208.94617282499996,0.7607389090103265
2298,200.4994794921875,409.61112452775,-209.1116450355625,0.48948738693037336
5513,524.151486328125,733.97471007925,-209.82322375112506,0.7141274466492216
4519,98.5158056640625,308.405034875,-209.88922921093751,0.31943643651782666
4194,441.052416015625,651.23419537175,-210.18177935612505,0.6772562289770406
4954,622.383740234375,832.9896193275,-210.60587909312505,0.747168662185343
1458,249.9891181640625,460.71546675,-210.72634858593753,0.5426106472720277
4999,76.96488330078125,287.796985738,-210.83210243721874,0.2674276898209755
1881,485.696095703125,696.71939919475,-211.02330349162503,0.6971186614975284
7481,260.8715888671875,472.0344592505,-211.1628703833125,0.55265369551356
489,84.69858935546876,296.165488047,-211.46689869153124,0.2859839937057201
2889,610.34807421875,822.5581607915,-212.21008657275001,0.7420120577120473
3801,684.52965625,896.74560100125,-212.21594475124994,0.7633487744153395
7376,86.92755126953125,299.59693596375,-212.66938469421876,0.2901483311227882
6610,783.90562109375,997.0801606875,-213.17453959374996,0.7862012014831742
371,497.20557031249996,710.987701045,-213.78213073250004,0.699316695468005
5369,646.1807343749999,860.0262961715,-213.84556179650008,0.7513499720882877
2983,60.90495483398438,274.94660632975,-214.04165149576562,0.22151557142488984
5058,429.143810546875,643.6361385105,-214.49232796362503,0.6667490903684319
850,478.758681640625,693.63233358125,-214.873651940625,0.690219670814012
8746,432.902109375,647.8430097575,-214.9409003825,0.6682206988214981
8220,114.653,329.82067075275,-215.16767075274998,0.3476222378382323
6615,987.72174609375,1204.53757266725,-216.8158265735001,0.820000776801509
1554,222.1322265625,439.98235770725,-217.85013114475,0.5048662114889465
5385,572.233763671875,790.1287203675,-217.89495669562507,0.7242285316264575
5265,550.72800390625,769.5774508935,-218.84944698724996,0.7156238823671565
5433,562.1083359375,781.2386772877501,-219.1303413502501,0.7195090969759451
5457,558.6920546875,777.92627127675,-219.23421658924997,0.7181812397881625
8223,89.233615234375,308.502363872,-219.26874863762498,0.2892477510549999
5417,670.4053046875,890.070007039,-219.66470235149995,0.7532051396322581
1138,88.37027392578125,308.2791006395,-219.90882671371872,0.28665671288065775
4329,507.85265820312503,727.9560329125001,-220.10337470937503,0.6976419378978163
834,81.92384301757812,302.1040163785,-220.18017336092186,0.27117760210033026
3688,193.13246875,413.65103576575,-220.51856701575002,0.46689709824025083
5945,578.393400390625,799.04947168225,-220.65607129162504,0.7238518016275932
1023,394.841494140625,615.588325219,-220.746831078375,0.641405103579169
4494,2.2681737442016603,223.082012967,-220.81383922279835,0.01016744337146421
5727,1010.02261328125,1230.857729807,-220.83511652574998,0.8205843681211137
3174,1.1399017753601075,222.23376145975,-221.0938596843899,0.00512929161952411
3257,708.64883984375,930.0686414310001,-221.41980158725005,0.7619317623605649
1194,204.7012265625,426.147671639,-221.4464450765,0.48035279717673685
6522,126.0828701171875,347.5418264995,-221.45895638231252,0.36278473593906874
5409,563.340640625,784.96242512275,-221.62178449775,0.7176657402667914
3342,1.4856781539916994,224.54780819824998,-223.06213004425828,0.006616311062202419
8581,428.031951171875,651.12128854125,-223.08933736937502,0.6573766793487071
3615,1041.0875078125,1264.84528387725,-223.75777606475003,0.8230947454680473
7050,30.433820556640626,254.509500072,-224.07567951535938,0.11957832783629946
4794,434.26752734375,658.6202636665,-224.35273632275005,0.6593594983957051
6015,352.308912109375,576.79429567325,-224.48538356387496,0.610805124359535
4159,117.17628515625,342.056410055,-224.88012489875,0.34256421271229726
7428,461.71003710937504,687.006537449,-225.29650033962497,0.6720606155390326
1145,92.66229443359376,318.098016569,-225.43572213540622,0.29130107487543205
827,112.81480615234375,338.942224668,-226.12741851565625,0.33284376394827797
5241,530.4494921875,756.6662359935,-226.21674380599995,0.7010349692556148
2722,546.0795625000001,772.6204556275,-226.54089312749988,0.7067888997964741
1496,83.9373486328125,310.47867707175,-226.54132843893748,0.2703481899437069
2730,360.894359375,587.44992684775,-226.55556747275,0.6143406310342306
4961,554.397890625,781.1982431160001,-226.80035249100013,0.7096763143040007
3689,191.9006162109375,419.31117651425,-227.4105603033125,0.45765681074508413
3373,626.483708984375,854.52614773425,-228.04243874987503,0.7331357968534276
5130,423.91266796875,652.02776591275,-228.11509794400007,0.650145115714796
3563,1140.04962109375,1368.2997788022499,-228.25015770849996,0.8331870237226178
2770,475.642685546875,704.01833131675,-228.37564576987506,0.6756112216306253
4408,950.828390625,1179.30537382,-228.47698319500012,0.8062613899051608
6825,436.88923046875004,665.618253491,-228.72902302224998,0.6563660589549791
442,452.69125390625004,682.1666026405,-229.4753487342499,0.6636080562876941
6945,441.716951171875,671.270806854,-229.55385568212506,0.6580309258256133
7816,308.8577353515625,538.4582238185,-229.60048846693746,0.5735964669416468
2647,53.7389189453125,283.552363856,-229.8134449106875,0.1895202636472576
6158,1101.62178515625,1331.5420008044998,-229.92021564824972,0.8273278527176289
7184,88.71749658203126,318.63853346975,-229.9210368877187,0.2784267657070011
8242,448.01369140625,678.43642707275,-230.4227356665,0.6603620809084985
2179,32.1450947265625,262.72713222025,-230.5820374936875,0.12235163659177353
2848,153.0547939453125,383.731270006,-230.6764760606875,0.3988593203364949
8219,97.46640185546875,328.334969363,-230.86856750753128,0.29685050528645185
1626,189.3158896484375,420.69155143300003,-231.37566178456254,0.45001115081479615
4593,589.806462890625,821.24589844375,-231.439435553125,0.718184971505021
5250,375.11691796875,607.018988646,-231.90207067725004,0.6179657051380054
7409,273.30778515625,505.3188356635,-232.01105050725,0.5408620564411101
5023,72.89197412109375,305.03849180625,-232.14651768515625,0.23895992092838012
2347,24.52604528808594,256.90997322725,-232.3839279391641,0.09546552391302408
4737,537.5942578125,770.121105696,-232.52684788349995,0.6980645682065583
2103,375.108583984375,607.9503787595,-232.84179477512504,0.617005263049206
2849,154.24594775390625,387.29597799249996,-233.0500302385937,0.3982637469027099
6280,638.288671875,871.4293926295,-233.14072075449997,0.7324617192639443
4881,514.028140625,747.263278914,-233.23513828900002,0.6878809041495492
4336,920.3873203125,1153.73376673725,-233.34644642475007,0.7977467124998874
6298,795.16917578125,1028.67493843975,-233.50576265849986,0.7730033514905351
5504,228.8405234375,462.43055166924995,-233.59002823174995,0.49486462803243125
5890,807.839671875,1041.9782472355,-234.1385753605,0.7752941803180695
6858,75.54728588867188,309.78645287324997,-234.2391669845781,0.24386891338890587
8225,62.751849609375,297.02756035375,-234.275710744375,0.2112660836030621
6993,423.91399609375003,658.2425461685,-234.32855007474996,0.6440088048353315
5152,679.331078125,914.1538820655,-234.82280394050008,0.7431255182627992
2815,47.066073974609374,282.0306877655,-234.9646137908906,0.16688281045096975
7813,409.25095898437496,644.49439138225,-235.24343239787504,0.6349953759437025
3873,667.0901328125,902.4976065255,-235.40747371300006,0.7391600013672628
5751,1011.01104296875,1246.5604967625,-235.54945379375,0.8110404948523983
4068,754.8255390625,990.5108149,-235.68527583750006,0.7620568366804241
4818,378.269365234375,614.3171787435,-236.04781350912498,0.615755797993988
1530,217.3546123046875,453.52571181449997,-236.17109950981248,0.47925532370771967
8529,134.8746826171875,371.18083710025,-236.30615448306253,0.363366501642415
1552,298.689814453125,535.012810593,-236.32299613987504,0.5582853493989731
8650,422.70764453125,659.2015831045001,-236.49393857325003,0.6412418518464
6969,424.033537109375,660.5452091925,-236.511672083125,0.6419447610342986
7431,383.8427734375,621.178662927,-237.3358894895,0.6179265253750065
5392,912.09221875,1150.40898354,-238.31676478999998,0.7928417032614772
2683,77.391810546875,315.73349875125,-238.341688204375,0.2451175140042092
3679,61.441077880859375,299.87734621975,-238.4362683388906,0.20488735961718169
2993,379.3402890625,617.78593889275,-238.44564983024998,0.6140319236277131
8721,81.9948427734375,320.57011866475,-238.57527589131251,0.2557781831294418
8583,328.23711328125,568.1945401775,-239.95742689625,0.5776843835933845
7479,311.32534375,551.36400482275,-240.03866107274996,0.5646457521024386
2154,62.598602294921875,302.87476697299996,-240.2761646780781,0.20668147008040724
3997,707.3115703125,948.17218950725,-240.86061919475003,0.7459737560264289
2130,142.90294189453124,383.91134665075,-241.00840475621874,0.3722290126848041
7401,377.49042578125,618.7162051985,-241.22577941725,0.6101188590171523
2144,63.297197509765624,304.7566950405,-241.45949753073438,0.20769747911085726
3685,222.3364130859375,463.8157795505,-241.4793664645625,0.4793636232515587
6418,769.27081640625,1010.98642747225,-241.71561106600006,0.7609111208037994
346,467.2803984375,709.6809320135,-242.40053357599993,0.6584373014691254
4429,1236.10080078125,1478.63277197725,-242.5319711960001,0.8359755196635752
7505,230.9817998046875,473.98884929525,-243.0070494905625,0.48731483801951836
3976,957.54829296875,1200.99011349725,-243.44182052849987,0.7972990630065195
1545,367.805744140625,611.264516305,-243.45877216437503,0.6017128979811248
666,70.29077172851562,313.894319614,-243.60354788548437,0.22393132692245526
4619,741.45761328125,985.0761236325,-243.61851035124994,0.7526906751068237
4019,554.09730859375,798.172178497,-244.07486990325003,0.6942077446785184
3521,741.27614453125,985.795819092,-244.51967456075,0.751957078152421
7073,326.619876953125,571.14766983225,-244.527792879125,0.5718659002446593
8295,322.9603671875,567.935662538,-244.97529535049995,0.568656606587431
4482,455.563263671875,700.8044961,-245.24123242812504,0.6500575632106271
5097,486.924779296875,732.26798776275,-245.34320846587497,0.6649543429033267
1290,217.93474707031248,463.38481285575,-245.45006578543752,0.47031050771153404
8748,411.046681640625,657.34086818125,-246.294186540625,0.625317397581872
3187,123.70120458984375,370.37353648674997,-246.6723318969062,0.33399039636914973
6688,206.276439453125,453.105983831,-246.829544377875,0.45524986726905015
7137,412.58819531250003,659.67263708475,-247.08444177225,0.6254438512265438
2839,17.14876086425781,264.36730410425,-247.21854323999221,0.06486717734439743
3564,1241.7211601562499,1489.12865768025,-247.40749752400006,0.8338575400575081
4575,897.07151953125,1144.5959747592499,-247.52445522799985,0.7837451280013382
8128,284.4325791015625,532.08104904225,-247.6484699406875,0.5345662640663055
3847,127.66591015624999,375.45077745775,-247.78486730150001,0.3400336807947687
2294,330.285568359375,578.7350345665,-248.44946620712494,0.5707025634556098
8463,347.70748437500004,596.1760941690001,-248.46860979400003,0.5832294974464453
6657,475.67438476562495,724.48552324925,-248.8111384836251,0.6565685149590031
5481,517.52025390625,766.3489266099999,-248.82867270374993,0.6753062935968764
4986,412.2965546875,661.34050868125,-249.04395399374994,0.6234255253563961
6363,0.0,249.47735555825003,-249.47735555825003,0.0
2480,64.41424389648438,313.903496221,-249.48925232451563,0.20520397022252448
3171,0.0,249.5702631125,-249.5702631125,0.0
1097,243.1100439453125,492.864765314,-249.7547213686875,0.49325912615638084
6699,0.0,249.89263610774998,-249.89263610774998,0.0
6531,0.0,249.92907759875,-249.92907759875,0.0
6921,443.5290078125,693.549431952,-250.02042413949994,0.6395059771365948
2749,493.200703125,743.59907581625,-250.39837269124996,0.6632615861179644
3170,0.0,250.416890067,-250.416890067,0.0
5298,386.46316796875,637.1930152635,-250.72984729475002,0.606508794203317
8537,72.59236279296876,323.57611380125,-250.98375100828127,0.22434400894379095
6530,0.0,251.018083437,-251.018083437,0.0
3306,419.10970117187503,670.18391758675,-251.07421641487497,0.6253652013251413
5897,596.7409082031251,847.84874517275,-251.10783696962494,0.7038294399760054
6362,0.0,251.19910122025,-251.19910122025,0.0
3114,367.529875,618.9779411495,-251.4480661495,0.5937689374256111
3150,1.498692886352539,253.431798778,-251.93310589164747,0.0059135944568335826
2946,380.34125390625,632.3612950864999,-252.0200411802499,0.601461943132939
2834,0.0,252.04927064225,-252.04927064225,0.0
4618,639.46845703125,891.5631588494999,-252.09470181824997,0.7172441458204658
5202,390.989375,643.1918383215,-252.20246332149998,0.6078892036510488
5794,630.74373046875,882.96010922725,-252.2163787585,0.7143513315753456
6848,59.33291796875,311.6112150485,-252.27829707975002,0.19040687534018438
3273,574.7752675781251,827.1292399294999,-252.35397235137486,0.6949038180928194
3361,0.0,252.47887330875,-252.47887330875,0.0
6866,0.0,252.48166942600002,-252.48166942600002,0.0
6867,0.0,252.5821820805,-252.5821820805,0.0
2323,42.24931103515625,294.87449425750003,-252.62518322234376,0.1432789600818542
4183,117.037431640625,369.79319017,-252.755758529375,0.3164942850092147
3823,127.455287109375,380.31773185024997,-252.86244474087496,0.33512843630554695
7089,404.31701171875,657.43377987525,-253.11676815650003,0.614992754373646
1617,390.63394140624996,643.7743015295,-253.14036012325005,0.6067870989434992
6364,0.0,253.23687680025,-253.23687680025,0.0
182,345.03296875,598.353253353,-253.320284603,0.5766375736070568
2835,0.0,253.4530865895,-253.4530865895,0.0
6176,201.3655712890625,454.91235321650004,-253.54678192743754,0.4426469613819928
3172,0.0,253.6125700725,-253.6125700725,0.0
2666,0.0,253.62690497175,-253.62690497175,0.0
6807,409.07356640625,662.7052759565,-253.63170955025004,0.6172782692857621
6553,0.0,253.70871132500002,-253.70871132500002,0.0
5706,318.686419921875,572.41615728125,-253.729737359375,0.5567390355974056
8657,225.16552050781252,478.94280703325,-253.7772865254375,0.47013028848359006
6698,0.0,254.10827154475,-254.10827154475,0.0
6028,0.0,254.17536124825,-254.17536124825,0.0
4545,534.4906484375,788.73620199,-254.24555355250004,0.6776545141598839
8291,429.00972265625,683.2894888112501,-254.27976615500006,0.6278593905706913
8603,423.748654296875,678.5521435005,-254.80348920362508,0.6244894482041722
7065,417.612931640625,672.55685056375,-254.943918923125,0.6209332797214697
1322,0.0,255.0560946295,-255.0560946295,0.0
4362,427.525533203125,682.812034515,-255.28650131187504,0.6261247766095258
3402,436.3752421875,691.6714805855,-255.296238398,0.6308995727092994
6049,0.0,255.40101684575,-255.40101684575,0.0
2667,0.0,255.455793024,-255.455793024,0.0
5075,638.48548046875,894.0046676985,-255.51918722975006,0.714185845805775
1323,0.0,255.52475694875002,-255.52475694875002,0.0
1849,0.0,255.60985350049998,-255.60985350049998,0.0
1826,0.0,255.8198909305,-255.8198909305,0.0
2011,10.062759643554688,265.9992712675,-255.93651162394528,0.03783002696877741
7225,0.0,256.35214148775,-256.35214148775,0.0
321,133.82985888671874,390.2932081215,-256.4633492347813,0.3428956890845029
6532,0.0,256.53941223625,-256.53941223625,0.0
3634,923.273234375,1179.9844106895,-256.7111763145,0.78244528082626
2857,0.0,257.17047429425,-257.17047429425,0.0
1827,0.0,257.22128987325,-257.22128987325,0.0
8681,221.32496484375,478.73548951074997,-257.410524667,0.4623115879869787
1569,371.667146484375,629.23454791525,-257.567401430875,0.5906655111756012
6868,0.0,257.7766361235,-257.7766361235,0.0
7618,391.388138671875,649.610627292,-258.222488620125,0.6024965134898409
3341,0.0,258.26858465075003,-258.26858465075003,0.0
6031,5.3659213867187505,263.6476371855,-258.28171579878125,0.02035262452434085
8633,214.6672919921875,472.95585331875,-258.28856132656244,0.45388441655172296
7202,0.0,258.33938754474997,-258.33938754474997,0.0
3173,0.0,258.460101509,-258.460101509,0.0
6365,0.0,258.58232494825,-258.58232494825,0.0
2689,0.0,258.59001320799996,-258.59001320799996,0.0
35,492.146552734375,750.76468860175,-258.618135867375,0.6555270373669794
3682,168.73716894531248,427.4019910865,-258.6648221411875,0.3947973384999163
6029,0.0,258.7140192,-258.7140192,0.0
7161,409.998564453125,668.7272017377501,-258.72863728462505,0.6131028658242145
7393,0.0,258.813836971,-258.813836971,0.0
1324,0.0,258.964969028,-258.964969028,0.0
7034,0.0,259.1019881975,-259.1019881975,0.0
633,67.49943041992188,326.69061758,-259.19118716007813,0.20661575993004103
3566,1252.18489453125,1511.41255503475,-259.22766050350015,0.8284864973044858
2838,0.0,259.234909811,-259.234909811,0.0
1690,421.75280859375,681.0764677795,-259.32365918575005,0.6192444283819375
8218,73.1342255859375,332.652876176,-259.5186505900625,0.21985147462663804
2836,0.0,259.547758806,-259.547758806,0.0
2000,32.38038781738281,291.96245243075,-259.58206461336715,0.1109059998533786
6712,103.84890234375,363.55711620774997,-259.70821386399996,0.2856467317744928
1848,0.0,259.70977618625,-259.70977618625,0.0
5961,524.9741328125,784.7434944082501,-259.76936159575007,0.6689754497925348
6533,0.0,259.8932126725,-259.8932126725,0.0
810,69.10322412109375,329.0418791685,-259.9386550474062,0.21001346116095157
642,62.3866787109375,322.381809149,-259.99513043806246,0.19351798627256087
7035,0.0,260.3088218405,-260.3088218405,0.0
3686,212.9520791015625,473.393423881,-260.4413447794375,0.44984164948022604
6552,0.0,260.50944730525,-260.50944730525,0.0
7473,323.825150390625,584.4288476080001,-260.60369721737504,0.5540882370230624
7203,0.0,260.6577729005,-260.6577729005,0.0
8536,66.72992529296874,327.48693206575,-260.75700677278127,0.20376362705003342
4569,614.2382421875,875.00386496875,-260.76562278125004,0.7019834609615736
88,296.326595703125,557.15590110925,-260.82930540612494,0.5318557958038462
7370,0.0,260.97410852,-260.97410852,0.0
2185,0.0,261.2734418325,-261.2734418325,0.0
7289,277.430228515625,538.86585048275,-261.43562196712503,0.5148409901132991
2688,0.0,261.53584960825,-261.53584960825,0.0
6720,0.0,261.88668866425,-261.88668866425,0.0
6889,0.0,261.917763573,-261.917763573,0.0
7224,0.0,261.95722636125,-261.95722636125,0.0
7057,0.0,262.000900881,-262.000900881,0.0
1828,0.0,262.00207242425,-262.00207242425,0.0
2856,0.0,262.0958968665,-262.0958968665,0.0
7392,0.0,262.3151731165,-262.3151731165,0.0
5273,642.113625,904.78403823925,-262.67041323925,0.7096871708080688
1659,0.0,262.77409709525,-262.77409709525,0.0
6869,0.0,262.85133128425,-262.85133128425,0.0
7352,84.82391674804687,347.70037537375003,-262.87645862570315,0.24395693105856164
4046,1225.85839453125,1488.761476307,-262.90308177575,0.8234081907792833
2668,0.0,262.92904100625,-262.92904100625,0.0
3654,2.0596987075805666,265.3284798285,-263.2687811209194,0.007762825540436012
6682,115.24069970703124,378.51443822225,-263.2737385152188,0.3044552275041906
6585,424.3148671875,687.67441291875,-263.35954573125,0.617028725512003
5822,904.68525,1168.15847590525,-263.47322590525005,0.7744542096691727
1658,0.0,263.55880737675,-263.55880737675,0.0
7056,0.0,263.56676724700003,-263.56676724700003,0.0
1177,0.0,263.67220375799997,-263.67220375799997,0.0
1513,0.0,263.67746405425,-263.67746405425,0.0
1050,168.07797021484376,431.861587674,-263.7836174591563,0.3891940719500317
5747,981.50606640625,1245.521202777,-264.01513637075004,0.7880283879791582
1490,0.0,264.06065364824997,-264.06065364824997,0.0
6048,0.0,264.13190683475,-264.13190683475,0.0
6339,0.0,264.203308946,-264.203308946,0.0
1218,189.3690751953125,453.61756405475,-264.24848885943754,0.4174641587621421
1491,0.0,264.29031375625,-264.29031375625,0.0
7371,0.0,264.4495533015,-264.4495533015,0.0
4136,332.874513671875,597.35914057475,-264.484626902875,0.5572435248824614
6826,438.80677539062503,703.3357449185,-264.528969527875,0.6238937490907399
6888,0.0,264.55458235375,-264.55458235375,0.0
6507,0.0,264.71129771975,-264.71129771975,0.0
505,0.0,264.77544347500003,-264.77544347500003,0.0
2184,0.0,265.052371824,-265.052371824,0.0
1345,0.0,265.1973225555,-265.1973225555,0.0
3147,0.0,265.9967924275,-265.9967924275,0.0
4069,733.622859375,999.64909817075,-266.02623879575003,0.7338803786084239
3146,0.0,266.25535252625,-266.25535252625,0.0
2980,0.0,266.39713593275,-266.39713593275,0.0
7497,335.812236328125,602.21648456,-266.40424823187504,0.5576271064978465
484,0.0,266.41633545475,-266.41633545475,0.0
3511,122.18625634765625,388.64952797875,-266.46327163109373,0.3143867346725563
7010,0.0,266.51349579475,-266.51349579475,0.0
483,0.0,266.525165777,-266.525165777,0.0
2837,0.0,266.73678483725,-266.73678483725,0.0
7601,206.859544921875,473.6176404365,-266.758095514625,0.4367648643628693
5489,627.05866015625,893.86481258125,-266.80615242500005,0.701513976866315
2982,0.5307839984893798,267.409869735,-266.8790857365106,0.0019849080253861702
7875,0.0,266.906384967,-266.906384967,0.0
8065,0.0,267.03087938375,-267.03087938375,0.0
2162,0.0,267.1287130815,-267.1287130815,0.0
7011,0.0,267.23287440025,-267.23287440025,0.0
1492,0.0,267.24030225475,-267.24030225475,0.0
6506,0.0,267.256319224,-267.256319224,0.0
1593,370.333107421875,637.75327440125,-267.420166979375,0.5806839756156102
1362,202.00907421875002,469.43011506325,-267.4210408445,0.4303283221639997
2669,0.0,267.44128487675,-267.44128487675,0.0
7874,0.0,267.49460025875,-267.49460025875,0.0
1325,0.0,267.57926698025,-267.57926698025,0.0
2810,0.0,267.61765066025,-267.61765066025,0.0
7876,0.0,267.652440609,-267.652440609,0.0
2498,0.0,267.65362131225,-267.65362131225,0.0
6018,243.17122363281248,510.84641295625,-267.6751893234375,0.4760163074251084
650,0.0,267.740592159,-267.740592159,0.0
6338,0.0,267.855593393,-267.855593393,0.0
651,0.0,268.06658494225,-268.06658494225,0.0
6508,0.0,268.193618485,-268.193618485,0.0
6257,490.855541015625,759.1100009725,-268.25445995687494,0.6466197780824485
8401,0.0,268.49141458125,-268.49141458125,0.0
6201,142.30678173828124,410.947683812,-268.64090207371873,0.34628928936145154
3148,0.0,268.65582250025,-268.65582250025,0.0
1146,42.147591064453124,310.86707696625,-268.7194859017969,0.13558074833845535
2499,0.0,268.8512085985,-268.8512085985,0.0
2811,0.0,268.98462242324996,-268.98462242324996,0.0
7036,0.0,269.211522499,-269.211522499,0.0
825,86.26020068359375,355.62055909175,-269.36035840815623,0.24256246787682537
482,0.0,269.4104509,-269.4104509,0.0
6721,0.0,269.47720781649997,-269.47720781649997,0.0
4122,271.25677441406253,540.8263182202501,-269.56954380618754,0.5015598627026026
2163,0.0,269.60750103225,-269.60750103225,0.0
8737,0.0,269.676489727,-269.676489727,0.0
6340,0.0,269.7288566085,-269.7288566085,0.0
2659,77.2041103515625,346.95917457875,-269.75506422718746,0.22251641053383625
4962,403.2933359375,673.16151058625,-269.86817464874997,0.5991033786040029
1843,7.487143859863281,277.41906693225,-269.9319230723867,0.026988569731954244
2353,0.0,269.992280043,-269.992280043,0.0
6702,0.0,270.04344103925,-270.04344103925,0.0
3169,0.0,270.27926783174996,-270.27926783174996,0.0
6030,0.0,270.498983076,-270.498983076,0.0
1155,0.0,270.70695211675,-270.70695211675,0.0
6529,0.0,270.7473408535,-270.7473408535,0.0
2981,0.0,270.7666353545,-270.7666353545,0.0
6697,0.0,270.82634352275,-270.82634352275,0.0
6534,0.0,270.96912951125,-270.96912951125,0.0
6683,144.8117197265625,415.79013138975,-270.9784116631875,0.34828079948472673
6842,0.0,271.0659545,-271.0659545,0.0
6366,0.0,271.066009045,-271.066009045,0.0
6341,0.0,271.22101119975,-271.22101119975,0.0
7012,0.0,271.25285423925,-271.25285423925,0.0
6685,194.65614453125,465.92979293,-271.27364839875,0.4177799897477571
1698,119.1372626953125,390.47489980925,-271.3376371139375,0.30510863169029134
2833,0.0,271.42202207325,-271.42202207325,0.0
6865,0.0,271.6410078985,-271.6410078985,0.0
1154,0.0,271.68146869525,-271.68146869525,0.0
1829,0.0,271.78856333025,-271.78856333025,0.0
4936,650.56583984375,922.49660294825,-271.9307631045,0.7052230187724846
2665,0.0,271.95237897425,-271.95237897425,0.0
6509,0.0,271.97463919200004,-271.97463919200004,0.0
4594,664.79373046875,936.8439423405,-272.05021187175,0.7096098930824041
7204,0.0,272.06355890375,-272.06355890375,0.0
2352,0.0,272.1169356315,-272.1169356315,0.0
2914,764.88514453125,1037.0678243155,-272.18267978425,0.7375459211634052
652,0.0,272.2885174215,-272.2885174215,0.0
7026,30.73845703125,303.22758679925,-272.489129768,0.10137091171137176
6361,0.0,272.50615812175,-272.50615812175,0.0
6843,0.0,272.64581756399997,-272.64581756399997,0.0
3149,0.0,272.87915847025,-272.87915847025,0.0
6701,0.0,272.95268852375,-272.95268852375,0.0
7706,0.0,272.9584111105,-272.9584111105,0.0
1847,0.0,273.00684211674997,-273.00684211674997,0.0
1137,44.67803247070312,317.835418278,-273.1573858072969,0.14056970922936923
1660,0.0,273.211536428,-273.211536428,0.0
7561,0.0,273.36978743925,-273.36978743925,0.0
8321,196.962294921875,470.53454456275,-273.572249640875,0.4185926342269132
2330,0.0,273.5770563405,-273.5770563405,0.0
7729,0.0,273.660085451,-273.660085451,0.0
1326,0.0,273.676225018,-273.676225018,0.0
1299,0.0,273.684921956,-273.684921956,0.0
6027,0.0,273.78277002625003,-273.78277002625003,0.0
8043,0.0,273.81111680625,-273.81111680625,0.0
2138,0.0,273.871666723,-273.871666723,0.0
7013,0.0,273.94289050275,-273.94289050275,0.0
2643,0.0,274.0212673985,-274.0212673985,0.0
3360,0.0,274.12177526125,-274.12177526125,0.0
2687,0.0,274.22175055825,-274.22175055825,0.0
2139,0.0,274.22920652100004,-274.22920652100004,0.0
1857,372.762365234375,646.992530579,-274.230165344625,0.5761463186053167
4888,747.68044140625,1022.1386078245,-274.45816641825,0.7314863512162134
8584,258.43920703125,533.08270288525,-274.643495854,0.48480133597971875
7223,0.0,274.72164115325,-274.72164115325,0.0
1156,0.0,274.7857631665,-274.7857631665,0.0
2500,0.0,274.790698189,-274.790698189,0.0
3394,555.881251953125,830.732453893,-274.85120193987495,0.669145943051814
2670,0.0,274.908806795,-274.908806795,0.0
7391,0.0,274.98764100425,-274.98764100425,0.0
8378,0.0,275.393575622,-275.393575622,0.0
8714,0.0,275.47521805625,-275.47521805625,0.0
6887,0.0,275.49614393625,-275.49614393625,0.0
1681,0.0,275.4990524265,-275.4990524265,0.0
6551,0.0,275.503205772,-275.503205772,0.0
6700,0.0,275.5725698445,-275.5725698445,0.0
1386,234.242462890625,509.93387903075,-275.691416140125,0.45935850129530464
8553,56.797560302734375,332.50608776525,-275.70852746251563,0.17081660222719583
8379,0.0,275.7980586095,-275.7980586095,0.0
17,249.7808095703125,525.75519555075,-275.97438598043755,0.475089568698541
2331,0.0,276.02622189724997,-276.02622189724997,0.0
8345,194.11879687500002,470.33052777825,-276.21173090325,0.4127284643402822
7055,0.0,276.2210368245,-276.2210368245,0.0
1802,0.0,276.23018924825,-276.23018924825,0.0
6681,74.42755908203125,350.73747286,-276.30991377796875,0.21220304252901037
7577,223.9859501953125,500.37317103050003,-276.3872208351875,0.44763780857071916
2642,0.0,276.52681836125,-276.52681836125,0.0
8546,0.0,276.54868882224997,-276.54868882224997,0.0
5082,427.875265625,704.48161103625,-276.60634541125,0.6073618648303103
7205,0.0,276.86475594775,-276.86475594775,0.0
2474,0.0,276.90209615125,-276.90209615125,0.0
6844,0.0,277.014394726,-277.014394726,0.0
8044,0.0,277.05358871475,-277.05358871475,0.0
2812,0.0,277.17178565175,-277.17178565175,0.0
7201,0.0,277.25002626074996,-277.25002626074996,0.0
7233,383.2024375,660.45596954725,-277.25353204725,0.5802089080707086
1176,0.0,277.26379374775,-277.26379374775,0.0
1300,0.0,277.3343338285,-277.3343338285,0.0
3128,366.744876953125,644.14115842925,-277.396281476125,0.5693548247686645
7372,0.0,277.4184538015,-277.4184538015,0.0
1825,0.0,277.49049951475,-277.49049951475,0.0
2164,0.0,277.526086426,-277.526086426,0.0
7037,0.0,277.52784589925,-277.52784589925,0.0
6719,0.0,277.5314534725,-277.5314534725,0.0
1680,0.0,277.55653814375,-277.55653814375,0.0
4208,348.130693359375,625.86097936675,-277.730286007375,0.55624284670275
8715,0.0,277.81630240650003,-277.81630240650003,0.0
4493,0.0,277.89313255775,-277.89313255775,0.0
2016,0.0,277.94473710375,-277.94473710375,0.0
2183,0.0,278.023296861,-278.023296861,0.0
8579,406.10006640625,684.22352806125,-278.123461655,0.5935195870323496
8042,0.0,278.20171788700003,-278.20171788700003,0.0
1344,0.0,278.220621945,-278.220621945,0.0
7625,197.5761396484375,475.898359195,-278.3222195465625,0.4151645733082173
3139,121.5566181640625,399.91731389475,-278.3606957306875,0.3039543766592194
504,0.0,278.460800936,-278.460800936,0.0
2017,0.0,278.47730985475,-278.47730985475,0.0
5321,677.00436328125,955.6699045615,-278.66554128024995,0.7084081640966593
8716,0.0,278.6976246185,-278.6976246185,0.0
7707,0.0,278.70093894424997,-278.70093894424997,0.0
7033,0.0,278.89360122700003,-278.89360122700003,0.0
7369,0.0,278.9352263875,-278.9352263875,0.0
3992,234.463115234375,513.40453329425,-278.941418059875,0.4566829850006663
498,31.36975732421875,310.33531836574997,-278.9655610415312,0.10108342610931594
1970,0.0,279.0895230275,-279.0895230275,0.0
3089,453.57063867187503,732.97640385,-279.40576517812497,0.6188066023280736
3650,0.0,279.41987996800003,-279.41987996800003,0.0
7178,0.0,279.45628879375,-279.45628879375,0.0
7877,0.0,279.540861403,-279.540861403,0.0
5289,546.983138671875,826.6530737095,-279.6699350376249,0.6616840309510665
2475,0.0,279.67195280425,-279.67195280425,0.0
2644,0.0,279.686620676,-279.686620676,0.0
8380,0.0,279.756153924,-279.756153924,0.0
8547,0.0,280.06091037125,-280.06091037125,0.0
1640,58.02529443359375,338.13241129975,-280.1071168661563,0.1716052419788585
7179,0.0,280.248911345,-280.248911345,0.0
8064,0.0,280.27837316625,-280.27837316625,0.0
1803,0.0,280.31703868175,-280.31703868175,0.0
1675,0.4888775959014892,281.11732405649997,-280.62844646059847,0.0017390518204569315
3678,3.0610869903564453,283.69495283525,-280.63386584489353,0.010790064994015046
627,0.0,280.7305982185,-280.7305982185,0.0
673,0.0,280.7321971395,-280.7321971395,0.0
628,0.0,280.75698858199996,-280.75698858199996,0.0
2140,0.0,280.83845276774997,-280.83845276774997,0.0
8441,189.91580468749999,470.8631729765,-280.947368289,0.40333543836872315
2161,0.0,280.975057688,-280.975057688,0.0
6845,0.0,281.28152437775003,-281.28152437775003,0.0
2501,0.0,281.2878459505,-281.2878459505,0.0
1467,0.0,281.43383392125,-281.43383392125,0.0
1493,0.0,281.4675348235,-281.4675348235,0.0
987,0.0,281.63633721175,-281.63633721175,0.0
2813,0.0,281.67470530574997,-281.67470530574997,0.0
7708,0.0,281.83455721424997,-281.83455721424997,0.0
2361,372.147087890625,654.01584109825,-281.868753207625,0.5690184609239465
7538,0.0,282.04911346525,-282.04911346525,0.0
2979,0.0,282.10349961599997,-282.10349961599997,0.0
7218,7.899444824218749,290.06236700200003,-282.1629221777813,0.02723360799483055
3683,174.447556640625,456.70882026699996,-282.26126362637496,0.38196668975360104
2521,0.0,282.34670779225,-282.34670779225,0.0
2351,0.0,282.4576088095,-282.4576088095,0.0
1512,0.0,282.458559439,-282.458559439,0.0
653,0.0,282.55034615625,-282.55034615625,0.0
1971,0.0,282.60126379575,-282.60126379575,0.0
7539,0.0,282.72054486425003,-282.72054486425003,0.0
1298,0.0,282.77884320275,-282.77884320275,0.0
1661,0.0,283.00658438275,-283.00658438275,0.0
485,0.0,283.10888619725,-283.10888619725,0.0
2503,4.175199584960938,287.47462101825,-283.29942143328907,0.014523715365371904
4351,110.44664306640624,393.78198829400003,-283.3353452275938,0.28047662429767983
2476,0.0,283.472903997,-283.472903997,0.0
2520,0.0,283.6406049975,-283.6406049975,0.0
1321,0.0,283.6781713985,-283.6781713985,0.0
8736,0.0,283.7279433295,-283.7279433295,0.0
7180,0.0,283.79904158,-283.79904158,0.0
7373,0.0,283.81190335725,-283.81190335725,0.0
986,0.0,283.8358304885,-283.8358304885,0.0
1657,0.0,283.900243799,-283.900243799,0.0
988,0.0,284.0324201915,-284.0324201915,0.0
8548,0.0,284.26397454975,-284.26397454975,0.0
1009,0.0,284.4479631735,-284.4479631735,0.0
5073,448.003267578125,732.5781641655,-284.57489658737495,0.6115432985597034
3651,0.0,284.68620911525,-284.68620911525,0.0
3225,686.64798046875,971.4804367035,-284.83245623475,0.7068057717064581
1157,0.0,284.91626248875,-284.91626248875,0.0
2306,0.0,284.93840752025,-284.93840752025,0.0
63,301.980599609375,586.984016321,-285.003416711625,0.514461366405881
2645,0.0,285.17708645475,-285.17708645475,0.0
1995,0.0,285.3617166455,-285.3617166455,0.0
4506,309.0444794921875,594.4198953922499,-285.3754159000624,0.5199093794940085
1804,0.0,285.45949087525,-285.45949087525,0.0
8749,363.500732421875,649.048531554,-285.54779913212496,0.5600516975078935
7897,0.0,285.5507028545,-285.5507028545,0.0
2032,215.118951171875,500.67907611,-285.560124938125,0.429654365454167
2141,0.0,285.62781558250003,-285.62781558250003,0.0
4430,1206.6783515625,1492.3477723495,-285.66942078700004,0.8085771782633284
8400,0.0,285.707738235,-285.707738235,0.0
8019,0.0,285.782150197,-285.782150197,0.0
2307,0.0,285.78358687075,-285.78358687075,0.0
7697,42.573759033203125,328.369231847,-285.79547281379683,0.1296520951859089
8020,0.0,285.8077548545,-285.8077548545,0.0
7728,0.0,285.87400041325003,-285.87400041325003,0.0
2165,0.0,285.96071823225,-285.96071823225,0.0
1994,0.0,285.999984656,-285.999984656,0.0
5752,866.54033203125,1152.5746263295,-286.03429429824996,0.7518301301140147
2832,0.0,286.16525287850004,-286.16525287850004,0.0
6663,534.161935546875,820.36509237775,-286.20315683087495,0.651127089461511
4428,1128.81855078125,1415.10003376,-286.2814829787501,0.7976952321767815
7540,0.0,286.28384429575,-286.28384429575,0.0
7346,0.0,286.32361157225,-286.32361157225,0.0
8569,0.0,286.3858102825,-286.3858102825,0.0
1301,0.0,286.38621216399997,-286.38621216399997,0.0
6684,166.090755859375,452.548912082,-286.458156222625,0.3670117219556332
7841,190.52704980468752,477.01521033975,-286.4881605350625,0.3994150401819917
2329,0.0,286.68666257900003,-286.68666257900003,0.0
1468,0.0,286.741769381,-286.741769381,0.0
8582,313.398119140625,600.1693670315,-286.771247890875,0.5221827967804186
4866,256.633921875,543.4381718325,-286.80424995749996,0.47224124970348824
629,0.0,286.9028649185,-286.9028649185,0.0
6026,0.0,286.92813571575,-286.92813571575,0.0
3859,162.339529296875,449.29930904825,-286.959779751375,0.3613171123709081
7222,0.0,287.085349203,-287.085349203,0.0
1846,0.0,287.246555953,-287.246555953,0.0
2477,0.0,287.269021419,-287.269021419,0.0
1489,0.0,287.3096340835,-287.3096340835,0.0
989,0.0,287.48660046825,-287.48660046825,0.0
1131,0.0,287.65254540975,-287.65254540975,0.0
7347,0.0,287.68150762025,-287.68150762025,0.0
7181,0.0,287.75340138875,-287.75340138875,0.0
4266,465.5445859375,753.36002145425,-287.81543551675003,0.6179576458289855
6680,48.258816162109376,336.27494403375,-288.0161278716406,0.14350999643243095
6886,0.0,288.13375650025,-288.13375650025,0.0
1635,0.0,288.2201174355,-288.2201174355,0.0
5769,517.3370234375,805.5688992380001,-288.2318758005001,0.6422008387918849
6367,4.416752853393555,292.701111691,-288.2843588376064,0.015089634654229182
8045,0.0,288.33306921625,-288.33306921625,0.0
2497,0.0,288.38199176275,-288.38199176275,0.0
2332,0.0,288.44941698925,-288.44941698925,0.0
1636,0.0,288.5071629785,-288.5071629785,0.0
1824,0.0,288.581769818,-288.581769818,0.0
7390,0.0,288.643018902,-288.643018902,0.0
2664,0.0,288.68780116,-288.68780116,0.0
3810,450.47938671875,739.207980797,-288.72859407825,0.6094081744404917
7560,0.0,288.77317581875,-288.77317581875,0.0
5074,547.189916015625,836.1356173665,-288.94570135087497,0.6544272292629179
654,0.0,289.00837062475,-289.00837062475,0.0
481,0.0,289.06018219775,-289.06018219775,0.0
8381,0.0,289.120382853,-289.120382853,0.0
4694,592.062365234375,881.21996842725,-289.15760319287506,0.6718667140727492
2015,0.0,289.25453878999997,-289.25453878999997,0.0
8717,0.0,289.3670585315,-289.3670585315,0.0
4112,352.018076171875,641.476477485,-289.458401313125,0.5487622508049708
1302,0.0,289.572775601,-289.572775601,0.0
7684,0.0,289.6325999175,-289.6325999175,0.0
3340,0.0,289.67243648225,-289.67243648225,0.0
630,0.0,289.721346825,-289.721346825,0.0
1132,0.0,289.89607890075,-289.89607890075,0.0
1972,0.0,289.9504867555,-289.9504867555,0.0
2519,0.0,290.00537513324997,-290.00537513324997,0.0
1008,0.0,290.03306344575003,-290.03306344575003,0.0
1697,132.668701171875,422.80161928525,-290.132918113375,0.31378475106686654
6870,0.0,290.19127235525,-290.19127235525,0.0
6864,0.0,290.19854341875,-290.19854341875,0.0
6250,781.69286328125,1072.0209091714999,-290.3280458902499,0.7291768806600948
1805,0.0,290.48969946375,-290.48969946375,0.0
8021,0.0,290.653843752,-290.653843752,0.0
7206,0.0,290.73542603775,-290.73542603775,0.0
2182,0.0,290.829005801,-290.829005801,0.0
6154,766.63241796875,1057.56242319,-290.93000522124987,0.7249051218474627
8627,381.960345703125,673.151277875,-291.19093217187503,0.5674212583261729
8355,0.0,291.24589582475,-291.24589582475,0.0
2686,0.0,291.406137203,-291.406137203,0.0
8046,0.0,291.40765502225,-291.40765502225,0.0
3104,377.141142578125,668.610798697,-291.4696561188749,0.5640667825722189
2539,75.38403466796875,366.89878904975,-291.51475438178124,0.20546275079769813
2502,0.0,291.63065717875,-291.63065717875,0.0
6047,0.0,291.64540970075,-291.64540970075,0.0
1679,0.0,291.65206333525003,-291.65206333525003,0.0
7054,0.0,291.70537443375,-291.70537443375,0.0
8692,0.0,291.73615828875,-291.73615828875,0.0
1343,0.0,291.746766,-291.746766,0.0
7348,0.0,291.8981266085,-291.8981266085,0.0
503,0.0,291.94579520950003,-291.94579520950003,0.0
626,0.0,291.96395687225,-291.96395687225,0.0
1830,0.0,291.9751879565,-291.9751879565,0.0
8489,211.404853515625,503.422814919,-292.017961403375,0.4199349867162948
486,0.0,292.02949717825,-292.02949717825,0.0
1175,0.0,292.070704128,-292.070704128,0.0
7709,0.0,292.072297579,-292.072297579,0.0
672,0.0,292.0875782305,-292.0875782305,0.0
7878,0.0,292.109815055,-292.109815055,0.0
3882,418.97940039062496,711.164282352,-292.184881961375,0.5891457293324807
2308,0.0,292.222603929,-292.222603929,0.0
3025,0.0,292.53638768275005,-292.53638768275005,0.0
8718,0.0,292.82089992525,-292.82089992525,0.0
8105,184.30790527343748,477.2371317605,-292.9292264870625,0.38619774661568895
1158,0.0,293.024613836,-293.024613836,0.0
6325,635.5320234375,928.565374921,-293.0333514834999,0.6844235633997724
1466,0.0,293.118673087,-293.118673087,0.0
4492,0.0,293.39807975725,-293.39807975725,0.0
8691,0.0,293.58966835725,-293.58966835725,0.0
1401,341.4133046875,635.1494378767501,-293.7361331892501,0.5375322464131953
459,0.0,293.74857295724996,-293.74857295724996,0.0
7873,0.0,293.79019737675,-293.79019737675,0.0
4285,866.1298046875,1160.0378304902501,-293.9080258027501,0.7466392743198906
1130,0.0,293.9131410895,-293.9131410895,0.0
8018,0.0,293.941414256,-293.941414256,0.0
8417,190.4825068359375,484.6094893415,-294.1269825055625,0.39306392184293826
7705,0.0,294.29232479424996,-294.29232479424996,0.0
7374,0.0,294.29873161,-294.29873161,0.0
1511,0.0,294.30652612475,-294.30652612475,0.0
460,0.0,294.35200922475,-294.35200922475,0.0
8233,0.0,294.35920014275,-294.35920014275,0.0
1551,269.7706259765625,564.1367194455,-294.36609346893755,0.4782007910485317
649,0.0,294.39978384775003,-294.39978384775003,0.0
370,418.304755859375,712.750269572,-294.445513712625,0.5868882456174657
6159,1030.1741875,1324.65549984275,-294.48131234275,0.7776921522951438
2600,306.14600390625003,600.706681581,-294.56067767474997,0.5096430800317739
7683,0.0,294.5766600425,-294.5766600425,0.0
1494,0.0,294.58297263,-294.58297263,0.0
7038,0.0,294.6006174225,-294.6006174225,0.0
818,0.0,294.6139017295,-294.6139017295,0.0
2563,58.878760986328125,353.57261022475,-294.6938492384219,0.16652523164160354
1469,0.0,294.75605494025,-294.75605494025,0.0
6714,20.552261230468748,315.32076506,-294.76850382953126,0.065178901749078
6421,836.21560546875,1131.0854946314998,-294.8698891627498,0.7393036235531248
1472,43.85404821777344,338.7325212775,-294.87847305972656,0.12946512464441448
2576,300.5088515625,595.50693509425,-294.99808353175,0.5046269545296093
2155,8.720757598876952,303.80826867325,-295.087511074373,0.028704806515820813
5051,617.80251171875,912.90323974625,-295.10072802750005,0.6767447897476289
7762,348.82872265624997,643.9836336205,-295.15491096425,0.541673272274714
4959,591.803275390625,887.04194779575,-295.23867240512504,0.6671649251696138
1973,0.0,295.41908432574996,-295.41908432574996,0.0
2333,0.0,295.57480062325,-295.57480062325,0.0
3339,0.0,295.70668212925,-295.70668212925,0.0
1153,0.0,295.7466038595,-295.7466038595,0.0
6550,0.0,295.810933856,-295.810933856,0.0
8249,180.281984375,476.11597115725,-295.83398678225,0.3786514104077506
8022,0.0,295.841266383,-295.841266383,0.0
990,0.0,295.913456443,-295.913456443,0.0
7200,0.0,295.995252255,-295.995252255,0.0
7281,362.68797265625,658.8396729335,-296.15170027725,0.5504950400009729
7305,361.370658203125,657.57277462375,-296.202116420625,0.5495523409714488
7032,0.0,296.3471038535,-296.3471038535,0.0
8063,0.0,296.35582613375,-296.35582613375,0.0
3006,0.5313441371917724,297.015143084,-296.48379894680824,0.001788946280266103
1133,0.0,296.54014817975,-296.54014817975,0.0
3210,415.78671484375,712.32772970275,-296.54101485900003,0.5837014297247053
8356,0.0,296.74080047075,-296.74080047075,0.0
7896,0.0,296.75125967475003,-296.75125967475003,0.0
6528,0.0,296.87548691225,-296.87548691225,0.0
169,0.0,296.90408103100003,-296.90408103100003,0.0
3448,856.06277734375,1153.29090929775,-297.228131954,0.742278266220564
7817,187.6413515625,484.94273228549997,-297.30138072299997,0.3869350722944642
8568,0.0,297.3573813565,-297.3573813565,0.0
3168,0.0,297.3989239945,-297.3989239945,0.0
7349,0.0,297.41835915125,-297.41835915125,0.0
2855,0.0,297.56531743924995,-297.56531743924995,0.0
1721,139.29437890625,436.889286532,-297.59490762575,0.31883221420494856
6385,0.0,297.63946788875,-297.63946788875,0.0
2309,0.0,297.66342617425,-297.66342617425,0.0
2218,389.32364453125,686.991133228,-297.66748869674996,0.5667083971451086
4518,2.905425827026367,300.6035359045,-297.69811007747364,0.009665308189468855
8187,0.0,297.703217107,-297.703217107,0.0
3327,204.2887421875,502.02693633725,-297.73819414975003,0.40692784987006303
8713,0.0,297.86387234925,-297.86387234925,0.0
819,0.0,297.905835589,-297.905835589,0.0
1662,0.0,297.94529388325,-297.94529388325,0.0
1007,0.0,297.96736161975,-297.96736161975,0.0
8273,184.7671689453125,482.74843307175,-297.9812641264375,0.3827400689566005
1987,14.336228149414064,312.44045458975,-298.10422644033594,0.04588467304067131
3487,116.1961513671875,414.434382479,-298.2382311118125,0.28037285514722576
4474,556.105560546875,854.384947283,-298.27938673612493,0.6508840794356724
1637,0.0,298.30793544925,-298.30793544925,0.0
2160,0.0,298.371519725,-298.371519725,0.0
4721,615.910568359375,914.3198325445,-298.4092641851249,0.6736270457698637
2350,0.0,298.51231240475,-298.51231240475,0.0
1996,0.0,298.5433900745,-298.5433900745,0.0
6713,55.103113525390626,354.10303292599997,-298.9999194006093,0.15561322057722332
6535,1.6270913162231446,300.6548969975,-299.02780568127685,0.005411823745631027
2491,37.099115234375,336.17625513625,-299.077139901875,0.11035614371093172
8399,0.0,299.08497920425,-299.08497920425,0.0
7368,0.0,299.087422659,-299.087422659,0.0
1993,0.0,299.16040467774997,-299.16040467774997,0.0
1327,0.0,299.16748799325,-299.16748799325,0.0
8693,0.0,299.20743483025,-299.20743483025,0.0
6897,374.5564453125,673.911526619,-299.35508130650004,0.5557946851508048
6686,170.2502099609375,469.656886044,-299.4066760830625,0.36249912363147685
2275,42.93794946289062,342.41335897125,-299.47540950835935,0.1253979969312407
5538,346.145333984375,645.6793015325001,-299.5339675481251,0.5360948269933925
6730,660.4372265625,960.0176807194999,-299.58045415699996,0.6879427734909865
8545,0.0,299.67300550199997,-299.67300550199997,0.0
8129,182.053328125,481.73326928375,-299.67994115875,0.3779131302634903
6696,0.0,299.86205182525003,-299.86205182525003,0.0
8690,0.0,299.94666110125,-299.94666110125,0.0
1470,0.0,299.98938631625003,-299.98938631625003,0.0
7515,0.0,300.22594934375,-300.22594934375,0.0
3953,596.379275390625,896.63652042875,-300.257245038125,0.6651293597101325
8549,0.0,300.27849682575,-300.27849682575,0.0
6342,0.0,300.303142632,-300.303142632,0.0
8382,0.0,300.54453464525,-300.54453464525,0.0
3993,257.1789013671875,557.936681752,-300.7577803848125,0.4609463928750177
6718,0.0,300.78645435975,-300.78645435975,0.0
5624,232.8000361328125,533.63984450825,-300.83980837543754,0.43624935074158255
7685,0.0,300.85760501325,-300.85760501325,0.0
655,0.0,300.90732465125,-300.90732465125,0.0
1634,0.0,301.075137766,-301.075137766,0.0
6733,778.37815234375,1079.51033882775,-301.13218648400004,0.7210474264359064
1134,0.0,301.14213695125,-301.14213695125,0.0
7537,0.0,301.158993738,-301.158993738,0.0
4697,605.343091796875,906.511830324,-301.168738527125,0.6677718600900608
2166,0.0,301.19116173425,-301.19116173425,0.0
2831,0.0,301.209954899,-301.209954899,0.0
2371,48.59358349609375,349.97776453250003,-301.3841810364063,0.13884763056920882
8357,0.0,301.4112625735,-301.4112625735,0.0
7879,0.0,301.62445260625003,-301.62445260625003,0.0
8735,0.0,301.9377031345,-301.9377031345,0.0
2978,0.0,301.95184534450004,-301.95184534450004,0.0
3761,518.04128125,820.07038236025,-302.02910111025005,0.631703438828407
2663,0.0,302.14953453675,-302.14953453675,0.0
820,0.0,302.25524821625,-302.25524821625,0.0
7710,0.0,302.43473753675,-302.43473753675,0.0
6393,484.03543359375,786.5278184797501,-302.4923848860001,0.6154078998933769
6863,0.0,302.516606129,-302.516606129,0.0
3019,93.31762255859374,395.958287029,-302.64066447040625,0.23567538647343367
6593,294.3401923828125,597.0027686285,-302.6625762456875,0.4930298607592275
8176,228.55545703125,531.25639424625,-302.700937215,0.4302168577665952
3652,0.0,302.72519984925003,-302.72519984925003,0.0
1823,0.0,302.752698179,-302.752698179,0.0
2014,0.0,302.8142698065,-302.8142698065,0.0
8377,0.0,302.93468006374997,-302.93468006374997,0.0
8694,0.0,302.97074146625,-302.97074146625,0.0
2496,0.0,302.9762181905,-302.9762181905,0.0
8188,0.0,303.0044063855,-303.0044063855,0.0
7541,0.0,303.13642231250003,-303.13642231250003,0.0
1770,121.918048828125,425.15611510875004,-303.23806628062505,0.28676066086966456
7559,0.0,303.359939313,-303.359939313,0.0
6384,0.0,303.63993022725,-303.63993022725,0.0
7727,0.0,303.735382947,-303.735382947,0.0
671,0.0,303.78415995675,-303.78415995675,0.0
963,0.0,303.810564617,-303.810564617,0.0
2814,0.11505394887924193,303.98854551025,-303.87349156137077,0.00037848119674259667
2803,42.29451318359375,346.184855074,-303.89034189040626,0.12217320440658715
3897,649.31402734375,953.24909646025,-303.9350691165,0.6811588168021592
2328,0.0,303.966354022,-303.966354022,0.0
5753,607.436150390625,911.60852560175,-304.172375211125,0.6663344326703438
8041,0.0,304.27745505475,-304.27745505475,0.0
5728,888.4536328125,1192.90941964325,-304.45578683074996,0.7447787882615773
2364,336.44777734375,640.9828381325,-304.53506078875,0.5248935803009878
7386,0.19356869840621949,305.00763378825,-304.8140650898438,0.0006346355839276075
1328,22.512641662597655,327.36551478025,-304.85287311765234,0.06876912984845256
2611,74.97705883789062,379.9033284085,-304.92626957060935,0.19735825678239788
1997,0.0,304.971640879,-304.971640879,0.0
2518,0.0,304.97167566474997,-304.97167566474997,0.0
4855,84.064201171875,389.067569342,-305.003368170125,0.21606581370423777
778,380.88880859375,685.9947507735,-305.10594217974995,0.5552357472255283
8008,217.914076171875,523.210865428,-305.29678925612507,0.41649378893750966
487,0.0,305.438395341,-305.438395341,0.0
461,0.0,305.45152077275003,-305.45152077275003,0.0
6510,0.0,305.49339101975,-305.49339101975,0.0
4044,1194.10803125,1499.6543684895,-305.54633723949996,0.7962554942953212
1495,0.0,305.57863944525,-305.57863944525,0.0
8047,0.0,305.64016085,-305.64016085,0.0
2960,351.389806640625,657.0340218274999,-305.64421518687493,0.5348121930253225
7031,0.0,305.830423999,-305.830423999,0.0
8523,0.0,305.83985165475,-305.83985165475,0.0
7617,308.23330859375,614.17868609975,-305.94537750600006,0.501862593196252
8358,0.0,305.977398322,-305.977398322,0.0
1377,332.209701171875,638.19172282025,-305.982021648375,0.5205484320342637
7544,39.45762524414062,345.58706507625,-306.12943983210937,0.11417564231247801
2826,71.33116577148438,377.54530450375,-306.2141387322656,0.18893405567924848
3697,0.0,306.25713700175,-306.25713700175,0.0
1638,0.0,306.262295946,-306.262295946,0.0
8354,0.0,306.29854912775,-306.29854912775,0.0
1320,0.0,306.31303272325,-306.31303272325,0.0
3416,402.855357421875,709.22681189875,-306.37145447687504,0.5680204838496243
8524,0.0,306.4170756545,-306.4170756545,0.0
7981,334.50604687500004,640.99157759925,-306.48553072425,0.5218571632500874
5793,483.50903125,790.03012371575,-306.52109246575003,0.6120134107847657
7686,0.0,306.72974191125,-306.72974191125,0.0
1159,0.0,306.73719904625,-306.73719904625,0.0
7895,0.0,306.78410763375,-306.78410763375,0.0
2395,45.60706787109375,352.46778106075,-306.8607131896562,0.12939357919309938
2646,0.0,306.89324522425,-306.89324522425,0.0
7516,0.0,306.93175732049997,-306.93175732049997,0.0
7913,180.69861718750002,487.6448074275,-306.94619023999996,0.37055375975435034
4784,313.221921875,620.2402743615,-307.0183524865,0.5050009396639749
964,0.0,307.27542359875,-307.27542359875,0.0
7199,0.0,307.37397391225,-307.37397391225,0.0
6003,0.0,307.45308408675,-307.45308408675,0.0
7194,11.21843048095703,319.0273879905,-307.808957509543,0.0351644744874588
7852,0.0,307.817274478,-307.817274478,0.0
2159,0.0,307.880684135,-307.880684135,0.0
2479,12.969168884277344,320.91009562125004,-307.9409267369727,0.04041371406143085
424,220.63433203125,528.96260537175,-308.3282733405,0.41710761663214857
462,0.0,308.34022687675,-308.34022687675,0.0
3762,455.762798828125,764.2350501977501,-308.47225136962504,0.5963646892586635
3653,0.0,308.543688599,-308.543688599,0.0
3024,0.0,308.647893775,-308.647893775,0.0
2334,0.0,308.674917907,-308.674917907,0.0
5841,174.2773359375,483.02041480825,-308.74307887074997,0.3608073908136521
3752,374.24361718750004,683.04220138775,-308.79858420024993,0.5479070193309213
4328,340.739529296875,649.5960142825,-308.85648498562506,0.5245406703252209
474,26.208888671875002,335.26014777525,-309.051259103375,0.07817478089065928
3690,111.17270068359375,420.2520330855,-309.07933240190624,0.2645381620234484
1450,372.567720703125,681.7077034705,-309.13998276737493,0.5465212117450073
6687,151.46974462890626,460.63045188725,-309.16070725834373,0.3288313737823626
4998,0.0,309.2410976775,-309.2410976775,0.0
2030,282.60147265625,591.854870902,-309.25339824575,0.4774844071960997
1819,3.8948685989379883,313.15348320675,-309.25861460781204,0.01243757069733422
2251,42.39760888671875,351.8276939455,-309.4300850587813,0.12050674092977919
1507,0.8470352897644042,310.48556233075,-309.6385270409856,0.0027280987904164987
930,133.12147705078127,442.7876951055,-309.66621805471874,0.30064402923035
4158,3.3121744537353517,312.98463567375,-309.67246122001467,0.010582546443606775
8189,0.0,309.86691818325,-309.86691818325,0.0
7851,0.0,309.88119418575,-309.88119418575,0.0
2335,15.553554443359376,325.49460332350003,-309.94104888014067,0.04778436950033473
8081,175.716865234375,485.75003192775,-310.033166693375,0.3617433933566217
6590,458.8689765625,769.070914073,-310.20193751050004,0.5966536603701159
8719,0.0,310.283017185,-310.283017185,0.0
2587,78.68827270507813,388.9761324075,-310.2878597024219,0.20229588899389506
817,0.0,310.28974841,-310.28974841,0.0
7711,0.0,310.35050232825,-310.35050232825,0.0
6025,0.0,310.44343069675,-310.44343069675,0.0
1339,0.057230135932564735,310.57018105225,-310.51295091631744,0.00018427440636569674
1656,0.0,310.56479269675,-310.56479269675,0.0
6004,0.0,310.5766348275,-310.5766348275,0.0
3969,656.536171875,967.18435868775,-310.64818681274994,0.6788118162776733
4491,0.0,310.74035972,-310.74035972,0.0
458,0.0,310.787098344,-310.787098344,0.0
1678,0.0,310.838092577,-310.838092577,0.0
7854,0.0,311.201727169,-311.201727169,0.0
2753,285.20369921875,596.45213027525,-311.24843105650007,0.4781669546707253
7367,0.0,311.30276222550003,-311.30276222550003,0.0
954,138.6770966796875,450.00062324875,-311.3235265690625,0.3081708984541986
8383,0.0,311.35448109525,-311.35448109525,0.0
8186,0.0,311.433439976,-311.433439976,0.0
8609,165.01993408203126,476.45403685975003,-311.43410277771875,0.34635016385485407
3167,0.0,311.4647681725,-311.4647681725,0.0
7682,0.0,311.49744886925004,-311.49744886925004,0.0
8752,221.038638671875,532.62806989025,-311.589431218375,0.4149962248561639
2685,0.0,311.60620444625,-311.60620444625,0.0
8290,361.63356640625,673.41922592375,-311.7856595175,0.5370110503946112
8211,0.0,311.87843089875,-311.87843089875,0.0
6062,693.95528125,1005.93547228725,-311.98019103725005,0.6898606318974473
3401,463.745494140625,775.78411738675,-312.03862324612504,0.5977764730541119
8513,177.61409472656248,489.68511416175,-312.0710194351875,0.3627108303422578
6354,182.2065859375,494.419834773,-312.2132488355,0.36852604356503893
8550,0.0,312.260609591,-312.260609591,0.0
3359,0.0,312.268957725,-312.268957725,0.0
7514,0.0,312.27083145675,-312.27083145675,0.0
480,0.0,312.316503996,-312.316503996,0.0
8210,0.0,312.37839505175,-312.37839505175,0.0
4687,93.00335107421876,405.3925228765,-312.3891718022812,0.22941555553341084
2915,824.387609375,1136.83892767625,-312.45131830125,0.7251577937561723
1488,0.0,312.48994045325003,-312.48994045325003,0.0
985,0.0,312.68790966825003,-312.68790966825003,0.0
3248,372.18242578125,684.941216595,-312.75879081375,0.5433786377874522
2850,62.0361416015625,374.87544560725,-312.8393040056875,0.16548467541155504
3441,668.2231171875001,981.07716723,-312.8540500424999,0.6811116789039824
2495,0.0,312.87660477375,-312.87660477375,0.0
962,0.0,312.8871847225,-312.8871847225,0.0
6042,136.137482421875,449.11705223974997,-312.97956981787496,0.3031224965514756
841,0.0,313.17817067,-313.17817067,0.0
2851,41.891104980468754,355.21726110125,-313.32615612078126,0.11793093818883228
7517,0.0,313.74492560475,-313.74492560475,0.0
5600,239.1038525390625,552.85098950425,-313.74713696518756,0.4324924014714674
1185,288.3560322265625,602.2935284927499,-313.93749626618745,0.4787632908316568
8232,0.0,314.03131678625,-314.03131678625,0.0
8567,0.0,314.0598857445,-314.0598857445,0.0
5466,347.98787500000003,662.0724326275,-314.0845576275,0.5256039329312833
1845,0.0,314.10336459675,-314.10336459675,0.0
3088,511.84243359375,826.0249639135,-314.18253031974996,0.6196452351138677
965,0.0,314.30845055725,-314.30845055725,0.0
6002,0.0,314.3606113225,-314.3606113225,0.0
6005,0.0,314.41618244425,-314.41618244425,0.0
2327,0.0,314.43250787825,-314.43250787825,0.0
8212,0.0,314.479076993,-314.479076993,0.0
648,0.0,314.60451709575,-314.60451709575,0.0
4664,156.50354541015625,471.198731564,-314.6951861538438,0.33213914765549446
1998,0.0,314.98737007475,-314.98737007475,0.0
314,0.0,315.008975686,-315.008975686,0.0
7853,0.0,315.06973948075,-315.06973948075,0.0
6527,0.0,315.13600585975,-315.13600585975,0.0
4361,405.350203125,720.5348812780001,-315.18467815300005,0.5625684655869387
2467,66.15017822265625,381.34799148775,-315.1978132650937,0.17346407880928122
7313,151.2603583984375,466.48020266425,-315.2198442658125,0.32425890147164194
8525,0.0,315.279877864,-315.279877864,0.0
4043,1097.875109375,1413.31348143675,-315.43837206175,0.7768093370779353
2697,351.186794921875,666.67337865225,-315.486583730375,0.5267748880344689
906,130.7551943359375,446.42330325125,-315.6681089153125,0.2928950910285535
2131,20.35435772705078,336.164086155,-315.8097284279492,0.06054887629226647
34,436.107205078125,751.9356792085,-315.828474130375,0.5799794005747929
8190,0.0,315.938232785,-315.938232785,0.0
6401,484.494193359375,800.5534583770001,-316.0592650176251,0.6051990503375178
7542,0.0,316.069157708,-316.069157708,0.0
1745,102.70614013671874,418.87449036099997,-316.1683502242812,0.24519549949916425
3906,414.843390625,731.09735061575,-316.25395999075,0.5674256509180098
3706,632.73146875,948.99095920575,-316.25949045575,0.6667413023753335
2033,130.66309765625,447.24167712675,-316.5785794705,0.29215322284704326
8712,0.0,316.62645903074997,-316.62645903074997,0.0
4997,0.0,316.661797247,-316.661797247,0.0
3696,0.0,316.74633438325003,-316.74633438325003,0.0
6279,656.969046875,973.7944328195,-316.8253859445,0.674648595287385
795,0.0,316.8432884805,-316.8432884805,0.0
1152,0.0,316.890157841,-316.890157841,0.0
5442,368.426083984375,685.342953053,-316.916869068625,0.5375791518765412
7449,312.21850390625,629.18827679075,-316.9697728845,0.49622428599994506
153,71.50160034179687,388.51368721,-317.01208686820314,0.18403881899560956
8243,375.422046875,692.4531452157499,-317.03109834074996,0.5421623815657103
3296,362.91516210937505,680.22355104675,-317.30838893737496,0.5335233703940213
2662,0.0,317.40312560975,-317.40312560975,0.0
8753,161.3652080078125,478.7800725245,-317.4148645166875,0.3370340933780636
7704,0.0,317.6156452095,-317.6156452095,0.0
8217,26.48253466796875,344.29687783775,-317.81434316978124,0.07691773087623212
2142,0.0,317.9919881155,-317.9919881155,0.0
3777,684.64210546875,1002.9042541245,-318.26214865575,0.682659488151996
6862,0.0,318.440388332,-318.440388332,0.0
6703,1.153067527770996,319.9389164155,-318.785848887729,0.003604023971468042
1651,0.09604039001464844,318.941518256,-318.84547786598534,0.00030112225664028755
796,0.0,318.946987031,-318.946987031,0.0
7518,0.0,318.9836574655,-318.9836574655,0.0
966,0.0,319.0682466015,-319.0682466015,0.0
7182,0.0,319.1358879885,-319.1358879885,0.0
315,0.0,319.245138651,-319.245138651,0.0
5610,338.684115234375,658.0964945200001,-319.4123792856251,0.5146420282435346
8465,186.869880859375,506.296018482,-319.426137622625,0.36909213912162436
4996,0.0,319.689515771,-319.689515771,0.0
1792,185.8409853515625,505.59620098475,-319.7552156331875,0.36756800114801474
5527,33.264815795898436,353.08019708850003,-319.8153812926016,0.09421320135195053
3356,1.4207129554748534,321.47700338075003,-320.05629042527517,0.004419329955532973
6360,0.0,320.08618221875,-320.08618221875,0.0
1822,0.0,320.2180684355,-320.2180684355,0.0
3318,1.7938747634887695,322.2027386855,-320.4088639220112,0.005567534171930876
337,0.0,320.53291802225,-320.53291802225,0.0
840,0.0,320.69785358400003,-320.69785358400003,0.0
316,0.0,320.71364244875,-320.71364244875,0.0
7014,0.0,320.748729366,-320.748729366,0.0
1992,0.0,320.78535669975,-320.78535669975,0.0
8526,0.0,320.80105953975,-320.80105953975,0.0
3641,697.96513671875,1018.9018118385,-320.9366751197499,0.6850170722283133
6343,4.421104522705078,325.53289935525,-321.1117948325449,0.013581129642750033
168,0.0,321.219220585,-321.219220585,0.0
2830,0.0,321.32680346075,-321.32680346075,0.0
7030,0.0,321.66458679175,-321.66458679175,0.0
5915,1013.0905937499999,1334.7573401665,-321.6667464165,0.7590073210345618
8551,0.0,321.97748479775,-321.97748479775,0.0
7712,19.652329101562497,341.87369471425,-322.2213656126875,0.05748418011659078
8040,0.0,322.2372905455,-322.2372905455,0.0
3081,454.3113515625,776.5517835725,-322.24043200999995,0.585036774865701
7569,305.854140625,628.26271107225,-322.40857044725,0.4868252321010369
821,0.0,322.69700119375,-322.69700119375,0.0
5022,0.5344754447937011,323.23254871425,-322.6980732694563,0.0016535322487360817
2158,0.0,322.77514946524997,-322.77514946524997,0.0
2516,0.0,322.84576269625,-322.84576269625,0.0
7554,1.0607902755737306,324.1172823665,-323.05649209092627,0.0032728593321394335
7872,0.0,323.0644492995,-323.0644492995,0.0
631,0.0,323.161752686,-323.161752686,0.0
3610,921.7976796875,1244.9832518785,-323.1855721909999,0.7404097023443734
5795,607.1920058593751,930.4155962479999,-323.22359038862487,0.6526029955380569
4831,84.67214599609375,408.0774531325,-323.40530713640624,0.2074903799233203
7329,345.7378046875,669.1798824845,-323.442077797,0.51665899292609
8376,0.0,323.4692812445,-323.4692812445,0.0
984,0.0,323.521657013,-323.521657013,0.0
7543,0.0,323.62125976025,-323.62125976025,0.0
5048,293.2514609375,616.96538252775,-323.71392159025,0.4753126654541228
58,402.98476171875,726.81701325975,-323.83225154099995,0.5544514696442305
1765,266.961859375,590.888645224,-323.926785849,0.45179723976926345
4843,165.1933876953125,489.37542765025,-324.1820399549375,0.3375596280976624
8009,147.66855224609375,471.894564597,-324.2260123509062,0.3129270032158059
1806,0.0,324.3453222895,-324.3453222895,0.0
6383,0.0,324.418801905,-324.418801905,0.0
6735,779.63144921875,1104.09899594575,-324.4675467269999,0.7061245878996639
7198,0.0,324.60086739175,-324.60086739175,0.0
2635,78.44032470703125,403.15253460825,-324.7122099012187,0.1945673604376211
7793,161.26458837890624,485.98744033325,-324.72285195434375,0.3318287154427193
6846,0.0,324.7925599065,-324.7925599065,0.0
2827,27.903996948242188,353.1474579175,-325.2434609692578,0.07901514294843316
1319,0.0,325.2524394565,-325.2524394565,0.0
3003,0.0,325.62310364275,-325.62310364275,0.0
6378,154.61588671875,480.372354723,-325.75646800425,0.32186674540428195
3473,742.88057421875,1068.67676831725,-325.7961940985,0.6951405659293569
1074,95.75305419921875,421.758426061,-326.00537186178127,0.22703293652356527
7053,0.0,326.02532314825,-326.02532314825,0.0
7366,0.0,326.04976215075,-326.04976215075,0.0
991,0.0,326.15127453975,-326.15127453975,0.0
1991,0.0,326.2169986695,-326.2169986695,0.0
7350,0.0,326.34124493925,-326.34124493925,0.0
8522,0.0,326.357058713,-326.357058713,0.0
5359,63.94032666015625,390.31692843175,-326.37660177159376,0.16381643182437652
3565,1202.040953125,1528.49330184975,-326.45234872475,0.7864221262101008
2058,47.2404541015625,373.77968901775,-326.5392349161875,0.1263858239577414
8209,0.0,326.71836603375,-326.71836603375,0.0
1487,0.0,326.75778971275,-326.75778971275,0.0
2348,0.0,326.88491638075,-326.88491638075,0.0
2478,0.0,326.96019145,-326.96019145,0.0
4674,350.922099609375,678.06088408,-327.13878447062507,0.517537742304619
7221,0.0,327.2877507165,-327.2877507165,0.0
184,198.77982617187502,526.177707517,-327.39788134512503,0.3777807819569626
2180,0.0,327.46661179,-327.46661179,0.0
8296,206.38428125000002,533.94463557875,-327.56035432874995,0.38652749201191944
1689,334.20855664062503,661.7796683270001,-327.57111168637505,0.505014844261535
4025,740.68934765625,1068.29419430775,-327.6048466515001,0.6933383621380391
479,0.0,327.62269832225,-327.62269832225,0.0
1655,0.0,327.9207641535,-327.9207641535,0.0
2295,223.7845302734375,551.896346172,-328.1118158985625,0.40548289804805404
7389,0.0,328.12011017575,-328.12011017575,0.0
2494,0.0,328.35097033200003,-328.35097033200003,0.0
2706,193.5668115234375,521.967928254,-328.4011167305624,0.37084043036913106
2624,305.23036523437503,633.6642227597499,-328.4338575253749,0.4816910183493353
2299,30.8323017578125,359.27403886525,-328.4417371074375,0.08581834014329708
1974,0.0,328.9259682505,-328.9259682505,0.0
3193,0.0,328.938153003,-328.938153003,0.0
6592,334.30366796875,663.25053613475,-328.94686816599994,0.5040382920953909
3338,0.0,328.956105333,-328.956105333,0.0
6136,807.28217578125,1136.260271622,-328.9780958407499,0.7104729393718835
6547,0.02289612770080566,329.02024105675,-328.99734492904923,6.958881179370262e-05
3282,383.648072265625,712.6768617827499,-329.02878951712495,0.5383198084579532
2326,0.0,329.29711627899997,-329.29711627899997,0.0
1719,205.49920703125,535.240124158,-329.74091712675,0.3839383435062679
8023,0.0,329.83022867175,-329.83022867175,0.0
3234,417.80198046875,747.7600668425,-329.95808637375,0.5587380209727263
6695,0.0,330.2309101995,-330.2309101995,0.0
839,0.0,330.32321831825,-330.32321831825,0.0
6885,0.0,330.324822304,-330.324822304,0.0
647,0.0,330.57377966,-330.57377966,0.0
5071,64.69305346679687,395.55264140975,-330.8595879429531,0.1635510587735673
2202,99.82027587890624,430.801073759,-330.98079788009375,0.2317085117179617
1639,0.0,330.98799649824997,-330.98799649824997,0.0
3667,163.897005859375,494.89381125525,-330.99680539587496,0.3311761064711844
8711,0.0,331.1564047375,-331.1564047375,0.0
3005,0.0,331.24763562149997,-331.24763562149997,0.0
2443,63.75484716796875,395.0695334845,-331.31468631653127,0.16137626823378878
4663,91.71199365234375,423.03477806575,-331.3227844134062,0.2167953988437661
1303,0.0,331.41484471575,-331.41484471575,0.0
7536,0.0,331.605353767,-331.605353767,0.0
313,0.0,331.60923196025,-331.60923196025,0.0
4067,596.77080078125,928.38474823,-331.61394744874997,0.6428054761522206
4995,0.0,331.85482493975,-331.85482493975,0.0
4929,460.5640703125,792.461081954,-331.89701164149994,0.5811819409423723
2854,0.0,331.9102716025,-331.9102716025,0.0
7051,0.0,332.0363382835,-332.0363382835,0.0
6805,402.67560546875,734.88249159425,-332.20688612550003,0.5479455688857714
3120,0.0,332.303176466,-332.303176466,0.0
6526,0.0,332.33646267325,-332.33646267325,0.0
6511,3.1915180664062497,335.5658848245,-332.37436675809374,0.009510853758464007
6074,0.0,332.414940927,-332.414940927,0.0
2310,0.0,332.52102938775005,-332.52102938775005,0.0
7052,0.0,332.52408870799997,-332.52408870799997,0.0
6434,0.0,332.55287636075,-332.55287636075,0.0
3362,0.0,332.589625297,-332.589625297,0.0
7703,0.0,332.89910359325,-332.89910359325,0.0
3192,0.0,332.909256521,-332.909256521,0.0
6794,0.0,332.95003266025003,-332.95003266025003,0.0
1471,0.0,332.963365444,-332.963365444,0.0
3121,0.0,333.00415795825,-333.00415795825,0.0
3023,0.0,333.02561697025,-333.02561697025,0.0
1342,0.0,333.078128972,-333.078128972,0.0
1844,0.0,333.263687672,-333.263687672,0.0
2448,0.0,333.38070306925,-333.38070306925,0.0
8213,0.0,333.41872023775,-333.41872023775,0.0
1282,313.7238515625,647.19738118925,-333.47352962675,0.4847421516157532
6050,0.0,333.4836276875,-333.4836276875,0.0
502,0.0,333.4867929785,-333.4867929785,0.0
797,0.0,333.53820559400003,-333.53820559400003,0.0
7362,4.3274128570556645,337.89832755550003,-333.57091469844437,0.012806848958250718
129,132.7049228515625,466.35539823675,-333.6504753851875,0.28455749213743636
798,0.0,333.739624966,-333.739624966,0.0
3004,0.0,333.7735327895,-333.7735327895,0.0
2760,0.0,333.8237783275,-333.8237783275,0.0
6504,0.0,333.86675492125,-333.86675492125,0.0
6938,0.0,333.8860510265,-333.8860510265,0.0
1174,0.0,333.93049746475003,-333.93049746475003,0.0
6937,0.0,334.0827901015,-334.0827901015,0.0
2449,0.0,334.11332403725,-334.11332403725,0.0
2808,0.0,334.12154792775,-334.12154792775,0.0
816,0.0,334.13269269725,-334.13269269725,0.0
7008,0.0,334.28734324425,-334.28734324425,0.0
4385,697.3691640625,1031.6598001407501,-334.29063607825015,0.6759681469525023
6816,0.0,334.29208784425,-334.29208784425,0.0
6650,0.0,334.3241599125,-334.3241599125,0.0
2761,0.0,334.330746602,-334.330746602,0.0
423,230.4996162109375,564.8306091970001,-334.3309929860626,0.4080862687851575
6202,119.40367724609375,453.7639437715,-334.36026652540625,0.2631405130837827
3166,0.0,334.39663286399997,-334.39663286399997,0.0
2181,0.0,334.4093088015,-334.4093088015,0.0
2088,0.0,334.449522568,-334.449522568,0.0
1151,0.0,334.51947327075,-334.51947327075,0.0
2762,0.0,334.56817274175,-334.56817274175,0.0
6936,0.0,334.607088583,-334.607088583,0.0
2090,0.0,334.663876863,-334.663876863,0.0
3002,0.0,334.67161218350003,-334.67161218350003,0.0
6795,0.0,334.74219865675,-334.74219865675,0.0
3144,0.0,334.8257529125,-334.8257529125,0.0
6793,0.0,334.92242529124997,-334.92242529124997,0.0
6913,0.0,335.0010625995,-335.0010625995,0.0
8394,0.08895489954948425,335.13602668075,-335.0470717812005,0.00026542923530209814
2089,0.0,335.0779025695,-335.0779025695,0.0
6912,0.0,335.10905795474997,-335.10905795474997,0.0
6914,0.0,335.11501066575,-335.11501066575,0.0
2858,0.0,335.16505372475,-335.16505372475,0.0
1510,0.0,335.16733081725,-335.16733081725,0.0
6984,0.0,335.23906480625,-335.23906480625,0.0
3122,0.0,335.2502974595,-335.2502974595,0.0
6817,0.0,335.2938056675,-335.2938056675,0.0
6648,0.0,335.465295726,-335.465295726,0.0
2425,0.0,335.4861651095,-335.4861651095,0.0
8398,0.0,335.5196418815,-335.5196418815,0.0
6792,0.0,335.56287600525,-335.56287600525,0.0
6336,0.0,335.5921561265,-335.5921561265,0.0
2424,0.0,335.594628886,-335.594628886,0.0
2447,0.0,335.6735426655,-335.6735426655,0.0
1135,0.0,335.72040078025,-335.72040078025,0.0
8039,0.0,335.7250806235,-335.7250806235,0.0
3363,0.0,335.725360163,-335.725360163,0.0
3695,0.0,335.73048397524997,-335.73048397524997,0.0
7297,0.0,335.80541808,-335.80541808,0.0
6554,0.0,335.80597181925,-335.80597181925,0.0
4182,3.32088215637207,339.1362733495,-335.81539119312794,0.009792176206281327
2738,0.0,335.843737142,-335.843737142,0.0
3291,0.0,335.84753357175003,-335.84753357175003,0.0
6555,0.0,335.86579671600003,-335.86579671600003,0.0
5840,129.7804521484375,465.66055998350004,-335.8801078350625,0.27870183352941513
2112,0.0,335.9463961485,-335.9463961485,0.0
2349,0.0,335.95219619475,-335.95219619475,0.0
8544,0.0,335.96650769575,-335.96650769575,0.0
2167,6.2732029724121094,342.2435115605,-335.9703085880879,0.018329647581860783
983,0.0,336.04686113975,-336.04686113975,0.0
3027,0.0,336.13510786625,-336.13510786625,0.0
5817,454.840001953125,790.977193425,-336.137191471875,0.5750355448411765
7855,0.0,336.223919103,-336.223919103,0.0
7226,0.0,336.23719685275,-336.23719685275,0.0
6046,0.0,336.27873104450003,-336.27873104450003,0.0
2807,0.0,336.33521336525,-336.33521336525,0.0
7296,0.0,336.34011304375,-336.34011304375,0.0
2759,0.0,336.3708260025,-336.3708260025,0.0
2087,0.0,336.50256801800003,-336.50256801800003,0.0
2713,0.0,336.5061888015,-336.5061888015,0.0
6935,0.0,336.52444603725,-336.52444603725,0.0
2426,0.0,336.526752048,-336.526752048,0.0
1850,0.0,336.612845252,-336.612845252,0.0
2208,0.0,336.6635223985,-336.6635223985,0.0
2209,0.0,336.69331270675,-336.69331270675,0.0
6651,0.0,336.70527686075,-336.70527686075,0.0
6983,0.0,336.71421376325,-336.71421376325,0.0
1394,0.0,336.75244270775,-336.75244270775,0.0
2786,0.0,336.774580945,-336.774580945,0.0
2712,0.0,336.80566803199997,-336.80566803199997,0.0
6051,0.0,336.84270681775,-336.84270681775,0.0
2450,0.0,336.84496366225,-336.84496366225,0.0
1393,0.0,336.8822434535,-336.8822434535,0.0
2528,287.9841962890625,624.963431776,-336.9792354869375,0.4608016744433783
8231,0.0,337.0286131905,-337.0286131905,0.0
6649,0.0,337.04344455925,-337.04344455925,0.0
5191,57.702349609375,394.760028632,-337.057679022625,0.14617069935668467
2593,0.0,337.1058867065,-337.1058867065,0.0
7248,0.0,337.11313401250004,-337.11313401250004,0.0
1744,129.586916015625,466.7101002305,-337.123184214875,0.27766040562217076
6818,0.0,337.15585293675,-337.15585293675,0.0
6961,0.0,337.215651317,-337.215651317,0.0
7418,0.0,337.2524150565,-337.2524150565,0.0
7273,0.0,337.26074008125005,-337.26074008125005,0.0
8359,0.0,337.2832233855,-337.2832233855,0.0
6960,0.0,337.28402126025003,-337.28402126025003,0.0
3785,743.75217578125,1081.06871149475,-337.3165357135,0.6879786337215469
8695,0.0,337.31809324774997,-337.31809324774997,0.0
7419,0.0,337.32123002425004,-337.32123002425004,0.0
2640,0.0,337.32145909325,-337.32145909325,0.0
6939,0.0,337.3445801415,-337.3445801415,0.0
7871,0.0,337.35245498475,-337.35245498475,0.0
2568,0.0,337.36272321625,-337.36272321625,0.0
2785,0.0,337.39851272575,-337.39851272575,0.0
6435,0.0,337.40282496,-337.40282496,0.0
1990,0.0,337.41886193475,-337.41886193475,0.0
7320,0.0,337.543034705,-337.543034705,0.0
7249,0.0,337.5882212575,-337.5882212575,0.0
6986,0.0,337.620166679,-337.620166679,0.0
2423,0.0,337.643395861,-337.643395861,0.0
7129,0.0,337.65858763525,-337.65858763525,0.0
2569,0.0,337.66198319125,-337.66198319125,0.0
7081,0.0,337.66743395149996,-337.66743395149996,0.0
7274,0.0,337.683961464,-337.683961464,0.0
3358,0.0,337.75632922949995,-337.75632922949995,0.0
463,0.0,337.8975017395,-337.8975017395,0.0
6503,0.0,337.943147002,-337.943147002,0.0
6985,0.0,338.012334398,-338.012334398,0.0
2763,0.0,338.094540679,-338.094540679,0.0
7394,0.0,338.12787210325,-338.12787210325,0.0
2714,0.0,338.13659024425,-338.13659024425,0.0
6549,0.0,338.1388453895,-338.1388453895,0.0
6675,0.0,338.15453313275003,-338.15453313275003,0.0
2594,0.0,338.164293218,-338.164293218,0.0
6840,0.0,338.17024408525,-338.17024408525,0.0
7007,0.0,338.2493149375,-338.2493149375,0.0
2616,0.0,338.32140851625,-338.32140851625,0.0
7295,0.0,338.3689330545,-338.3689330545,0.0
2091,0.0,338.41001322650004,-338.41001322650004,0.0
4015,120.72300439453124,459.1642687995,-338.44126440496876,0.26291898637332234
1081,0.0,338.4822362195,-338.4822362195,0.0
2210,0.0,338.512688291,-338.512688291,0.0
7247,0.0,338.52944735075,-338.52944735075,0.0
7880,12.2965966796875,350.82889691225,-338.5323002325625,0.03505012486959711
7272,0.0,338.553817053,-338.553817053,0.0
6915,0.0,338.5772936775,-338.5772936775,0.0
1082,0.0,338.5788977255,-338.5788977255,0.0
2400,0.0,338.58601541375003,-338.58601541375003,0.0
7009,0.0,338.5884665415,-338.5884665415,0.0
1105,0.0,338.59945874299996,-338.59945874299996,0.0
7322,0.0,338.61583139325,-338.61583139325,0.0
3996,492.353630859375,830.99563669525,-338.642005835875,0.5924864205363437
822,0.0,338.6908665015,-338.6908665015,0.0
7687,0.0,338.743920488,-338.743920488,0.0
7080,0.0,338.75358988925,-338.75358988925,0.0
2639,0.0,338.7664068395,-338.7664068395,0.0
7082,0.0,338.7728254745,-338.7728254745,0.0
6791,0.0,338.77296918,-338.77296918,0.0
1122,110.42743017578124,449.261240312,-338.83381013621874,0.24579781209991433
6987,0.0,338.8524538165,-338.8524538165,0.0
7298,0.0,338.87486482049997,-338.87486482049997,0.0
2472,0.0,338.87939798475,-338.87939798475,0.0
2615,0.0,338.889910144,-338.889910144,0.0
2114,0.0,338.90365256425,-338.90365256425,0.0
6455,0.0,338.92070862950004,-338.92070862950004,0.0
2592,0.0,338.94326666025,-338.94326666025,0.0
2690,0.0,338.94413682475,-338.94413682475,0.0
6962,0.0,338.9832977635,-338.9832977635,0.0
7079,0.0,339.04690829125,-339.04690829125,0.0
2207,0.0,339.1111078965,-339.1111078965,0.0
4745,582.898736328125,922.0159746665,-339.11723833837505,0.6322002565159064
8062,0.0,339.140660726,-339.140660726,0.0
2113,0.0,339.14346530775,-339.14346530775,0.0
7321,0.0,339.16697463,-339.16697463,0.0
1483,0.8278579025268555,340.015355356,-339.18749745347316,0.0024347662158531415
241,0.0,339.24029088375,-339.24029088375,0.0
3143,0.0,339.2648634555,-339.2648634555,0.0
7271,0.0,339.31139456774997,-339.31139456774997,0.0
4155,0.0,339.32861193450003,-339.32861193450003,0.0
1106,0.0,339.355725392,-339.355725392,0.0
3123,0.0,339.36101584650004,-339.36101584650004,0.0
2739,0.0,339.4120463945,-339.4120463945,0.0
1104,0.0,339.47420900175,-339.47420900175,0.0
6959,0.0,339.509726034,-339.509726034,0.0
6884,0.0,339.51179622075,-339.51179622075,0.0
146,0.0,339.5193929645,-339.5193929645,0.0
7227,0.0,339.529194887,-339.529194887,0.0
7130,0.0,339.5457720805,-339.5457720805,0.0
7850,0.0,339.56641424074996,-339.56641424074996,0.0
6007,8.135404083251954,347.7066732975,-339.57126921424805,0.023397319305672147
2711,0.0,339.646726601,-339.646726601,0.0
2399,0.0,339.66261871300003,-339.66261871300003,0.0
1274,0.0,339.687234822,-339.687234822,0.0
2859,0.0,339.72143519975,-339.72143519975,0.0
2402,0.0,339.75169344525,-339.75169344525,0.0
6819,0.0,339.82242314949997,-339.82242314949997,0.0
1083,0.0,339.8992915265,-339.8992915265,0.0
7417,0.0,339.92287464525,-339.92287464525,0.0
7420,0.0,339.94229547925,-339.94229547925,0.0
1273,0.0,339.96814836425,-339.96814836425,0.0
2135,0.0,339.97089174025,-339.97089174025,0.0
7319,0.0,340.02014031325,-340.02014031325,0.0
3562,906.41134375,1246.514928856,-340.1035851060001,0.7271564279255848
7104,0.0,340.10777439425,-340.10777439425,0.0
7299,0.0,340.11017484325,-340.11017484325,0.0
7127,0.0,340.16648178875,-340.16648178875,0.0
2279,0.0,340.18342384975,-340.18342384975,0.0
2567,0.0,340.19928096475,-340.19928096475,0.0
336,0.0,340.23441571175,-340.23441571175,0.0
7128,0.0,340.2384186745,-340.2384186745,0.0
6433,0.0,340.25798908950003,-340.25798908950003,0.0
3145,0.0,340.28138888125,-340.28138888125,0.0
5225,416.379201171875,756.66225919125,-340.28305801937495,0.5502840872050804
7395,0.0,340.312947621,-340.312947621,0.0
2809,0.0,340.378824941,-340.378824941,0.0
2111,0.0,340.42703655775,-340.42703655775,0.0
2401,0.0,340.44400795375,-340.44400795375,0.0
7152,0.0,340.46576416825,-340.46576416825,0.0
6676,0.0,340.46586119375,-340.46586119375,0.0
7105,0.0,340.466564918,-340.466564918,0.0
8375,0.0,340.4688118755,-340.4688118755,0.0
2281,0.0,340.51313927575,-340.51313927575,0.0
1178,0.0,340.5144948405,-340.5144948405,0.0
7106,0.0,340.5516630165,-340.5516630165,0.0
7220,0.0,340.55507840525,-340.55507840525,0.0
6199,8.252686431884765,348.83160452425,-340.57891809236526,0.02365808115202754
2136,0.0,340.6106429215,-340.6106429215,0.0
1369,0.0,340.6210544145,-340.6210544145,0.0
7416,0.0,340.640483378,-340.640483378,0.0
1800,0.0,340.65383398824997,-340.65383398824997,0.0
2787,0.0,340.6873977585,-340.6873977585,0.0
2471,0.0,340.698491861,-340.698491861,0.0
1107,0.0,340.74885790525,-340.74885790525,0.0
6647,0.0,340.751579133,-340.751579133,0.0
2451,0.0,340.93420895475,-340.93420895475,0.0
7131,0.0,340.9784773605,-340.9784773605,0.0
6839,0.0,340.97914069625,-340.97914069625,0.0
7388,0.0,340.98135096575,-340.98135096575,0.0
4994,0.0,341.034385609,-341.034385609,0.0
1275,0.0,341.08467246475,-341.08467246475,0.0
7250,0.0,341.11125040375,-341.11125040375,0.0
1395,0.0,341.1377618275,-341.1377618275,0.0
1799,0.0,341.17206684525,-341.17206684525,0.0
2570,0.0,341.2141695115,-341.2141695115,0.0
2280,0.0,341.2484191425,-341.2484191425,0.0
6674,0.0,341.33509165325,-341.33509165325,0.0
6689,98.07159716796875,439.4236257885,-341.3520286205312,0.2231823488525614
1767,229.6690625,571.1061709835,-341.43710848349997,0.40214775074543485
6815,0.0,341.45032181525,-341.45032181525,0.0
2232,0.0,341.47419337675,-341.47419337675,0.0
4473,432.737724609375,774.2262297475,-341.48850513812505,0.5589292992457454
1392,0.0,341.51067744275,-341.51067744275,0.0
1370,0.0,341.52079407175,-341.52079407175,0.0
2617,0.0,341.52995615049997,-341.52995615049997,0.0
7466,0.0,341.537798334,-341.537798334,0.0
7151,0.0,341.60551507549997,-341.60551507549997,0.0
242,0.0,341.67045393,-341.67045393,0.0
7467,0.0,341.6711902955,-341.6711902955,0.0
7153,0.0,341.70293285975,-341.70293285975,0.0
7103,0.0,341.7243541455,-341.7243541455,0.0
1179,0.0,341.7306644715,-341.7306644715,0.0
8734,0.0,341.74102804075,-341.74102804075,0.0
7722,0.9178346672058106,342.767824568,-341.8499899007942,0.002677715347655132
1080,0.0,341.8618104715,-341.8618104715,0.0
1368,0.0,341.86346310025,-341.86346310025,0.0
7937,148.53323681640626,490.40841073075,-341.87517391434375,0.3028766090944537
7323,0.0,341.905644868,-341.905644868,0.0
2691,0.0,341.9677382295,-341.9677382295,0.0
1775,0.0,341.9680501025,-341.9680501025,0.0
1296,0.0,341.979421564,-341.979421564,0.0
7442,0.0,341.98275732350004,-341.98275732350004,0.0
240,0.0,341.99358500249997,-341.99358500249997,0.0
7083,0.0,342.0017877755,-342.0017877755,0.0
2013,0.0,342.05417465,-342.05417465,0.0
4123,134.62954199218748,476.70107900224997,-342.07153701006246,0.28241920910175417
2618,0.0,342.1895168185,-342.1895168185,0.0
1777,0.0,342.20230246700004,-342.20230246700004,0.0
1249,0.0,342.20819513875,-342.20819513875,0.0
4042,915.401765625,1257.648846988,-342.247081363,0.727867534001617
6911,0.0,342.26702282,-342.26702282,0.0
506,0.0,342.27985729475,-342.27985729475,0.0
6871,1.1551911659240721,343.45976544925,-342.30457428332596,0.0033633958872873234
2311,10.90231396484375,353.21266155125,-342.31034758640624,0.030866147000779904
2715,0.0,342.44154283750004,-342.44154283750004,0.0
2427,0.0,342.448216485,-342.448216485,0.0
1776,0.0,342.53371379925,-342.53371379925,0.0
1346,0.0,342.5430436425,-342.5430436425,0.0
7251,0.0,342.54988909975003,-342.54988909975003,0.0
6963,0.0,342.55589544475004,-342.55589544475004,0.0
6883,0.0,342.63214523775,-342.63214523775,0.0
2186,0.0,342.640492274,-342.640492274,0.0
7440,0.0,342.68053625575,-342.68053625575,0.0
6489,359.419314453125,702.10063629825,-342.681321845125,0.5119199376263276
6890,0.0,342.68995443899996,-342.68995443899996,0.0
1677,0.0,342.6971164925,-342.6971164925,0.0
7489,0.0,342.70691674249997,-342.70691674249997,0.0
4490,0.0,342.72211938825,-342.72211938825,0.0
1371,0.0,342.75159809950003,-342.75159809950003,0.0
1201,0.0,342.78637126875003,-342.78637126875003,0.0
7275,0.0,342.863740165,-342.863740165,0.0
7441,0.0,342.8647803005,-342.8647803005,0.0
7443,0.0,342.86735141275,-342.86735141275,0.0
3243,0.0,342.89827158125,-342.89827158125,0.0
5619,0.0,342.93036772125,-342.93036772125,0.0
2041,0.0,342.94959332625,-342.94959332625,0.0
6717,0.0,342.984883284,-342.984883284,0.0
1851,0.0,343.01396589925,-343.01396589925,0.0
2115,0.0,343.02145197675003,-343.02145197675003,0.0
1202,0.0,343.0229242555,-343.0229242555,0.0
7465,0.0,343.05845349,-343.05845349,0.0
7558,0.0,343.062289338,-343.062289338,0.0
1508,0.0,343.07144987475,-343.07144987475,0.0
1098,95.36822900390625,438.4714422545,-343.10321325059374,0.21750157386772415
2057,106.3792890625,449.49872644575004,-343.11943738325004,0.23666204722534817
2059,2.7919585876464845,346.03201823675,-343.2400596491035,0.008068497804927896
2403,0.0,343.2422144625,-343.2422144625,0.0
1347,0.0,343.25775819949996,-343.25775819949996,0.0
2970,373.35728710937497,716.68765514875,-343.330368039375,0.5209483990776087
6841,0.0,343.334481416,-343.334481416,0.0
2282,0.0,343.3660980675,-343.3660980675,0.0
147,0.0,343.373245439,-343.373245439,0.0
1464,0.0,343.3757423025,-343.3757423025,0.0
1441,0.0,343.3805557445,-343.3805557445,0.0
8474,0.0,343.41545543725,-343.41545543725,0.0
1509,0.0,343.4417707275,-343.4417707275,0.0
2571,0.0,343.45898508775,-343.45898508775,0.0
1272,0.0,343.47825953324997,-343.47825953324997,0.0
2304,0.0,343.50307489475,-343.50307489475,0.0
2231,0.0,343.507263382,-343.507263382,0.0
7464,0.0,343.57817917375,-343.57817917375,0.0
8473,0.0,343.6261075885,-343.6261075885,0.0
6677,0.0,343.631687576,-343.631687576,0.0
624,0.0,343.648647451,-343.648647451,0.0
7490,0.0,343.67991402725,-343.67991402725,0.0
3330,216.0788935546875,559.76573799375,-343.6868444390625,0.38601664679070347
317,0.0,343.69880478575,-343.69880478575,0.0
243,0.0,343.70422095674996,-343.70422095674996,0.0
5594,0.0,343.716149131,-343.716149131,0.0
8214,0.0,343.71867570325,-343.71867570325,0.0
1867,6.444724487304687,350.17281091925,-343.7280864319453,0.01840441138757181
1089,246.7032529296875,590.4621466745,-343.7588937448125,0.41781383260775234
1084,0.0,343.76396171825,-343.76396171825,0.0
1967,0.0,343.86660784325,-343.86660784325,0.0
7396,0.0,343.8703804775,-343.8703804775,0.0
7176,0.0,343.9103907925,-343.9103907925,0.0
6041,149.33963671875,493.29890365,-343.95926693125,0.30273660717878104
6891,0.0,343.96328358075,-343.96328358075,0.0
7726,0.0,343.99058431375,-343.99058431375,0.0
1396,0.0,344.00997702675,-344.00997702675,0.0
7535,0.0,344.0289390375,-344.0289390375,0.0
6024,0.0,344.05469528475,-344.05469528475,0.0
5593,0.0,344.0639031755,-344.0639031755,0.0
8271,216.6852333984375,560.839841939,-344.15460854056255,0.3863584874122528
1440,0.0,344.16064682325003,-344.16064682325003,0.0
2211,0.0,344.2555602535,-344.2555602535,0.0
1778,0.0,344.2833399075,-344.2833399075,0.0
4074,329.95401367187503,674.2665291125,-344.312515440625,0.48935250221722093
7753,0.0,344.3350098295,-344.3350098295,0.0
1304,15.443461425781251,359.931900455,-344.48843902921874,0.0429066202894273
1963,2.823126998901367,347.3344696885,-344.5113426895986,0.008127978179952177
1442,0.0,344.52307821725003,-344.52307821725003,0.0
4256,353.248498046875,697.8079867885,-344.559488741625,0.5062259306695437
2040,0.0,344.57601358224997,-344.57601358224997,0.0
1746,36.31413635253906,380.92441530125,-344.61027894871097,0.09533160595255835
1871,0.0,344.67981824575,-344.67981824575,0.0
1200,0.0,344.68443298775003,-344.68443298775003,0.0
1203,0.0,344.7031613205,-344.7031613205,0.0
1250,0.0,344.71950883675,-344.71950883675,0.0
1160,8.307282714843751,353.03377079275003,-344.7264880779063,0.02353112755377006
1248,0.0,344.735476386,-344.735476386,0.0
2257,0.0,344.7956929555,-344.7956929555,0.0
8449,0.0,344.8242115645,-344.8242115645,0.0
530,0.0,344.84616641,-344.84616641,0.0
8448,0.0,344.864250513,-344.864250513,0.0
1968,0.0,344.90952997625,-344.90952997625,0.0
5595,0.0,344.9234186785,-344.9234186785,0.0
1872,0.0,344.94717975425,-344.94717975425,0.0
7219,0.0,344.95375897925,-344.95375897925,0.0
7752,0.0,344.96329736,-344.96329736,0.0
2552,273.3322373046875,618.29932347125,-344.96708616656247,0.44207105925343293
1514,0.0,345.0251815475,-345.0251815475,0.0
1171,0.0,345.0734163815,-345.0734163815,0.0
7387,0.0,345.111678284,-345.111678284,0.0
2595,0.0,345.24641643025,-345.24641643025,0.0
507,0.0,345.27026280275,-345.27026280275,0.0
6203,152.5771083984375,497.8598913655,-345.28278296706253,0.3064659570657365
794,0.0,345.2926798305,-345.2926798305,0.0
8397,0.0,345.33381096100004,-345.33381096100004,0.0
1873,0.0,345.4282011045,-345.4282011045,0.0
6690,51.329651611328124,396.85066415175,-345.52101254042185,0.1293424860248134
8472,0.0,345.60773786925,-345.60773786925,0.0
1676,0.0,345.65221697175,-345.65221697175,0.0
216,0.0,345.660103629,-345.660103629,0.0
1943,0.0,345.70033726125,-345.70033726125,0.0
2283,0.0,345.70522127825,-345.70522127825,0.0
529,0.0,345.79139703175,-345.79139703175,0.0
7491,0.0,345.86348158475,-345.86348158475,0.0
2065,0.0,345.87416764475,-345.87416764475,0.0
2143,2.0337763748168944,347.9080963335,-345.8743199586831,0.005845728772640045
7785,284.8810283203125,630.76782864875,-345.88680032843746,0.45164165788060506
6337,0.0,345.88688708825,-345.88688708825,0.0
7107,0.0,345.89447293975,-345.89447293975,0.0
2255,0.0,345.89859314775,-345.89859314775,0.0
4934,751.71980859375,1097.67610244975,-345.956293856,0.6848284354840768
2376,0.0,345.98454430625003,-345.98454430625003,0.0
1418,0.0,345.9944216975,-345.9944216975,0.0
7154,0.0,346.010388442,-346.010388442,0.0
7444,0.0,346.01916855375,-346.01916855375,0.0
2517,0.0,346.01926153325,-346.01926153325,0.0
2377,0.0,346.04693241825,-346.04693241825,0.0
2042,0.0,346.07169501925,-346.07169501925,0.0
148,0.0,346.0933942995,-346.0933942995,0.0
1006,0.0,346.105493535,-346.105493535,0.0
1417,0.0,346.11417276450004,-346.11417276450004,0.0
7488,0.0,346.11435957525,-346.11435957525,0.0
2473,0.0,346.165013081,-346.165013081,0.0
2303,0.0,346.18029739425,-346.18029739425,0.0
501,0.0,346.1913561495,-346.1913561495,0.0
2591,0.0,346.20481160725,-346.20481160725,0.0
7777,0.0,346.2821357955,-346.2821357955,0.0
8396,0.0,346.28987778025,-346.28987778025,0.0
1225,0.0,346.36439045575,-346.36439045575,0.0
4156,0.0,346.38324022800003,-346.38324022800003,0.0
7344,0.0,346.427904317,-346.427904317,0.0
8450,0.0,346.43012984075006,-346.43012984075006,0.0
1536,0.0,346.49241529975,-346.49241529975,0.0
5167,63.66729052734375,410.18216140425,-346.51487087690623,0.15521711171973693
291,0.0,346.52888413249997,-346.52888413249997,0.0
217,0.0,346.5773034915,-346.5773034915,0.0
1896,0.0,346.61255850275,-346.61255850275,0.0
2063,0.0,346.7074532385,-346.7074532385,0.0
1537,0.0,346.70779724925,-346.70779724925,0.0
2064,0.0,346.70841863825,-346.70841863825,0.0
7468,0.0,346.72211401425,-346.72211401425,0.0
244,0.0,346.80299995225,-346.80299995225,0.0
7175,0.0,346.82714871625,-346.82714871625,0.0
2039,0.0,346.83313885,-346.83313885,0.0
8760,0.0,346.8458442295,-346.8458442295,0.0
2233,0.0,346.88070513275,-346.88070513275,0.0
1801,0.0,346.88977832225,-346.88977832225,0.0
7557,0.0,346.97313271725,-346.97313271725,0.0
7754,0.0,347.036645775,-347.036645775,0.0
2056,150.5138486328125,497.5943421355,-347.08049350268755,0.30248303805943
7058,0.0,347.083532328,-347.083532328,0.0
1128,0.0,347.11867888125,-347.11867888125,0.0
1108,0.0,347.1497315775,-347.1497315775,0.0
2256,0.0,347.15154003325,-347.15154003325,0.0
1944,0.0,347.17800390225,-347.17800390225,0.0
1180,0.0,347.22909496825,-347.22909496825,0.0
6505,0.0,347.23928944650004,-347.23928944650004,0.0
1895,0.0,347.32331724774997,-347.32331724774997,0.0
7343,0.0,347.330832011,-347.330832011,0.0
1204,0.0,347.34340920825,-347.34340920825,0.0
1276,0.0,347.402274905,-347.402274905,0.0
8016,0.0,347.49333991725,-347.49333991725,0.0
218,0.0,347.51672212725,-347.51672212725,0.0
1945,0.0,347.53884761,-347.53884761,0.0
8191,0.0,347.60159226875,-347.60159226875,0.0
2619,0.0,347.6218476395,-347.6218476395,0.0
7824,0.0,347.64146319825,-347.64146319825,0.0
745,0.0,347.663889712,-347.663889712,0.0
1538,0.0,347.68822191,-347.68822191,0.0
2375,0.0,347.69900279225,-347.69900279225,0.0
8089,0.0,347.71609298875,-347.71609298875,0.0
2258,0.0,347.73775336,-347.73775336,0.0
8475,0.0,347.75227943525,-347.75227943525,0.0
6335,0.0,347.7730796665,-347.7730796665,0.0
7776,0.0,347.80975245725,-347.80975245725,0.0
7519,0.0,347.8731959535,-347.8731959535,0.0
1340,0.0,347.947249097,-347.947249097,0.0
528,0.0,348.00685304425,-348.00685304425,0.0
2661,0.0,348.037435061,-348.037435061,0.0
7556,0.0,348.11155770749997,-348.11155770749997,0.0
1372,0.0,348.13629161125,-348.13629161125,0.0
531,0.0,348.15323960825,-348.15323960825,0.0
7993,0.0,348.1873657425,-348.1873657425,0.0
2777,268.3548857421875,616.605385482,-348.2504997398125,0.43521333356049324
8730,1.1657748565673827,349.47211651625,-348.30634165968263,0.0033358165019078396
2187,0.0,348.31970150975,-348.31970150975,0.0
8424,0.0,348.32620974175,-348.32620974175,0.0
1224,0.0,348.3287688255,-348.3287688255,0.0
8497,0.0,348.3377597185,-348.3377597185,0.0
815,0.0,348.378045241,-348.378045241,0.0
8641,0.0,348.3909004405,-348.3909004405,0.0
7957,304.977673828125,653.395849522,-348.41817569387507,0.46675789811716334
6006,0.0,348.43986924374997,-348.43986924374997,0.0
1419,0.0,348.47653730575,-348.47653730575,0.0
1874,0.0,348.48570017475,-348.48570017475,0.0
2641,0.0,348.60591091425,-348.60591091425,0.0
1743,171.864228515625,520.4904990125,-348.626270496875,0.33019666739642234
2066,0.0,348.7111756805,-348.7111756805,0.0
8088,0.0,348.72233954625,-348.72233954625,0.0
7778,0.0,348.761209746,-348.761209746,0.0
4517,0.0,348.76460022275,-348.76460022275,0.0
1416,0.0,348.7826069405,-348.7826069405,0.0
8426,0.0,348.83474414375,-348.83474414375,0.0
1173,0.0,348.919165037,-348.919165037,0.0
2137,0.0,348.9454687145,-348.9454687145,0.0
7755,0.0,348.97625108225,-348.97625108225,0.0
8090,0.0,348.99614353225,-348.99614353225,0.0
2922,361.052845703125,710.12725344825,-349.07440774512503,0.5084340073437309
7688,25.290321350097656,374.38152471475,-349.09120336465236,0.06755226850954964
5618,0.0,349.12490936800003,-349.12490936800003,0.0
1539,0.0,349.15293939325,-349.15293939325,0.0
1226,0.0,349.1543670125,-349.1543670125,0.0
8543,0.0,349.17449304875,-349.17449304875,0.0
8642,0.0,349.30089648899997,-349.30089648899997,0.0
8425,0.0,349.34862828775,-349.34862828775,0.0
162,0.43212937402725216,349.798012439,-349.36588306497276,0.0012353682909140068
2043,0.0,349.36723486925,-349.36723486925,0.0
4516,0.0,349.37543064125,-349.37543064125,0.0
7059,0.0,349.40535499075,-349.40535499075,0.0
7992,0.0,349.45518038125,-349.45518038125,0.0
4483,162.48652685546875,511.9868953845,-349.5003685290312,0.3173646200769991
8640,0.0,349.63836039575,-349.63836039575,0.0
8738,0.0,349.63838791250004,-349.63838791250004,0.0
5916,1127.2433515625,1476.91152801025,-349.66817644775006,0.763243653679053
1251,0.0,349.74231087875,-349.74231087875,0.0
6548,0.0,349.7749832185,-349.7749832185,0.0
1443,0.0,349.780563246,-349.780563246,0.0
1057,0.0,349.84821032875,-349.84821032875,0.0
8066,0.0,349.857562756,-349.857562756,0.0
1297,0.0,349.8970437635,-349.8970437635,0.0
8688,0.0,349.9059362155,-349.9059362155,0.0
3748,0.0,349.925041239,-349.925041239,0.0
5599,40.65690844726562,390.61820666025,-349.9612982129844,0.10408349546938679
8496,0.0,350.0454325875,-350.0454325875,0.0
7825,0.0,350.10907455375,-350.10907455375,0.0
4154,0.0,350.17665865525004,-350.17665865525004,0.0
7994,0.0,350.21878907949997,-350.21878907949997,0.0
1348,0.0,350.23804257374996,-350.23804257374996,0.0
744,0.0,350.3300429545,-350.3300429545,0.0
8402,0.0,350.34752456425,-350.34752456425,0.0
7155,0.0,350.35528936675,-350.35528936675,0.0
967,0.0,350.35587249225,-350.35587249225,0.0
7680,0.0,350.41341906624996,-350.41341906624996,0.0
746,0.0,350.451286412,-350.451286412,0.0
670,0.0,350.4540637275,-350.4540637275,0.0
8215,0.0,350.48949638975,-350.48949638975,0.0
7801,0.0,350.54738741274997,-350.54738741274997,0.0
8048,5.557121215820312,356.13594111825,-350.5788199024297,0.015603932539825333
2035,9.946716369628906,360.55174887724996,-350.60503250762105,0.027587486048855043
1341,0.0,350.65119615525,-350.65119615525,0.0
1779,0.0,350.66149229,-350.66149229,0.0
1632,0.0,350.67713258525,-350.67713258525,0.0
2012,0.0,350.78337118025,-350.78337118025,0.0
292,0.0,350.79095327025,-350.79095327025,0.0
2754,180.499462890625,531.30610233175,-350.806639441125,0.3397278174648039
6810,85.7608173828125,436.5693971645,-350.8085797816875,0.19644257646867339
8666,0.0,350.8407322675,-350.8407322675,0.0
3364,0.0,350.84234718575,-350.84234718575,0.0
6436,0.0,350.877549134,-350.877549134,0.0
600,0.0,350.96231090674996,-350.96231090674996,0.0
8061,0.0,350.96546315675,-350.96546315675,0.0
8665,0.0,351.02587127175,-351.02587127175,0.0
7812,306.185052734375,657.26685368625,-351.081800951875,0.4658458745505038
601,0.0,351.09145459,-351.09145459,0.0
7207,0.1143381896018982,351.26255941,-351.1482212203981,0.00032550633767641107
167,0.0,351.2583578575,-351.2583578575,0.0
2234,0.0,351.2713368835,-351.2713368835,0.0
7478,236.817849609375,588.11331417575,-351.295464566375,0.4026738444760515
2203,18.305972229003906,369.61464153000003,-351.30866930099614,0.049527183511183785
1227,0.0,351.32120463250004,-351.32120463250004,0.0
1727,0.0,351.37255317175,-351.37255317175,0.0
6556,0.0,351.38713664975,-351.38713664975,0.0
3244,0.0,351.444945221,-351.444945221,0.0
2067,0.0,351.476004885,-351.476004885,0.0
7894,0.0,351.49425349225,-351.49425349225,0.0
3317,0.0,351.50252938475,-351.50252938475,0.0
6796,0.0,351.58010845375,-351.58010845375,0.0
500,0.0,351.5842129995,-351.5842129995,0.0
3449,732.9154296875,1084.521257097,-351.60582740949997,0.6757962780494873
1946,0.0,351.6304072725,-351.6304072725,0.0
6129,498.0413203125,849.73095634975,-351.68963603725007,0.5861164831111428
1703,0.0,351.69373161525,-351.69373161525,0.0
145,0.0,351.72595603925004,-351.72595603925004,0.0
3028,0.0,351.731181374,-351.731181374,0.0
4376,347.81521484374997,699.54645836125,-351.7312435175,0.4972010224472255
8329,0.0,351.86913475874996,-351.86913475874996,0.0
8091,0.0,351.9445049565,-351.9445049565,0.0
4515,0.0,351.9507090305,-351.9507090305,0.0
5021,0.0,351.97988187725,-351.97988187725,0.0
936,0.0,352.00201956399997,-352.00201956399997,0.0
3945,657.00102734375,1009.00797246475,-352.00694512099994,0.6511356150018596
2378,0.0,352.04084190525,-352.04084190525,0.0
2235,0.0,352.06347654675,-352.06347654675,0.0
8451,0.0,352.0990474665,-352.0990474665,0.0
8476,0.0,352.1132058605,-352.1132058605,0.0
6940,0.0,352.15914361925,-352.15914361925,0.0
1444,0.0,352.24040561550004,-352.24040561550004,0.0
330,7.510975463867187,359.77573242925,-352.26475696538284,0.020876826216919442
8733,0.0,352.27758693275,-352.27758693275,0.0
1969,0.0,352.355228049,-352.355228049,0.0
3292,0.0,352.3674577,-352.3674577,0.0
4867,114.77980615234375,467.15290571325,-352.3730995609062,0.24570072133319387
2737,0.0,352.40841945475,-352.40841945475,0.0
1540,0.0,352.461193388,-352.461193388,0.0
456,0.0,352.461847619,-352.461847619,0.0
1420,0.0,352.46359895975,-352.46359895975,0.0
6652,0.0,352.480764729,-352.480764729,0.0
8498,0.0,352.48704562800003,-352.48704562800003,0.0
8328,0.0,352.5576669345,-352.5576669345,0.0
6460,0.0,352.61038133125,-352.61038133125,0.0
5938,807.91297265625,1160.55634276025,-352.6433701039999,0.696142825809369
2456,273.8715341796875,626.535993122,-352.66445894231254,0.4371201922141425
8617,0.0,352.6709026125,-352.6709026125,0.0
8664,0.0,352.691644946,-352.691644946,0.0
7492,0.0,352.72316282975,-352.72316282975,0.0
1891,8.384336822509766,361.11085466925,-352.7265178467402,0.023218179932505766
1056,0.0,352.826971994,-352.826971994,0.0
1058,0.0,352.88489228175,-352.88489228175,0.0
219,0.0,352.88615253349997,-352.88615253349997,0.0
1003,0.11093499565124511,353.018582424,-352.90764742834875,0.00031424690047550396
1704,0.0,352.916508694,-352.916508694,0.0
1752,0.0,352.944015035,-352.944015035,0.0
1897,0.0,352.96932974525,-352.96932974525,0.0
8395,0.0,352.976808665,-352.976808665,0.0
8067,0.0,352.98721239524997,-352.98721239524997,0.0
8058,0.05175433084368705,353.04918871575,-352.99743438490634,0.00014659240794563484
7756,0.0,353.02080702425,-353.02080702425,0.0
823,0.0,353.029184247,-353.029184247,0.0
8616,0.0,353.03404404875,-353.03404404875,0.0
1561,0.0,353.03566249675,-353.03566249675,0.0
3124,0.0,353.0536566805,-353.0536566805,0.0
937,0.0,353.1573903315,-353.1573903315,0.0
2107,25.835274780273437,378.9929616615,-353.15768688122654,0.06816821768626975
2354,0.0,353.199463552,-353.199463552,0.0
3191,0.0,353.2183646775,-353.2183646775,0.0
1875,0.0,353.25614468775,-353.25614468775,0.0
3328,192.0353994140625,545.356710488,-353.32131107393747,0.35212805741419406
3822,4.199292053222656,357.56567300575,-353.3663809525273,0.01174411404254405
1751,0.0,353.390106668,-353.390106668,0.0
1172,0.0,353.4645853865,-353.4645853865,0.0
1728,0.0,353.60228453625,-353.60228453625,0.0
602,0.0,353.604961371,-353.604961371,0.0
3316,0.0,353.663020172,-353.663020172,0.0
7562,0.0,353.681777824,-353.681777824,0.0
1515,0.0,353.69446536125,-353.69446536125,0.0
6359,0.0,353.698484828,-353.698484828,0.0
1915,9.242233367919923,363.01671657125,-353.7744832033301,0.025459525472421064
5020,0.0,353.86640357175,-353.86640357175,0.0
552,0.0,353.92858131275,-353.92858131275,0.0
6052,0.0,353.94096127575,-353.94096127575,0.0
6916,0.0,353.9504821485,-353.9504821485,0.0
8608,178.4228935546875,532.376946156,-353.9540526013125,0.3351439135519237
8499,0.0,353.95773169225004,-353.95773169225004,0.0
8330,0.0,353.96279141725,-353.96279141725,0.0
2305,0.0,354.00357103825,-354.00357103825,0.0
8527,0.0,354.0081905675,-354.0081905675,0.0
8667,0.0,354.078145475,-354.078145475,0.0
8739,0.0,354.08480332925,-354.08480332925,0.0
7800,0.0,354.1092477495,-354.1092477495,0.0
7609,0.0,354.136013916,-354.136013916,0.0
4577,694.63678125,1048.8968357019999,-354.26005445199985,0.6622546249964065
8618,0.0,354.27439750175,-354.27439750175,0.0
7995,0.0,354.2967845075,-354.2967845075,0.0
1252,0.0,354.332220665,-354.332220665,0.0
7300,0.0,354.33537675450003,-354.33537675450003,0.0
7725,0.0,354.3516930265,-354.3516930265,0.0
576,0.0,354.36739710625,-354.36739710625,0.0
2259,0.0,354.40121552625,-354.40121552625,0.0
508,0.0,354.401660858,-354.401660858,0.0
1753,0.0,354.4180920745,-354.4180920745,0.0
8643,0.0,354.41991397575,-354.41991397575,0.0
3001,0.0,354.42360084725,-354.42360084725,0.0
5980,0.0,354.48087670900003,-354.48087670900003,0.0
1129,0.0,354.498040338,-354.498040338,0.0
2379,0.0,354.49965318,-354.49965318,0.0
889,0.0,354.52522765674996,-354.52522765674996,0.0
7802,0.0,354.543247695,-354.543247695,0.0
8732,0.0,354.55252040325,-354.55252040325,0.0
7779,0.0,354.62886591725004,-354.62886591725004,0.0
7737,252.2880595703125,607.00472602475,-354.7166664544375,0.4156278334221699
2092,0.0,354.812323408,-354.812323408,0.0
6988,0.0,354.83508601525,-354.83508601525,0.0
1560,0.0,354.86180512875,-354.86180512875,0.0
532,0.0,354.8695881105,-354.8695881105,0.0
7228,0.0,354.9891965335,-354.9891965335,0.0
5592,0.0,354.99409698475,-354.99409698475,0.0
7826,0.0,355.01757831325,-355.01757831325,0.0
1794,61.315687744140625,416.34806795525,-355.03238021110934,0.14727025850750608
1729,0.0,355.0404678225,-355.0404678225,0.0
264,0.0,355.1135910675,-355.1135910675,0.0
7730,0.0,355.126357825,-355.126357825,0.0
8427,0.0,355.23087162375,-355.23087162375,0.0
2740,0.0,355.2473611835,-355.2473611835,0.0
10,412.67972656250004,768.013099135,-355.3333725724999,0.5373342284004791
2806,0.0,355.33812045975,-355.33812045975,0.0
8060,0.0,355.4010734205,-355.4010734205,0.0
7608,0.0,355.4072090405,-355.4072090405,0.0
8297,125.5619072265625,480.9843128355,-355.42240560893754,0.26105197948202846
1032,0.0,355.490606155,-355.490606155,0.0
7610,0.0,355.51275523675,-355.51275523675,0.0
6834,63.80676245117188,419.33941507425,-355.5326526230781,0.1521601833868009
2758,0.0,355.58833875225,-355.58833875225,0.0
7724,0.0,355.60002537775,-355.60002537775,0.0
7890,0.37914548873901366,355.99380009475,-355.61465460601096,0.0010650339628753864
7421,0.0,355.68991028224997,-355.68991028224997,0.0
7555,0.0,355.7143205735,-355.7143205735,0.0
4553,721.13153515625,1076.9542107455,-355.8226755892499,0.6696027809645299
6820,0.0,355.91995266175,-355.91995266175,0.0
1562,0.0,355.9249412145,-355.9249412145,0.0
7827,0.0,355.958498371,-355.958498371,0.0
938,0.0,355.982546729,-355.982546729,0.0
578,0.0,355.9963035285,-355.9963035285,0.0
2110,0.0,356.0337087935,-356.0337087935,0.0
220,0.0,356.15631525074997,-356.15631525074997,0.0
786,99.35674267578125,455.5214507025,-356.1647080267187,0.2181164955117655
696,0.0,356.17354623925,-356.17354623925,0.0
4770,444.6657734375,800.8644549785,-356.19868154100004,0.5552322494999546
7996,0.0,356.26851641449997,-356.26851641449997,0.0
8305,0.0,356.398625502,-356.398625502,0.0
2086,0.0,356.40191289975,-356.40191289975,0.0
6982,0.0,356.41352124475,-356.41352124475,0.0
553,0.0,356.476557851,-356.476557851,0.0
8592,0.0,356.48459941375,-356.48459941375,0.0
2446,0.0,356.488096924,-356.488096924,0.0
2544,0.0,356.48929544,-356.48929544,0.0
888,0.0,356.5092711535,-356.5092711535,0.0
4147,177.7816884765625,534.3126903955,-356.5310019189375,0.33272967559920436
6073,0.0,356.54103458049997,-356.54103458049997,0.0
7144,142.1654892578125,498.757024843,-356.5915355851875,0.2850395721594581
1831,0.8656708602905274,357.496962047,-356.63129118670946,0.0024214775222488197
6814,0.0,356.7021850915,-356.7021850915,0.0
5617,0.0,356.714554369,-356.714554369,0.0
2543,0.0,356.8938498815,-356.8938498815,0.0
7512,0.0,356.91739993975,-356.91739993975,0.0
8352,0.0,357.00179969575004,-357.00179969575004,0.0
6958,0.0,357.04455943175,-357.04455943175,0.0
8304,0.0,357.075030351,-357.075030351,0.0
747,0.0,357.125520297,-357.125520297,0.0
2764,0.0,357.2228621465,-357.2228621465,0.0
8403,0.0,357.23476989575,-357.23476989575,0.0
4157,0.0,357.2385379195,-357.2385379195,0.0
7294,0.0,357.248409711,-357.248409711,0.0
3163,28.2907314453125,385.565775551,-357.2750441056875,0.0733745917451011
7324,0.0,357.33373019575,-357.33373019575,0.0
2788,0.0,357.3439386235,-357.3439386235,0.0
2419,60.4031103515625,417.74911291625,-357.3460025646875,0.14459183356561725
1852,0.0,357.51268497825004,-357.51268497825004,0.0
2860,0.0,357.53609806025,-357.53609806025,0.0
7397,0.0,357.57059655425,-357.57059655425,0.0
858,111.86268896484374,469.48754498525,-357.62485602040624,0.2382655086837131
4783,86.73287158203125,444.37379133900004,-357.6409197569688,0.19517998828307415
3315,0.0,357.6812661995,-357.6812661995,0.0
1682,0.0,357.705666794,-357.705666794,0.0
554,0.0,357.81480441375,-357.81480441375,0.0
8177,123.00262353515625,480.82562919000003,-357.82300565484377,0.25581544703960835
7132,0.0,357.83710508125,-357.83710508125,0.0
2638,0.0,357.8501499265,-357.8501499265,0.0
8184,0.0,357.87582733749997,-357.87582733749997,0.0
1898,0.0,357.92214801075,-357.92214801075,0.0
2692,0.0,357.966994246,-357.966994246,0.0
8593,0.0,357.99785755125,-357.99785755125,0.0
2355,0.0,358.000989267,-358.000989267,0.0
5251,124.800998046875,482.82522412624996,-358.02422607937496,0.25848069146395947
8068,0.0,358.03939278325,-358.03939278325,0.0
1906,326.037564453125,684.082031716,-358.04446726287495,0.4766059461592103
1085,0.0,358.06965642925,-358.06965642925,0.0
7723,0.0,358.084146475,-358.084146475,0.0
1228,0.0,358.0938110835,-358.0938110835,0.0
7177,0.0,358.10560179075,-358.10560179075,0.0
89,156.165087890625,514.2886630935,-358.123575202875,0.3036525958935651
7893,0.0,358.15761360199997,-358.15761360199997,0.0
8644,0.0,358.201178096,-358.201178096,0.0
7246,0.0,358.21586030875,-358.21586030875,0.0
8740,0.0,358.23629773825,-358.23629773825,0.0
6459,0.0,358.2383809155,-358.2383809155,0.0
1705,0.0,358.24647649375004,-358.24647649375004,0.0
1947,0.0,358.2861881745,-358.2861881745,0.0
577,0.0,358.3158198245,-358.3158198245,0.0
2716,0.0,358.316293354,-358.316293354,0.0
6277,700.17315234375,1058.61297477275,-358.43982242900006,0.6614061686072271
499,0.0,358.4541410905,-358.4541410905,0.0
8562,0.10144148778915406,358.561404046,-358.45996255821086,0.00028291245616950903
6934,0.0,358.4929270175,-358.4929270175,0.0
738,73.85730834960937,432.3714941275,-358.51418577789065,0.1708190969615838
2566,0.0,358.5431505255,-358.5431505255,0.0
8566,0.0,358.55582460075,-358.55582460075,0.0
2428,0.0,358.5900976625,-358.5900976625,0.0
8594,0.0,358.62640217525,-358.62640217525,0.0
3747,0.0,358.686262893,-358.686262893,0.0
6075,0.0,358.733146874,-358.733146874,0.0
8452,0.0,358.75066707625,-358.75066707625,0.0
2572,0.0,358.758002201,-358.758002201,0.0
7126,0.0,358.763524196,-358.763524196,0.0
8092,0.0,358.78933882725,-358.78933882725,0.0
7563,0.0,358.79030943225,-358.79030943225,0.0
1059,0.0,358.906091865,-358.906091865,0.0
2614,0.0,358.91408428125,-358.91408428125,0.0
7803,0.0,358.92650533775,-358.92650533775,0.0
625,0.0,358.98232532,-358.98232532,0.0
2913,573.004111328125,932.0043473767499,-359.00023604862497,0.6148084097741741
2206,0.0,359.00545458275,-359.00545458275,0.0
7318,0.0,359.01140030125003,-359.01140030125003,0.0
762,103.4458486328125,462.461343828,-359.0154951951875,0.22368539509239715
1391,0.0,359.027964573,-359.027964573,0.0
2710,0.0,359.05670017799997,-359.05670017799997,0.0
960,0.0,359.08473543775,-359.08473543775,0.0
2452,0.0,359.10309227775,-359.10309227775,0.0
1033,0.0,359.113607462,-359.113607462,0.0
7415,0.0,359.13996078425,-359.13996078425,0.0
7892,0.0,359.14188592575,-359.14188592575,0.0
7520,25.250321533203124,384.40449005325,-359.1541685200469,0.06568685361614388
890,0.0,359.18736145975,-359.18736145975,0.0
2212,0.0,359.20148390475003,-359.20148390475003,0.0
7270,0.0,359.210336503,-359.210336503,0.0
8306,0.0,359.226706252,-359.226706252,0.0
2116,0.0,359.28837764775,-359.28837764775,0.0
3677,0.0,359.31308177200003,-359.31308177200003,0.0
2134,0.0,359.36062384075,-359.36062384075,0.0
6838,0.0,359.41288655625,-359.41288655625,0.0
3022,0.0,359.50586223225,-359.50586223225,0.0
2398,0.0,359.58333190125,-359.58333190125,0.0
2278,0.0,359.61810017975,-359.61810017975,0.0
1722,36.34983935546875,396.1196330485,-359.76979369303126,0.09176480091117664
6382,0.0,359.777762497,-359.777762497,0.0
674,0.0,359.78475441125,-359.78475441125,0.0
2545,0.0,359.805262455,-359.805262455,0.0
6892,0.0,359.80575529625,-359.80575529625,0.0
4528,349.5883984375,709.423063061,-359.8346646235,0.49277845075451415
8500,0.0,359.8606718635,-359.8606718635,0.0
1720,127.7751845703125,487.69381854874996,-359.91863397843747,0.2619987776112059
1774,0.0,359.941907357,-359.941907357,0.0
5620,0.0,359.9683953805,-359.9683953805,0.0
7276,0.0,360.02524736625,-360.02524736625,0.0
603,0.0,360.04926676125,-360.04926676125,0.0
318,0.0,360.0577871305,-360.0577871305,0.0
6715,0.0,360.13289252475,-360.13289252475,0.0
8619,0.0,360.14687864875003,-360.14687864875003,0.0
2793,309.235037109375,669.386978435,-360.15194132562493,0.46196751148399495
7731,0.0,360.24638784875,-360.24638784875,0.0
8331,0.0,360.25995503675,-360.25995503675,0.0
2684,0.0,360.39052207625,-360.39052207625,0.0
6964,0.0,360.40682393675,-360.40682393675,0.0
1465,0.0,360.42098842475,-360.42098842475,0.0
7084,0.0,360.4405184135,-360.4405184135,0.0
8731,0.0,360.4437049005,-360.4437049005,0.0
2422,0.0,360.454852745,-360.454852745,0.0
7102,0.0,360.45647478125,-360.45647478125,0.0
720,0.0,360.531457459,-360.531457459,0.0
8668,0.0,360.56084704875,-360.56084704875,0.0
7780,0.0,360.62344550125,-360.62344550125,0.0
669,0.0,360.62579713425004,-360.62579713425004,0.0
2302,0.0,360.633667622,-360.633667622,0.0
8332,0.0,360.69293384,-360.69293384,0.0
488,0.5091473484039307,361.243758371,-360.7346110225961,0.001409428772667136
7439,0.0,360.78283515425,-360.78283515425,0.0
4514,0.0,360.80953413075,-360.80953413075,0.0
7078,0.0,360.8376671075,-360.8376671075,0.0
432,0.0,360.879234597,-360.879234597,0.0
7828,0.0,360.96353211025,-360.96353211025,0.0
7375,0.0,361.01920810725,-361.01920810725,0.0
8307,0.0,361.101822689,-361.101822689,0.0
7252,0.0,361.1020799475,-361.1020799475,0.0
1367,0.0,361.1250436525,-361.1250436525,0.0
335,0.0,361.14807163175,-361.14807163175,0.0
5019,0.0,361.2223843475,-361.2223843475,0.0
5059,146.75428173828126,507.982203754,-361.2279220157187,0.2888965014224264
1706,0.0,361.23172823825,-361.23172823825,0.0
1103,0.0,361.23810136925,-361.23810136925,0.0
8017,0.0,361.3332716255,-361.3332716255,0.0
5979,0.0,361.35216267100003,-361.35216267100003,0.0
1798,0.0,361.41249785425,-361.41249785425,0.0
7432,227.6225517578125,589.043881657,-361.4213298991875,0.3864271550212448
433,0.0,361.489299162,-361.489299162,0.0
1295,0.0,361.49452398449995,-361.49452398449995,0.0
1821,0.0,361.5176826475,-361.5176826475,0.0
8137,0.0,361.52146811275,-361.52146811275,0.0
1999,0.5261174812316894,362.05351815425,-361.52740067301835,0.0014531483700550396
1516,0.0,361.5425927265,-361.5425927265,0.0
1223,0.0,361.60642377275,-361.60642377275,0.0
2404,0.0,361.6435768765,-361.6435768765,0.0
912,0.0,361.64589329125,-361.64589329125,0.0
149,0.0,361.69924269575,-361.69924269575,0.0
7015,0.0,361.76953057825,-361.76953057825,0.0
1397,0.0,361.90324654,-361.90324654,0.0
1683,0.0,361.90380235525,-361.90380235525,0.0
656,0.2760050859451294,362.18367224474997,-361.9076671588048,0.0007620583320955377
1730,0.0,361.91192498425,-361.91192498425,0.0
3290,0.0,361.9185192535,-361.9185192535,0.0
239,0.0,361.9346988825,-361.9346988825,0.0
2470,0.0,361.9737630555,-361.9737630555,0.0
6716,0.0,362.014932214,-362.014932214,0.0
1870,0.0,362.06743374775,-362.06743374775,0.0
799,0.0,362.07360581975,-362.07360581975,0.0
7463,0.0,362.15809310525003,-362.15809310525003,0.0
891,0.0,362.1646639715,-362.1646639715,0.0
5596,0.0,362.200394576,-362.200394576,0.0
7469,0.0,362.21140298075,-362.21140298075,0.0
6910,0.0,362.21297011975,-362.21297011975,0.0
8689,0.0,362.21477835999997,-362.21477835999997,0.0
3846,3.2697976531982422,365.5165852875,-362.24678763430177,0.008945688857540261
4233,433.643181640625,795.96541855725,-362.322236916625,0.5448015340689497
1181,0.0,362.4040727725,-362.4040727725,0.0
5918,1168.32705859375,1530.7610674545,-362.43400886075005,0.7632328014281982
2018,0.0,362.44562807075,-362.44562807075,0.0
1563,0.0,362.450027971,-362.450027971,0.0
7150,0.0,362.51560968225,-362.51560968225,0.0
7006,0.0,362.56420024375,-362.56420024375,0.0
5917,1185.716640625,1548.358800507,-362.642159882,0.7657893244582299
1019,347.751548828125,710.446897487,-362.695348658875,0.48948281647609765
1584,0.0,362.74963654975,-362.74963654975,0.0
124,0.0,362.7872532615,-362.7872532615,0.0
293,0.0,362.83718130175,-362.83718130175,0.0
1271,0.0,362.87372898825004,-362.87372898825004,0.0
1281,234.8871845703125,597.7710110854999,-362.8838265151874,0.3929383991887454
1966,0.0,363.01665832125,-363.01665832125,0.0
3386,0.0,363.0173430615,-363.0173430615,0.0
1277,0.0,363.02215318325,-363.02215318325,0.0
6112,784.335828125,1147.3620620805,-363.02623395549995,0.6835992345948518
721,0.0,363.0898242735,-363.0898242735,0.0
697,0.0,363.125828002,-363.125828002,0.0
8280,0.0,363.176327066,-363.176327066,0.0
193,0.0,363.18376724525,-363.18376724525,0.0
1742,190.5913720703125,553.80505347575,-363.2136814054375,0.34414884900379344
7751,0.0,363.2501015025,-363.2501015025,0.0
8565,0.0,363.25740027225,-363.25740027225,0.0
3991,66.45526733398438,429.74431483325003,-363.2890474992656,0.15463908395188744
1079,0.0,363.306041507,-363.306041507,0.0
1754,0.0,363.32033703375,-363.32033703375,0.0
7487,0.0,363.337962596,-363.337962596,0.0
1205,0.0,363.410095781,-363.410095781,0.0
265,0.0,363.434936934,-363.434936934,0.0
194,0.0,363.47957728325,-363.47957728325,0.0
5874,180.62831542968752,544.110302505,-363.48198707531253,0.3319700330358248
8161,0.0,363.56700855425004,-363.56700855425004,0.0
6454,0.0,363.59397458250004,-363.59397458250004,0.0
2596,0.0,363.624845322,-363.624845322,0.0
8428,0.0,363.71606939275,-363.71606939275,0.0
7732,0.0,363.7369650885,-363.7369650885,0.0
294,0.0,363.73808267875,-363.73808267875,0.0
1919,0.0,363.82489719675,-363.82489719675,0.0
2038,0.0,363.83122837475,-363.83122837475,0.0
434,0.0,363.832590492,-363.832590492,0.0
1747,0.47676521301269537,364.316253946,-363.8394887329873,0.0013086575373458503
8112,0.0,363.870271504,-363.870271504,0.0
2062,0.0,363.88066935825,-363.88066935825,0.0
4471,91.56961376953124,455.480954085,-363.91134031546875,0.2010393908839567
2804,0.0,363.91184017,-363.91184017,0.0
245,0.0,363.937372698,-363.937372698,0.0
1011,0.0,363.98187909325,-363.98187909325,0.0
5226,304.4647783203125,668.5345414795,-364.0697631591875,0.45542116222012363
1199,0.0,364.11918949274997,-364.11918949274997,0.0
8136,0.0,364.12092231075,-364.12092231075,0.0
6861,0.0,364.14870003725,-364.14870003725,0.0
7611,0.0,364.1540468855,-364.1540468855,0.0
3026,0.0,364.1682227745,-364.1682227745,0.0
2546,0.0,364.173445523,-364.173445523,0.0
7584,0.0,364.185142229,-364.185142229,0.0
1463,0.0,364.224001608,-364.224001608,0.0
8113,0.0,364.23896942575,-364.23896942575,0.0
6580,0.0,364.29482684,-364.29482684,0.0
266,0.0,364.29705418675,-364.29705418675,0.0
2284,0.0,364.33386552375,-364.33386552375,0.0
7633,0.0,364.35759593750004,-364.35759593750004,0.0
1349,0.0,364.38799654675,-364.38799654675,0.0
2230,0.0,364.39069879325,-364.39069879325,0.0
8160,0.0,364.40501104775,-364.40501104775,0.0
1585,0.0,364.41556960875,-364.41556960875,0.0
2254,0.0,364.42694194475,-364.42694194475,0.0
1127,0.0,364.43679484275,-364.43679484275,0.0
1060,0.0,364.53071200575005,-364.53071200575005,0.0
8281,0.0,364.541201322,-364.541201322,0.0
8570,0.0,364.576057932,-364.576057932,0.0
1034,0.0,364.5779040505,-364.5779040505,0.0
7968,0.0,364.599169267,-364.599169267,0.0
1109,0.0,364.6180770005,-364.6180770005,0.0
6502,0.0,364.62220249775,-364.62220249775,0.0
1010,0.0,364.631007566,-364.631007566,0.0
4120,422.028025390625,786.660761336,-364.632735945375,0.5364803300185037
7445,0.0,364.690254473,-364.690254473,0.0
7804,0.0,364.93615293925,-364.93615293925,0.0
913,0.0,364.945352587,-364.945352587,0.0
8138,0.0,364.96315331725003,-364.96315331725003,0.0
3384,0.0,364.98911843,-364.98911843,0.0
215,0.0,365.00062821324997,-365.00062821324997,0.0
8447,0.0,365.007201603,-365.007201603,0.0
939,0.0,365.0405244325,-365.0405244325,0.0
7430,285.6312705078125,650.68145237775,-365.05018186993755,0.438972509551445
2828,0.0,365.088711293,-365.088711293,0.0
1920,0.0,365.093205527,-365.093205527,0.0
7108,0.0,365.1586648565,-365.1586648565,0.0
8059,0.0,365.16966480275,-365.16966480275,0.0
1535,0.0,365.18082251675,-365.18082251675,0.0
579,0.0,365.1822628585,-365.1822628585,0.0
8620,0.0,365.20262346625003,-365.20262346625003,0.0
1899,0.0,365.22138649249996,-365.22138649249996,0.0
4488,0.0,365.26605863775,-365.26605863775,0.0
192,0.0,365.29200896225,-365.29200896225,0.0
7039,0.5320806484222412,365.85508438774997,-365.3230037393277,0.0014543481003094923
4243,141.05221630859376,506.38399344799996,-365.3317771394062,0.2785479356675801
6456,0.0,365.3608415655,-365.3608415655,0.0
8162,0.0,365.37006755475,-365.37006755475,0.0
1707,0.0,365.3793283655,-365.3793283655,0.0
1718,201.42502734375,566.853743827,-365.42871648325,0.35533861985021126
748,0.0,365.49954212225003,-365.49954212225003,0.0
7632,0.0,365.53648898625,-365.53648898625,0.0
1247,0.0,365.5447623895,-365.5447623895,0.0
7493,0.0,365.54992668750003,-365.54992668750003,0.0
7174,0.0,365.63561940249997,-365.63561940249997,0.0
5072,215.009181640625,580.6478597235,-365.638678082875,0.3702918691075841
1921,0.0,365.67022628275,-365.67022628275,0.0
297,57.99419458007813,423.66886359775,-365.6746690176718,0.13688566573127905
1608,0.0,365.73188165925,-365.73188165925,0.0
7891,0.0,365.76372863,-365.76372863,0.0
5671,51.58427807617187,417.42863748474997,-365.8443594085781,0.12357627944124973
1439,0.0,365.85004675325,-365.85004675325,0.0
7585,0.0,365.91423063325,-365.91423063325,0.0
1942,0.0,365.9448128575,-365.9448128575,0.0
3387,0.0,365.95007523,-365.95007523,0.0
6579,0.0,365.981230191,-365.981230191,0.0
3142,0.0,365.9946948305,-365.9946948305,0.0
4952,298.7086357421875,664.7079281255,-365.9992923833125,0.44938328949253425
1633,0.0,366.024020575,-366.024020575,0.0
4280,350.755052734375,716.84956849225,-366.094515757875,0.4893007789386237
8471,0.0,366.09790623825,-366.09790623825,0.0
7342,0.0,366.11960711,-366.11960711,0.0
267,0.0,366.13795963075,-366.13795963075,0.0
2590,0.0,366.18391168224997,-366.18391168224997,0.0
1005,0.0,366.217401078,-366.217401078,0.0
8404,0.0,366.30585699925,-366.30585699925,0.0
1004,0.0,366.3371219845,-366.3371219845,0.0
623,0.0,366.36578675075,-366.36578675075,0.0
7530,2.7889718780517576,369.16582786600003,-366.37685598794826,0.007554794241435872
7775,0.0,366.421974125,-366.421974125,0.0
1922,0.0,366.52114616725,-366.52114616725,0.0
8308,0.0,366.5534828335,-366.5534828335,0.0
8564,0.0,366.5644022645,-366.5644022645,0.0
7586,0.0,366.57719906925,-366.57719906925,0.0
8477,0.0,366.614669837,-366.614669837,0.0
2374,0.0,366.615716557,-366.615716557,0.0
7823,0.0,366.645587047,-366.645587047,0.0
7345,0.0,366.68454884725,-366.68454884725,0.0
604,0.0,366.698534689,-366.698534689,0.0
8595,0.0,366.704049555,-366.704049555,0.0
7564,0.0,366.75861237175,-366.75861237175,0.0
384,0.0,366.75891455774996,-366.75891455774996,0.0
3385,0.0,366.79534331975,-366.79534331975,0.0
3242,0.0,366.827780598,-366.827780598,0.0
1315,0.2870356750488281,367.116894753,-366.82985907795114,0.0007818645188205902
2044,0.0,366.88970371150003,-366.88970371150003,0.0
675,0.0,366.93242530475,-366.93242530475,0.0
2720,247.6151259765625,614.58730153075,-366.9721755541875,0.40289658598043265
3922,698.94906640625,1065.9541292112501,-367.0050628050001,0.6557027611194983
555,0.0,367.00998100125,-367.00998100125,0.0
1631,0.0,367.052641974,-367.052641974,0.0
7612,0.0,367.1304060915,-367.1304060915,0.0
2019,0.0,367.136422127,-367.136422127,0.0
7982,222.6135341796875,589.7528361825,-367.13930200281254,0.377469204291084
5203,128.8315341796875,496.0700985555,-367.23856437581253,0.2597042923875599
2188,0.0,367.31288844975,-367.31288844975,0.0
3188,0.785621566772461,368.11360561725,-367.32798405047754,0.0021341823628631016
882,75.7837470703125,443.114562033,-367.33081496268755,0.17102517812006252
1026,83.6544111328125,450.9919897535,-367.3375786206875,0.18548979327337042
1609,0.0,367.37631247725,-367.37631247725,0.0
8520,0.0,367.42140201825,-367.42140201825,0.0
6578,0.0,367.45560516825,-367.45560516825,0.0
1975,0.9443809051513671,368.42510783575,-367.4807269305986,0.0025632913786350748
3289,0.0,367.521543033,-367.521543033,0.0
7156,0.0,367.52175707275,-367.52175707275,0.0
123,0.0,367.5877017725,-367.5877017725,0.0
8687,0.0,367.607802502,-367.607802502,0.0
1755,0.0,367.6364696415,-367.6364696415,0.0
5746,780.417640625,1148.05575106575,-367.63811044075,0.6797732943027882
2227,20.36508251953125,388.04671760275,-367.68163508321874,0.052481006907777336
2522,0.0,367.68304708725,-367.68304708725,0.0
533,0.0,367.6903627415,-367.6903627415,0.0
3928,676.4138671875,1044.104861091,-367.69099390349993,0.6478409322152419
8423,0.0,367.76102138925,-367.76102138925,0.0
6432,0.0,367.80471730975,-367.80471730975,0.0
1894,0.0,367.80895162549996,-367.80895162549996,0.0
1035,0.0,367.82339849675,-367.82339849675,0.0
7757,0.0,367.83977372575,-367.83977372575,0.0
8257,0.0,367.91877380175,-367.91877380175,0.0
8282,0.0,368.017748075,-368.017748075,0.0
5047,73.4059375,441.55705918825,-368.15112168825,0.16624337853120202
1731,0.0,368.15946903925,-368.15946903925,0.0
8015,0.0,368.166002844,-368.166002844,0.0
792,0.0,368.1758488965,-368.1758488965,0.0
3746,0.0,368.20379515725,-368.20379515725,0.0
668,0.0,368.20900868325,-368.20900868325,0.0
1022,279.3779677734375,647.61853367125,-368.24056589781253,0.4313927919238103
3694,0.0,368.24628061174997,-368.24628061174997,0.0
195,0.0,368.2518368295,-368.2518368295,0.0
6204,172.06670703125002,540.324843589,-368.25813655775,0.31845048169519796
1012,0.0,368.26957342675,-368.26957342675,0.0
8087,0.0,368.27294014475,-368.27294014475,0.0
8563,0.0,368.33371123374997,-368.33371123374997,0.0
527,0.0,368.35184058975,-368.35184058975,0.0
3676,0.0,368.3807391345,-368.3807391345,0.0
3314,0.0,368.52108600975,-368.52108600975,0.0
6694,0.0,368.53081478225,-368.53081478225,0.0
864,0.0,368.55961679,-368.55961679,0.0
1415,0.0,368.5779312955,-368.5779312955,0.0
8495,0.0,368.67026652625,-368.67026652625,0.0
4530,325.1193203125,693.81396772175,-368.69464740925,0.4685972536867259
1521,283.91554589843753,652.63790242225,-368.7223565238125,0.43502766910972235
914,0.0,368.742649983,-368.742649983,0.0
3567,1078.57881640625,1447.32650730775,-368.74769090149994,0.7452214895637828
1055,0.0,368.748290186,-368.748290186,0.0
1586,0.0,368.8298749535,-368.8298749535,0.0
7060,0.0,368.865263313,-368.865263313,0.0
1780,0.0,368.878315779,-368.878315779,0.0
1939,11.16192205810547,380.05219959425,-368.89027753614454,0.029369444620114493
1373,0.0,368.94428772000003,-368.94428772000003,0.0
6859,0.0,368.95647433075,-368.95647433075,0.0
8639,0.0,369.246080785,-369.246080785,0.0
743,0.0,369.2473609545,-369.2473609545,0.0
7679,0.0,369.28254251475,-369.28254251475,0.0
7634,0.0,369.3351619325,-369.3351619325,0.0
676,0.0,369.38907900625003,-369.38907900625003,0.0
7898,0.0,369.39367517375,-369.39367517375,0.0
5616,0.0,369.39431716725,-369.39431716725,0.0
892,0.0,369.452545448,-369.452545448,0.0
7799,0.0,369.4644931315,-369.4644931315,0.0
7969,0.0,369.48180632225,-369.48180632225,0.0
1564,0.0,369.52188191925,-369.52188191925,0.0
6570,129.14027490234375,498.68951088299997,-369.54923598065625,0.25895927591242784
1663,0.11517922973632813,369.7488248895,-369.63364565976366,0.0003115066814863927
2801,147.5272939453125,517.1626694685,-369.63537552318746,0.2852628435298063
6072,0.0,369.6545888145,-369.6545888145,0.0
2068,0.0,369.659846064,-369.659846064,0.0
2236,0.0,369.6802257825,-369.6802257825,0.0
722,0.0,369.72666482225,-369.72666482225,0.0
1253,0.0,369.75897197675,-369.75897197675,0.0
455,0.0,369.77455181725,-369.77455181725,0.0
8759,0.0,369.80550637249996,-369.80550637249996,0.0
7029,0.0,369.88142405075,-369.88142405075,0.0
706,317.09033984375003,687.09538825225,-370.0050484085,0.46149391307782184
1726,0.0,370.022541032,-370.022541032,0.0
6722,0.0,370.0379280335,-370.0379280335,0.0
1113,245.2203837890625,615.265250725,-370.0448669359375,0.3985604308085753
6577,0.0,370.0862764165,-370.0862764165,0.0
2547,0.0,370.090844471,-370.090844471,0.0
2031,185.3134931640625,555.42244148,-370.1089483159375,0.3336442300325943
385,0.0,370.18318662925,-370.18318662925,0.0
7899,0.0,370.19023987599996,-370.19023987599996,0.0
1876,0.0,370.23308343775,-370.23308343775,0.0
8258,0.0,370.310377659,-370.310377659,0.0
6646,0.0,370.31357551125,-370.31357551125,0.0
1065,251.887216796875,622.26168658175,-370.37446978487503,0.40479306668512055
8114,0.0,370.4218459725,-370.4218459725,0.0
5010,277.9728369140625,648.4481868975,-370.4753499834375,0.42867393587041924
6678,0.0,370.53846846575,-370.53846846575,0.0
769,0.0,370.718936418,-370.718936418,0.0
312,0.0,370.7249900695,-370.7249900695,0.0
580,0.0,370.77703303025,-370.77703303025,0.0
3691,26.583460815429685,397.36460773775,-370.7811469223203,0.06689941738866347
263,0.0,370.89444284924997,-370.89444284924997,0.0
2408,217.78649609375,588.71071991625,-370.92422382250004,0.3699380499726492
2620,0.0,370.952034897,-370.952034897,0.0
7848,0.0,370.984970456,-370.984970456,0.0
397,331.13756445312504,702.12434947375,-370.986785020625,0.4716223902926795
1923,0.0,371.0453531585,-371.0453531585,0.0
8256,0.0,371.04961350524997,-371.04961350524997,0.0
4760,301.3275341796875,672.470002258,-371.1424680783125,0.4480906697991109
1541,0.0,371.1900646405,-371.1900646405,0.0
209,103.16303076171874,474.356518361,-371.19348759928124,0.2174799471517508
1610,0.0,371.21646875775,-371.21646875775,0.0
3412,0.0,371.2247073055,-371.2247073055,0.0
268,0.0,371.2412444235,-371.2412444235,0.0
7991,0.0,371.25905800725,-371.25905800725,0.0
1136,1.8846638259887696,373.2566093185,-371.37194549251126,0.005049244337241838
6458,0.0,371.3870982875,-371.3870982875,0.0
4992,0.0,371.3951543675,-371.3951543675,0.0
8283,0.0,371.42920705925,-371.42920705925,0.0
8208,0.0,371.58028312675003,-371.58028312675003,0.0
551,0.0,371.61782546575,-371.61782546575,0.0
1031,0.0,371.633814466,-371.633814466,0.0
221,0.0,371.6619320575,-371.6619320575,0.0
2324,0.0,371.766227871,-371.766227871,0.0
6457,0.0,371.80865021824997,-371.80865021824997,0.0
768,0.0,371.8235585695,-371.8235585695,0.0
1445,0.0,371.85654732225,-371.85654732225,0.0
7997,0.0,371.86517672875,-371.86517672875,0.0
8226,0.4886308517456055,372.356839913,-371.8682090612544,0.001312265005115812
3140,0.29645452308654785,372.18582604625,-371.88937152316345,0.0007965228698773333
915,0.0,371.93780496075004,-371.93780496075004,0.0
714,80.31648095703125,452.30278773625,-371.9863067792188,0.17757237619833902
1793,86.54902978515625,458.6055519605,-372.05652217534373,0.18872215834815845
7856,12.992366027832032,385.12346782450004,-372.131101796668,0.03373558632375278
8384,0.3416527061462402,372.483188212,-372.14153550585377,0.0009172298671223723
1702,0.0,372.21181812875,-372.21181812875,0.0
7920,0.0,372.27024262175,-372.27024262175,0.0
8669,0.0,372.3280701015,-372.3280701015,0.0
7607,0.0,372.33958011375,-372.33958011375,0.0
7970,0.0,372.36608012875,-372.36608012875,0.0
599,0.0,372.38015222225,-372.38015222225,0.0
1258,287.7001201171875,660.1231062475,-372.4229861303125,0.43582797959732694
2157,0.0,372.439356251,-372.439356251,0.0
319,0.0,372.4695950265,-372.4695950265,0.0
8327,0.0,372.47037031575,-372.47037031575,0.0
6790,0.0,372.47613338675,-372.47613338675,0.0
7763,293.6513974609375,666.17225095275,-372.5208534918125,0.44080400617131305
7365,0.0,372.53291504050003,-372.53291504050003,0.0
7197,0.0,372.559016981,-372.559016981,0.0
8353,0.0,372.5640515175,-372.5640515175,0.0
1421,0.0,372.56754669775,-372.56754669775,0.0
2380,0.0,372.59126380600003,-372.59126380600003,0.0
7900,0.0,372.63072274625,-372.63072274625,0.0
8139,0.0,372.666525914,-372.666525914,0.0
509,0.0,372.80471399699996,-372.80471399699996,0.0
8571,0.0,372.92046814175,-372.92046814175,0.0
3510,4.143015716552735,377.1192123115,-372.9761965949473,0.01098595767681189
3705,452.273759765625,825.29145401175,-373.017694246125,0.5480170151030896
865,0.0,373.121517841,-373.121517841,0.0
6071,0.0,373.158726103,-373.158726103,0.0
1486,0.0,373.199551456,-373.199551456,0.0
770,0.0,373.225254024,-373.225254024,0.0
7511,0.0,373.35110277949997,-373.35110277949997,0.0
2829,0.0,373.358192572,-373.358192572,0.0
6016,196.556396484375,569.94442668175,-373.388030197375,0.34486940645049996
8069,0.0,373.4120426535,-373.4120426535,0.0
5994,265.6109013671875,639.04921147525,-373.43831010806247,0.4156345022919099
3745,0.0,373.47236725225,-373.47236725225,0.0
2784,0.0,373.4749379185,-373.4749379185,0.0
7429,317.82414453125,691.3492184805,-373.52507394925,0.45971577832990446
2156,0.0,373.5861108935,-373.5861108935,0.0
8741,0.0,373.59929299475,-373.59929299475,0.0
935,0.0,373.67241082325,-373.67241082325,0.0
698,0.0,373.68232934775,-373.68232934775,0.0
435,0.0,373.698824406,-373.698824406,0.0
8596,0.0,373.76732703650003,-373.76732703650003,0.0
6153,510.99339062499996,884.82646518175,-373.83307455675003,0.5775069012459196
1750,0.0,373.89410042875,-373.89410042875,0.0
7587,0.0,373.90200474975,-373.90200474975,0.0
8663,0.0,373.96092575075,-373.96092575075,0.0
866,0.0,374.0485180595,-374.0485180595,0.0
7658,0.0,374.05458790225,-374.05458790225,0.0
7811,297.3529091796875,671.4106529102501,-374.05774373056255,0.4428778534387626
8163,0.0,374.07877612675,-374.07877612675,0.0
8615,0.0,374.079617702,-374.079617702,0.0
556,0.0,374.08504207975,-374.08504207975,0.0
1229,0.0,374.08890277675,-374.08890277675,0.0
1559,0.0,374.17437125125,-374.17437125125,0.0
196,0.0,374.18610526775,-374.18610526775,0.0
8024,4.998111083984375,379.18459881925,-374.18648773526564,0.013181208008887698
6576,0.0,374.27267997,-374.27267997,0.0
2260,0.0,374.273197943,-374.273197943,0.0
2660,0.0,374.31776592975,-374.31776592975,0.0
723,0.0,374.37121647699996,-374.37121647699996,0.0
695,0.0,374.3725194475,-374.3725194475,0.0
290,0.0,374.43200120125,-374.43200120125,0.0
8370,0.0871870698928833,374.51952334975,-374.4323362798571,0.00023279712865239706
4551,786.09044921875,1160.5255838604999,-374.43513464174987,0.6773572762837808
3200,362.211974609375,736.6748467472501,-374.4628721378751,0.4916850028435453
575,0.0,374.57750604925,-374.57750604925,0.0
360,0.0,374.75555892,-374.75555892,0.0
2325,0.0,374.93921107799997,-374.93921107799997,0.0
6906,62.21349926757813,437.1834962095,-374.96999694192186,0.14230523261898237
4489,0.0,375.01840394175,-375.01840394175,0.0
5591,0.0,375.0388957935,-375.0388957935,0.0
7959,190.87032617187498,565.9229680865,-375.052641914625,0.3372726264847909
6575,0.0,375.05380911025003,-375.05380911025003,0.0
5126,427.29160351562496,802.46852322675,-375.17691971112504,0.5324714809560394
8645,0.0,375.2118682285,-375.2118682285,0.0
7635,0.0,375.29265565625,-375.29265565625,0.0
6847,0.5309999961853027,375.824424678,-375.2934246818147,0.0014128937873778712
7921,0.0,375.29914592625,-375.29914592625,0.0
1036,0.0,375.3181959675,-375.3181959675,0.0
7657,0.0,375.4246142005,-375.4246142005,0.0
8303,0.0,375.47324760649997,-375.47324760649997,0.0
940,0.0,375.52752330025,-375.52752330025,0.0
478,0.0,375.55368268374997,-375.55368268374997,0.0
8720,0.5110569801330567,376.1697708545,-375.6587138743669,0.001358580668546462
8073,244.95354736328125,620.74355776575,-375.79001040246874,0.39461311181437386
2523,0.0,375.811476866,-375.811476866,0.0
6600,0.0,375.81245113425,-375.81245113425,0.0
959,0.0,375.8126351705,-375.8126351705,0.0
5623,17.872846740722657,393.75967155425,-375.88682481352737,0.04539024178068981
7656,0.0,375.9072657845,-375.9072657845,0.0
916,0.0,375.9213271955,-375.9213271955,0.0
150,0.0,375.98397342675,-375.98397342675,0.0
3383,0.0,376.0197801195,-376.0197801195,0.0
8284,0.0,376.10181026600003,-376.10181026600003,0.0
3675,0.0,376.2395657215,-376.2395657215,0.0
887,0.0,376.32458046125,-376.32458046125,0.0
8234,0.0,376.3581993165,-376.3581993165,0.0
3357,0.0,376.49773655800004,-376.49773655800004,0.0
457,0.0,376.50929017675,-376.50929017675,0.0
7513,0.0,376.534965167,-376.534965167,0.0
6664,356.86795703125,733.46538538175,-376.5974283505,0.48655050893636764
6449,278.3591904296875,655.00272222325,-376.6435317935625,0.42497409638221006
8185,0.0,376.69566103,-376.69566103,0.0
1654,0.0,376.7310432745,-376.7310432745,0.0
6209,351.578779296875,728.31864921125,-376.739869914375,0.48272659116294636
4993,0.0,376.75246173925,-376.75246173925,0.0
2542,0.0,376.86238619374996,-376.86238619374996,0.0
667,0.0,376.9009773465,-376.9009773465,0.0
3699,0.0,377.0335172975,-377.0335172975,0.0
5067,0.0,377.0758561155,-377.0758561155,0.0
5978,0.0,377.08355680325,-377.08355680325,0.0
1766,185.1194033203125,562.30356161075,-377.1841582904375,0.3292161309823674
8259,0.0,377.1868263585,-377.1868263585,0.0
3649,0.0,377.2491865445,-377.2491865445,0.0
394,350.878310546875,728.1353353225,-377.25702477562504,0.4818861179283115
1820,0.0,377.35435655525004,-377.35435655525004,0.0
961,0.0,377.3621664635,-377.3621664635,0.0
8572,0.0,377.38442109425,-377.38442109425,0.0
386,0.0,377.40725388124997,-377.40725388124997,0.0
3288,0.0,377.5889506835,-377.5889506835,0.0
3190,0.0,377.670580151,-377.670580151,0.0
306,8.695951385498049,386.39706318175,-377.70111179625195,0.02250522116132778
6273,494.82235546875,872.57866437275,-377.75630890400004,0.5670805110246085
7588,0.0,377.765543899,-377.765543899,0.0
5335,29.568867919921875,407.37444387325,-377.8055759533281,0.07258400297819834
992,2.934294227600098,380.794968005,-377.8606737773999,0.007705706394355145
125,0.0,377.88263128899996,-377.88263128899996,0.0
771,0.0,377.89336022575,-377.89336022575,0.0
1318,0.0,377.90781535475,-377.90781535475,0.0
1699,0.5520959911346436,378.50414453475,-377.9520485436154,0.0014586260088502948
8351,0.0,378.034331675,-378.034331675,0.0
1795,5.3517840881347665,383.50034384675,-378.14855975861525,0.01395509589508553
3119,0.0,378.21756928075,-378.21756928075,0.0
4204,0.0,378.23242987825,-378.23242987825,0.0
7183,0.11354023551940917,378.366499515,-378.2529592794806,0.0003000800424056251
646,0.0,378.29208656175,-378.29208656175,0.0
3698,0.0,378.45953868175,-378.45953868175,0.0
8333,0.0,378.46584677674997,-378.46584677674997,0.0
6599,0.0,378.490881429,-378.490881429,0.0
1611,0.0,378.5308119425,-378.5308119425,0.0
1948,0.0,378.561982445,-378.561982445,0.0
8093,0.0,378.758974112,-378.758974112,0.0
4601,670.27332421875,1049.05238281425,-378.77905859550003,0.6389321778019348
3903,773.4525703125,1152.25279062,-378.8002203075,0.6712525028688113
6803,371.019072265625,749.92146891675,-378.90239665112495,0.4947438993936425
170,0.0,378.98627597275,-378.98627597275,0.0
6023,0.0,378.991796776,-378.991796776,0.0
8183,0.0,379.01471079025004,-379.01471079025004,0.0
7971,0.0,379.0593004825,-379.0593004825,0.0
8453,0.0,379.0646442,-379.0646442,0.0
838,0.0,379.107362702,-379.107362702,0.0
8591,0.0,379.1720942315,-379.1720942315,0.0
8501,0.0,379.237519707,-379.237519707,0.0
126,0.0,379.2449258015,-379.2449258015,0.0
4880,278.96845703125,658.2139719695,-379.24551493825,0.4238263976267437
7659,0.0,379.257218747,-379.257218747,0.0
3411,0.0,379.37149169125,-379.37149169125,0.0
1587,0.0,379.41911317375,-379.41911317375,0.0
699,0.0,379.43842800174997,-379.43842800174997,0.0
311,0.0,379.51105885525,-379.51105885525,0.0
1723,1.8640488052368165,381.385845676,-379.5217968707632,0.004887566807953386
6482,0.0,379.6015869205,-379.6015869205,0.0
2792,233.9942666015625,613.6093803705,-379.6151137689376,0.38134075798993644
767,0.0,379.6727287575,-379.6727287575,0.0
6594,104.8980166015625,484.80680890675,-379.9087923051875,0.21637075729554847
3000,0.0,380.013881455,-380.013881455,0.0
6198,0.0,380.024100977,-380.024100977,0.0
2356,0.0,380.120828479,-380.120828479,0.0
5658,169.6703583984375,549.89236662525,-380.22200822681253,0.3085519428668763
2852,0.1076730899810791,380.45035534075,-380.3426822507689,0.00028301482226669755
4513,0.0,380.36968024675,-380.36968024675,0.0
4377,405.428244140625,785.80770313225,-380.37945899162503,0.5159382403718354
1147,0.11055534982681274,380.53211666875,-380.4215613189232,0.00029052830153761223
7636,0.0,380.45147524375,-380.45147524375,0.0
8235,0.0,380.47400643175,-380.47400643175,0.0
3241,0.0,380.5030529105,-380.5030529105,0.0
4017,200.3334375,580.85274799025,-380.51931049025,0.3448953936230105
8115,0.0,380.65528378724997,-380.65528378724997,0.0
8405,0.0,380.70947638350003,-380.70947638350003,0.0
5068,0.0,380.76085711999997,-380.76085711999997,0.0
6483,0.0,380.77606355525,-380.77606355525,0.0
8260,0.0,380.88185417875,-380.88185417875,0.0
7946,0.0,380.92250921425,-380.92250921425,0.0
6481,0.0,381.0314690245,-381.0314690245,0.0
6860,0.0,381.124889908,-381.124889908,0.0
867,0.0,381.173831912,-381.173831912,0.0
7660,0.0,381.1834038305,-381.1834038305,0.0
911,0.0,381.24640227675,-381.24640227675,0.0
719,0.0,381.32418515225,-381.32418515225,0.0
7681,0.0,381.33394143000004,-381.33394143000004,0.0
4203,0.0,381.33546459725,-381.33546459725,0.0
7945,0.0,381.51409168775,-381.51409168775,0.0
4597,767.2547109375,1148.8018197215,-381.5471087839999,0.6678738639669191
6431,0.0,381.7597258165,-381.7597258165,0.0
436,0.0,381.928371292,-381.928371292,0.0
5977,0.0,381.93600555175,-381.93600555175,0.0
7922,0.0,382.03096206675,-382.03096206675,0.0
361,0.0,382.07278663375,-382.07278663375,0.0
6304,790.1835859375,1172.28779888175,-382.10421294425,0.6740525543447664
7768,158.3613203125,540.510323423,-382.1490031105001,0.29298482037609963
7565,0.0,382.2490364255,-382.2490364255,0.0
632,0.5040580272674561,382.86821173674997,-382.36415370948254,0.001316531408195104
8552,0.5057775993347169,382.91382172825,-382.4080441289153,0.0013208653470148087
837,0.0,382.44891298575,-382.44891298575,0.0
8207,0.0,382.63081955025,-382.63081955025,0.0
7866,0.3814877128601074,383.01670557875,-382.6352178658899,0.000996008023429839
6736,602.0793203125,984.74093239925,-382.66161208675,0.6114088486544055
151,0.0,382.6652307805,-382.6652307805,0.0
8279,0.0,382.6936659075,-382.6936659075,0.0
362,0.0,382.73784063575,-382.73784063575,0.0
8230,0.0,382.75895846325,-382.75895846325,0.0
5537,328.344822265625,711.1090315655,-382.764209299875,0.46173625594522494
8164,0.0,382.78084400324997,-382.78084400324997,0.0
2736,0.0,382.79367542,-382.79367542,0.0
835,0.0,382.85259851475,-382.85259851475,0.0
2293,225.42010937499998,608.29625334325,-382.87614396825,0.3705761917248297
7733,0.0,382.90951436275003,-382.90951436275003,0.0
1484,0.0,382.9224291455,-382.9224291455,0.0
3388,0.0,382.9243356345,-382.9243356345,0.0
724,0.0,383.00767494725,-383.00767494725,0.0
2564,0.0,383.02276879425,-383.02276879425,0.0
1517,0.0,383.06875230375,-383.06875230375,0.0
2421,0.0,383.0844988765,-383.0844988765,0.0
7829,0.0,383.0971654155,-383.0971654155,0.0
5503,29.453956909179688,412.60655477975,-383.15259787057033,0.07138509191526819
6425,326.517837890625,709.8903391917501,-383.37250130112506,0.4599553190179043
1652,0.0,383.388888046,-383.388888046,0.0
1807,0.27730954551696774,383.7643804005,-383.487070854983,0.000722603657236144
4985,404.6532421875,788.16821330475,-383.51497111725,0.5134097453351987
8140,0.0,383.541158312,-383.541158312,0.0
1918,0.0,383.7281072915,-383.7281072915,0.0
7972,0.0,383.78164950225,-383.78164950225,0.0
836,0.0,383.80108679975,-383.80108679975,0.0
3749,0.0,383.9565652335,-383.9565652335,0.0
1583,0.0,384.02770764125,-384.02770764125,0.0
1361,144.64260498046875,528.71063267975,-384.0680276992813,0.2735761222992188
772,0.0,384.1866184415,-384.1866184415,0.0
383,0.0,384.1921929365,-384.1921929365,0.0
7702,0.0,384.24496003775,-384.24496003775,0.0
8116,0.0,384.3352527795,-384.3352527795,0.0
8228,0.0,384.35345559225,-384.35345559225,0.0
288,0.0,384.36315002225,-384.36315002225,0.0
2492,0.0,384.38419980124996,-384.38419980124996,0.0
1061,0.0,384.452026311,-384.452026311,0.0
3426,440.71223046874996,825.2194120617501,-384.5071815930001,0.5340546083781624
8519,0.0,384.519014255,-384.519014255,0.0
7944,0.0,384.53753942375,-384.53753942375,0.0
643,0.0,384.54253904325,-384.54253904325,0.0
5597,0.0,384.57668915249997,-384.57668915249997,0.0
3272,335.30079882812504,719.97853123325,-384.67773240512497,0.46570943968020745
1989,0.0,384.69392448275,-384.69392448275,0.0
1684,0.0,384.71426800675,-384.71426800675,0.0
7781,0.0,384.729297787,-384.729297787,0.0
7870,0.0,384.777736735,-384.777736735,0.0
7583,0.0,384.829974517,-384.829974517,0.0
1549,272.3169140625,657.153474284,-384.8365602215,0.4143886083000834
3164,0.10789427947998047,384.96970157525,-384.86180729577,0.00028026693726343406
2055,168.58878906249998,553.4721403445,-384.883351282,0.3046021226162575
6525,0.0,384.91145615325,-384.91145615325,0.0
7027,0.0,384.92013518125003,-384.92013518125003,0.0
1150,0.0,384.9841974045,-384.9841974045,0.0
4591,102.8518125,487.84166092875,-384.98984842875,0.21083031755295564
387,0.0,385.0171203395,-385.0171203395,0.0
4088,322.50765039062503,707.54012527325,-385.032474882625,0.4558153501333343
6000,0.0,385.04413122425,-385.04413122425,0.0
868,0.0,385.06896565825,-385.06896565825,0.0
7613,0.0,385.1151064655,-385.1151064655,0.0
1550,214.251134765625,599.41242408425,-385.161289318625,0.3574352579286475
7805,0.0,385.16618952,-385.16618952,0.0
4914,408.52549999999997,793.72192339,-385.19642339000006,0.5146960005092016
5018,0.0,385.23759445775,-385.23759445775,0.0
1588,0.0,385.2724998245,-385.2724998245,0.0
1612,0.0,385.297746253,-385.297746253,0.0
863,0.0,385.381788346,-385.381788346,0.0
5695,12.837982055664062,398.3981489305,-385.56016687483594,0.03222400018148586
475,0.0,385.64701686525,-385.64701686525,0.0
6061,612.215265625,997.87672895575,-385.66146333074994,0.6135179298670971
4350,2.516031219482422,388.19967620799997,-385.6836449885175,0.006481281070551523
4975,58.04603369140625,443.73192474474996,-385.6858910533437,0.13081329136726652
1013,0.0,385.6932093185,-385.6932093185,0.0
2216,216.28576953125,602.06668719175,-385.7809176605,0.3592388912611055
2264,228.734630859375,614.55045175275,-385.81582089337496,0.3721982952494887
3744,0.0,385.820534639,-385.820534639,0.0
2020,0.0,385.850835067,-385.850835067,0.0
6523,0.024282535552978518,385.970364928,-385.946082392447,6.291295316052387e-05
7593,232.560763671875,618.552018893,-385.99125522112496,0.37597607992954973
7195,0.0,386.0164766685,-386.0164766685,0.0
5650,327.09351953124997,713.149191167,-386.05567163575006,0.4586607166129323
476,0.0,386.06158267725,-386.06158267725,0.0
6679,0.5302482967376709,386.63083859375,-386.10059029701233,0.0013714588761073122
2977,0.0,386.1341299265,-386.1341299265,0.0
6601,0.0,386.1457319155,-386.1457319155,0.0
3029,0.0,386.16222881425,-386.16222881425,0.0
8229,0.0,386.26937566975,-386.26937566975,0.0
3125,0.0,386.40540642425,-386.40540642425,0.0
617,82.05315820312501,468.48702149825,-386.433863295125,0.1751449971134078
4971,0.0,386.46664203225,-386.46664203225,0.0
6130,621.91282421875,1008.4045604485,-386.49173622975,0.6167294833785929
8710,0.0,386.50787615125,-386.50787615125,0.0
3648,0.0,386.519729408,-386.519729408,0.0
7293,0.0,386.52394783075,-386.52394783075,0.0
6197,0.0,386.55712281925,-386.55712281925,0.0
2802,58.77765405273438,445.38017125375,-386.60251720101564,0.1319718696845052
8621,0.0,386.6209797405,-386.6209797405,0.0
431,0.0,386.63865943725,-386.63865943725,0.0
7967,0.0,386.69586688125,-386.69586688125,0.0
3379,83.20942578124999,469.91817412399996,-386.70874834274997,0.17707215891211922
8429,0.0,386.9198955495,-386.9198955495,0.0
1756,0.0,387.0106710785,-387.0106710785,0.0
7363,0.0,387.09461767975,-387.09461767975,0.0
269,0.0,387.10881352475,-387.10881352475,0.0
8236,0.0,387.27560028575,-387.27560028575,0.0
5041,0.0,387.29890804675,-387.29890804675,0.0
5621,0.0,387.34112484675,-387.34112484675,0.0
3337,0.0,387.37414303175,-387.37414303175,0.0
4507,119.8992587890625,507.27810655725,-387.3788477681875,0.2363580391167009
5615,0.0,387.46163530375,-387.46163530375,0.0
7364,0.0,387.46379949875,-387.46379949875,0.0
4991,0.0,387.49796295925,-387.49796295925,0.0
7196,0.0,387.50576331425,-387.50576331425,0.0
5147,424.944283203125,812.470272154,-387.525988950875,0.523027484505367
4736,298.94946582031247,686.49615519825,-387.5466893779375,0.4354714343571361
2445,0.0,387.563169846,-387.563169846,0.0
6386,0.0,387.59156718775,-387.59156718775,0.0
4928,296.5307490234375,684.20477740225,-387.67402837881247,0.4333947355876321
700,0.0,387.6979034895,-387.6979034895,0.0
755,324.72507421875,712.4405588605,-387.71548464175,0.4557925145114325
477,0.0,387.72679890875,-387.72679890875,0.0
6581,0.0,387.78703446775,-387.78703446775,0.0
2132,0.0,387.8371093125,-387.8371093125,0.0
7923,0.0,388.00341983475,-388.00341983475,0.0
677,0.0,388.03045111825,-388.03045111825,0.0
3700,0.0,388.0333734755,-388.0333734755,0.0
5914,816.44258984375,1204.48150420175,-388.03891435800006,0.6778373817429403
7422,0.0,388.05374046375,-388.05374046375,0.0
7146,14.608908691406253,402.89117153825,-388.2822628468437,0.03626018559644491
7901,0.0,388.31710669325,-388.31710669325,0.0
1708,0.0,388.4179310995,-388.4179310995,0.0
6358,0.0,388.419436719,-388.419436719,0.0
2083,2.7838314819335936,391.27787656,-388.4940450780664,0.007114717293227779
6941,0.0,388.52496133175003,-388.52496133175003,0.0
3413,0.0,388.53984330975,-388.53984330975,0.0
893,0.0,388.54517336175,-388.54517336175,0.0
171,0.0,388.64385423275,-388.64385423275,0.0
3365,0.0,388.67264118925,-388.67264118925,0.0
8538,1.0497979354858398,389.84065748324997,-388.7908595477641,0.0026928898067489432
6658,404.402826171875,793.19898018275,-388.796154010875,0.5098378033326069
8111,0.0,388.82550729524996,-388.82550729524996,0.0
7631,0.0,388.86659553975,-388.86659553975,0.0
287,0.0,389.06902193375,-389.06902193375,0.0
8159,0.0,389.0741663475,-389.0741663475,0.0
363,0.0,389.28535416475,-389.28535416475,0.0
7028,0.0,389.28873966325,-389.28873966325,0.0
2493,0.0,389.33585926475,-389.33585926475,0.0
4795,121.60442919921876,510.97131143,-389.36688223078124,0.23798680325302574
1653,0.0,389.41144193275,-389.41144193275,0.0
7947,0.0,389.4240698795,-389.4240698795,0.0
8038,0.0,389.52997276025,-389.52997276025,0.0
4045,1184.8445546875,1574.38791069575,-389.54335600824993,0.7525747281756765
6480,0.0,389.5720005415,-389.5720005415,0.0
5011,162.5593759765625,552.24852967075,-389.68915369418755,0.2943590918732208
2735,0.0,389.85281889875,-389.85281889875,0.0
6917,0.0,389.865946511,-389.865946511,0.0
2707,62.129530517578125,452.06664772075,-389.93711720317185,0.13743444842345956
8034,0.05170310038328172,390.066431032,-390.01472793161673,0.0001325494739804735
4400,339.880099609375,729.9055700377501,-390.02547042837506,0.46564941150695327
7125,0.0,390.10618789125,-390.10618789125,0.0
8309,0.0,390.16537820525,-390.16537820525,0.0
644,0.0,390.2370311655,-390.2370311655,0.0
1390,0.0,390.2767273745,-390.2767273745,0.0
1607,0.0,390.3472711695,-390.3472711695,0.0
6989,0.0,390.36742795475,-390.36742795475,0.0
4153,0.0,390.38010400625,-390.38010400625,0.0
5863,16.241425170898435,406.73666515675,-390.4952399858516,0.03993105741944406
605,0.0,390.498359715,-390.498359715,0.0
6461,0.0,390.53549081875,-390.53549081875,0.0
2109,0.0,390.584946446,-390.584946446,0.0
3245,0.0,390.62799244725,-390.62799244725,0.0
5066,0.0,390.67297495950004,-390.67297495950004,0.0
979,0.11113644123077393,390.79679546625,-390.6856590250192,0.0002843842176694299
7229,0.0,390.697166011,-390.697166011,0.0
2093,0.0,390.75149347075,-390.75149347075,0.0
2741,0.0,390.8553512705,-390.8553512705,0.0
3443,831.85190234375,1222.71806159175,-390.86615924800003,0.6803301004489165
3674,0.0,390.93573097374997,-390.93573097374997,0.0
6821,0.0,390.94129705525,-390.94129705525,0.0
7698,0.48010068893432617,391.45644591525,-390.9763452263157,0.0012264472656348092
1485,0.0,391.00587936275,-391.00587936275,0.0
5919,1059.162265625,1450.21887934075,-391.05661371575,0.7303464876806282
6557,0.0,391.0779490155,-391.0779490155,0.0
6723,0.0,391.14058546625,-391.14058546625,0.0
6388,0.0,391.2195038235,-391.2195038235,0.0
2853,0.0,391.28937072325,-391.28937072325,0.0
295,0.0,391.29430787625,-391.29430787625,0.0
1924,0.0,391.46420628125003,-391.46420628125003,0.0
388,0.0,391.56077803799997,-391.56077803799997,0.0
4970,0.0,391.56732757675,-391.56732757675,0.0
164,0.0,391.59418793625,-391.59418793625,0.0
143,0.0,391.5989866975,-391.5989866975,0.0
2805,0.0,391.60226294375,-391.60226294375,0.0
2054,194.801708984375,586.465558955,-391.663849970625,0.33216223131554784
7301,0.0,391.6661902335,-391.6661902335,0.0
6437,0.0,391.70965135025,-391.70965135025,0.0
6957,0.0,391.7227128805,-391.7227128805,0.0
172,0.0,391.7317132105,-391.7317132105,0.0
7101,0.0,391.79058650474997,-391.79058650474997,0.0
791,0.0,391.79536913625003,-391.79536913625003,0.0
2765,0.0,391.831554206,-391.831554206,0.0
8521,0.0,391.99322328725,-391.99322328725,0.0
8227,0.0,392.17973490625,-392.17973490625,0.0
842,0.0,392.2525679055,-392.2525679055,0.0
6196,0.0,392.414373794,-392.414373794,0.0
6797,0.0,392.4247523605,-392.4247523605,0.0
2717,0.0,392.51377676875,-392.51377676875,0.0
2444,0.0,392.5614045625,-392.5614045625,0.0
2548,0.0,392.59211388525,-392.59211388525,0.0
4759,86.64219140624999,479.24709075925,-392.604899353,0.18078814226748555
7325,0.0,392.61286939025,-392.61286939025,0.0
1768,128.5748974609375,521.23096873475,-392.65607127381253,0.24667547579985158
166,0.0,392.662895736,-392.662895736,0.0
6653,0.0,392.74718527275,-392.74718527275,0.0
2453,0.0,392.90523569575,-392.90523569575,0.0
1791,173.3365771484375,566.31457227675,-392.9779951283125,0.3060782563752431
5976,0.0,393.00903550975,-393.00903550975,0.0
1732,0.0,393.009268013,-393.009268013,0.0
7867,0.0,393.02723643575,-393.02723643575,0.0
2524,0.0,393.09879261725,-393.09879261725,0.0
8371,0.0,393.13927904474997,-393.13927904474997,0.0
8374,0.0,393.1810986375,-393.1810986375,0.0
7868,0.0,393.18708693925,-393.18708693925,0.0
1900,0.0,393.2145495675,-393.2145495675,0.0
3240,0.0,393.22028573225,-393.22028573225,0.0
2276,0.0,393.2821266635,-393.2821266635,0.0
163,0.0,393.425252813,-393.425252813,0.0
3924,803.2945664062499,1196.7557226935,-393.4611562872501,0.6712268431247385
3692,1.1450402488708495,394.68268635525,-393.53764610637916,0.002901166647424315
7245,0.0,393.71797314225,-393.71797314225,0.0
6484,0.0,393.725159691,-393.725159691,0.0
1565,0.0,393.73173669325,-393.73173669325,0.0
8706,1.1682398681640624,394.974301858,-393.80606198983594,0.0029577617068016313
191,0.0,393.82322932075,-393.82322932075,0.0
1433,103.42151318359375,497.273480512,-393.85196732840626,0.20797713336559256
4337,742.69683984375,1136.5742881982499,-393.87744835449985,0.6534520857124573
2976,0.0,393.89368768074996,-393.89368768074996,0.0
6001,0.0,393.97876272350004,-393.97876272350004,0.0
1278,0.0,394.0104662015,-394.0104662015,0.0
6965,0.0,394.01930140775,-394.01930140775,0.0
2384,215.212294921875,609.2668340025,-394.054539080625,0.35323159338057836
645,0.0,394.12612190425,-394.12612190425,0.0
5299,112.507169921875,506.6934415105,-394.186271588625,0.22204189058464785
8135,0.0,394.19577170775,-394.19577170775,0.0
4207,120.0702294921875,514.30622086725,-394.2359913750625,0.23346058123943791
6498,53.818463867187496,448.05931395700003,-394.2408500898125,0.12011459659610563
6893,0.0,394.42896410775,-394.42896410775,0.0
7133,0.0,394.45782809,-394.45782809,0.0
4152,0.0,394.46040002875003,-394.46040002875003,0.0
7398,0.0,394.59327626975,-394.59327626975,0.0
4002,428.15133203125,822.8943886889999,-394.74305665774995,0.520299247869539
2133,0.0,394.75011908249996,-394.75011908249996,0.0
4075,160.40863818359375,555.176730346,-394.7680921624062,0.28893256710289444
4808,310.14357421875,704.97725119225,-394.8336769735,0.43993415851973144
843,0.0,394.86716312825,-394.86716312825,0.0
2117,0.0,394.8747082305,-394.8747082305,0.0
7924,0.0,394.88413044325,-394.88413044325,0.0
3410,0.0,394.94540081525,-394.94540081525,0.0
1853,0.0,395.11807715825,-395.11807715825,0.0
1988,0.0,395.15889169775,-395.15889169775,0.0
1037,0.0,395.15905095825,-395.15905095825,0.0
409,0.0,395.2283968385,-395.2283968385,0.0
7531,0.0,395.24884984,-395.24884984,0.0
48,0.0,395.325005133,-395.325005133,0.0
2789,0.0,395.4868343,-395.4868343,0.0
8285,0.0,395.58513603575,-395.58513603575,0.0
7700,0.0,395.6705464455,-395.6705464455,0.0
8255,0.0,395.67998445625,-395.67998445625,0.0
2693,0.0,395.6913715965,-395.6913715965,0.0
1,0.0,395.81269585675,-395.81269585675,0.0
982,0.0,395.84737268674996,-395.84737268674996,0.0
5514,273.558720703125,669.55773745775,-395.999016754625,0.4085662893438232
165,0.0,396.00868917,-396.00868917,0.0
5042,0.0,396.05003410050006,-396.05003410050006,0.0
7534,0.0,396.08980780625,-396.08980780625,0.0
7919,0.0,396.09409361325004,-396.09409361325004,0.0
144,0.0,396.127879071,-396.127879071,0.0
2861,0.0,396.1558818995,-396.1558818995,0.0
2085,0.0,396.180655002,-396.180655002,0.0
7532,0.0,396.1958701565,-396.1958701565,0.0
7589,0.0,396.2329491045,-396.2329491045,0.0
7470,0.0,396.240050491,-396.240050491,0.0
364,0.0,396.2710707555,-396.2710707555,0.0
5043,0.0,396.2896178405,-396.2896178405,0.0
408,0.0,396.30520352425,-396.30520352425,0.0
7277,0.0,396.386570449,-396.386570449,0.0
1086,0.0,396.4041031225,-396.4041031225,0.0
332,0.0,396.50531597275,-396.50531597275,0.0
3287,0.0,396.52186014775003,-396.52186014775003,0.0
8696,0.2657876634597778,396.836179631,-396.5703919675402,0.0006697667108809357
2783,0.0,396.61637232325,-396.61637232325,0.0
6574,0.0,396.65626975074997,-396.65626975074997,0.0
7847,0.0,396.66874902575,-396.66874902575,0.0
7351,0.0,396.75372043525,-396.75372043525,0.0
8573,0.0,396.77540314825,-396.77540314825,0.0
8542,0.0,396.79860764825,-396.79860764825,0.0
7948,0.0,397.0125429485,-397.0125429485,0.0
4135,113.14617724609374,510.19111046449996,-397.0449332184062,0.2217721451894927
7869,0.0,397.08416439275,-397.08416439275,0.0
2396,0.0,397.11716854850005,-397.11716854850005,0.0
1148,0.0,397.23786789950003,-397.23786789950003,0.0
557,0.0,397.2915102535,-397.2915102535,0.0
8007,159.201052734375,556.4949912767499,-397.2939385423749,0.2860781407628604
6387,0.0,397.353132613,-397.353132613,0.0
1941,0.0,397.40129373275,-397.40129373275,0.0
1110,0.0,397.41098534225,-397.41098534225,0.0
7637,0.0,397.4252361515,-397.4252361515,0.0
917,0.0,397.54813919275,-397.54813919275,0.0
2277,0.0,397.5762300215,-397.5762300215,0.0
1773,0.0,397.6136160535,-397.6136160535,0.0
5044,0.0,397.638958218,-397.638958218,0.0
6479,0.0,397.65472995025,-397.65472995025,0.0
3927,728.11821875,1125.77975299075,-397.66153424075003,0.646767910125325
3819,0.0,397.83296665924996,-397.83296665924996,0.0
8372,0.0,397.8781073515,-397.8781073515,0.0
4470,3.9618331756591796,401.9703766235,-398.0085434478408,0.009856032673556796
6602,0.0,398.07299089975004,-398.07299089975004,0.0
1771,3.3391824874877933,401.46417217475,-398.1249896872622,0.008317510529225502
2573,0.0,398.13070750525,-398.13070750525,0.0
749,0.0,398.249026238,-398.249026238,0.0
2405,0.0,398.25937505925,-398.25937505925,0.0
197,0.0,398.38707211175,-398.38707211175,0.0
7699,0.0,398.397186692,-398.397186692,0.0
4927,81.048458984375,479.46030578425,-398.411846799875,0.16904101932434962
3693,0.0,398.516207989,-398.516207989,0.0
410,0.0,398.5728346875,-398.5728346875,0.0
2429,0.0,398.71232893275,-398.71232893275,0.0
7149,0.0,398.7310694525,-398.7310694525,0.0
3486,4.137991470336914,402.8738447935,-398.73585332316304,0.010271184177237243
3743,0.0,398.79289118625,-398.79289118625,0.0
7655,0.0,398.805529305,-398.805529305,0.0
1317,0.0,398.89735039100003,-398.89735039100003,0.0
5999,0.0,398.92681136375,-398.92681136375,0.0
690,67.95978979492187,467.03699875949997,-399.07720896457806,0.14551264638544198
1182,0.0,399.12326702800004,-399.12326702800004,0.0
6334,0.0,399.12978866075,-399.12978866075,0.0
5418,378.30393359375,777.43708227425,-399.13314868049997,0.4866039216967721
331,0.0,399.16853481025,-399.16853481025,0.0
2241,269.15811328125,668.33708447525,-399.178971194,0.40272808307480573
7269,0.0,399.1922889695,-399.1922889695,0.0
4641,503.866064453125,903.0667724265,-399.2007079733751,0.5579499537352143
8035,0.0,399.2450837495,-399.2450837495,0.0
2597,0.0,399.24924265,-399.24924265,0.0
8539,0.0,399.38136659725,-399.38136659725,0.0
2468,0.0,399.4721850025,-399.4721850025,0.0
2565,0.0,399.4760311515,-399.4760311515,0.0
3165,0.0,399.4846619125,-399.4846619125,0.0
1398,0.0,399.55022160025004,-399.55022160025004,0.0
4972,0.0,399.55618526875,-399.55618526875,0.0
8597,0.0,399.58386029125,-399.58386029125,0.0
7833,228.86664257812498,628.49583763,-399.629195051875,0.3641498137473913
3702,4.149133773803711,403.79749473325,-399.6483609594463,0.010275283570714968
8540,0.0,399.87649079875,-399.87649079875,0.0
581,0.0,400.035590175,-400.035590175,0.0
1366,0.0,400.07312357025,-400.07312357025,0.0
5726,845.285421875,1245.3950983245,-400.10967644949994,0.678728720173607
7253,0.0,400.23194628575,-400.23194628575,0.0
844,0.0,400.26178158225,-400.26178158225,0.0
4592,298.8647080078125,699.2023493312499,-400.3376413234374,0.4274366467249776
3872,370.668572265625,771.03228153475,-400.363709269125,0.48074325895546294
3865,0.0,400.38521262,-400.38521262,0.0
6628,0.0,400.4278704175,-400.4278704175,0.0
4206,3.329157318115234,403.76995799225,-400.4408006741348,0.008245183288088886
138,0.21779453235864643,400.66822360675,-400.45042907439137,0.0005435782499907712
7173,0.0,400.4667348725,-400.4667348725,0.0
7085,0.0,400.48755279325,-400.48755279325,0.0
7701,0.0,400.76504079849997,-400.76504079849997,0.0
8036,0.0,400.84300984600003,-400.84300984600003,0.0
334,0.0,400.9602312055,-400.9602312055,0.0
1265,148.53120556640624,549.4914616152499,-400.9602560488437,0.270306666566732
38,236.39125488281252,637.3739624485,-400.9827075656875,0.3708831368068787
122,0.0,401.0573927635,-401.0573927635,0.0
2213,0.0,401.05983522875,-401.05983522875,0.0
1149,0.0,401.09610707075,-401.09610707075,0.0
2189,0.0,401.104011741,-401.104011741,0.0
359,0.0,401.189908828,-401.189908828,0.0
7446,0.0,401.24487189675,-401.24487189675,0.0
333,0.0,401.2492438335,-401.2492438335,0.0
6231,975.36247265625,1376.6168429445,-401.2543702882499,0.7085213848331882
8434,261.3526396484375,662.66720855075,-401.31456890231254,0.39439500835663716
2252,0.0,401.46374336499997,-401.46374336499997,0.0
941,0.0,401.47935826825,-401.47935826825,0.0
5526,0.0,401.56208757625,-401.56208757625,0.0
7985,69.38222216796875,470.9542944245,-401.57207225653127,0.14732262311235594
1741,192.3410302734375,593.99383159875,-401.65280132531257,0.3238098103341187
1316,0.0,401.66317435474997,-401.66317435474997,0.0
8360,0.34774127388000486,402.04272386775,-401.69498259387,0.0008649361184048105
6954,51.76328564453125,453.49369499525,-401.73040935071873,0.11414334113494146
7109,0.0,401.7655460465,-401.7655460465,0.0
2061,0.0,401.77858933325,-401.77858933325,0.0
4375,107.34529785156249,509.2367421145,-401.8914442629375,0.21079645037990966
1206,0.0,401.90657152225,-401.90657152225,0.0
72,0.0,401.9193693975,-401.9193693975,0.0
2397,0.0,401.926435777,-401.926435777,0.0
49,0.0,401.99650995475,-401.99650995475,0.0
4969,0.0,402.01859202125,-402.01859202125,0.0
4284,708.5583750000001,1110.642714977,-402.0843399769999,0.6379714779623813
4487,0.0,402.12342177924995,-402.12342177924995,0.0
7758,0.0,402.2059184475,-402.2059184475,0.0
8373,0.0,402.31450284125,-402.31450284125,0.0
8165,0.0,402.32435847425,-402.32435847425,0.0
6813,0.0,402.42039872625,-402.42039872625,0.0
208,127.415580078125,529.847767767,-402.43218768887505,0.24047582643337667
338,0.0,402.440041029,-402.440041029,0.0
5065,0.0,402.486956998,-402.486956998,0.0
8707,0.0,402.51515329324997,-402.51515329324997,0.0
2888,322.062720703125,724.7347266715,-402.67200596837495,0.44438704039736066
1350,0.0,402.68454104925,-402.68454104925,0.0
5040,0.0,402.76011833,-402.76011833,0.0
8708,0.0,402.8843335275,-402.8843335275,0.0
3105,358.86264062500004,761.81213701075,-402.94949638574997,0.4710644825928674
246,0.0,403.073952045,-403.073952045,0.0
7973,0.0,403.09414297225,-403.09414297225,0.0
6638,386.577783203125,789.68797367525,-403.11019047212494,0.4895323160544526
897,231.2298076171875,634.36196373125,-403.13215611406247,0.36450767932650086
4201,0.0,403.15314092999995,-403.15314092999995,0.0
4968,0.0,403.24305645825,-403.24305645825,0.0
4014,5.12225668334961,408.402506243,-403.2802495596504,0.012542177367931439
3099,0.0,403.4087548095,-403.4087548095,0.0
7414,0.0,403.566406438,-403.566406438,0.0
50,0.0,403.578469372,-403.578469372,0.0
7317,0.0,403.587504795,-403.587504795,0.0
6070,0.0,403.589151353,-403.589151353,0.0
4130,0.0,403.5949168425,-403.5949168425,0.0
5131,120.31085693359375,523.97265738975,-403.66180045615624,0.22961285289833225
3115,106.12957373046875,509.8618922255,-403.7323184950313,0.20815357087988945
4472,260.719822265625,664.45623500325,-403.73641273762496,0.392380728991081
5336,55.18254272460938,458.9773387665,-403.7947960418906,0.12022934019505828
73,0.0,403.85184548475,-403.85184548475,0.0
1749,0.0,404.012097529,-404.012097529,0.0
7661,0.0,404.0599398115,-404.0599398115,0.0
5524,0.0,404.0718306045,-404.0718306045,0.0
3392,287.09485546875,691.24113700675,-404.14628153800004,0.4153324211817186
1102,0.0,404.213558519,-404.213558519,0.0
6389,0.0,404.21674848025003,-404.21674848025003,0.0
5850,282.2978349609375,686.5190246375,-404.2211896765625,0.41120176487286186
6053,0.0,404.30363417025,-404.30363417025,0.0
3051,0.0,404.40697850025,-404.40697850025,0.0
3795,0.0,404.42821551049997,-404.42821551049997,0.0
6598,0.0,404.486562973,-404.486562973,0.0
3864,0.0,404.545979989,-404.545979989,0.0
7494,0.0,404.596509142,-404.596509142,0.0
6195,0.0,404.60512947175,-404.60512947175,0.0
1462,0.0,404.6330064975,-404.6330064975,0.0
5981,0.0,404.69748651075,-404.69748651075,0.0
2082,59.020892578125,463.849072241,-404.82817966287496,0.12724158779866696
814,0.0,404.88578226749996,-404.88578226749996,0.0
41,113.52179736328125,518.5553493205,-405.0335519572187,0.2189193444694334
8709,0.0,405.04320780850003,-405.04320780850003,0.0
534,0.0,405.046996568,-405.046996568,0.0
339,0.0,405.1009680545,-405.1009680545,0.0
8261,0.0,405.11859413474997,-405.11859413474997,0.0
2540,0.0,405.12094585975,-405.12094585975,0.0
2285,0.0,405.1262745015,-405.1262745015,0.0
1965,0.0,405.1372655735,-405.1372655735,0.0
1797,0.0,405.23470418700003,-405.23470418700003,0.0
811,0.0,405.26387540425,-405.26387540425,0.0
3818,0.0,405.26776607375,-405.26776607375,0.0
812,0.0,405.29433542025,-405.29433542025,0.0
7533,0.0,405.511396976,-405.511396976,0.0
8237,0.0,405.57181250575,-405.57181250575,0.0
6629,0.0,405.5790032365,-405.5790032365,0.0
7244,0.0,405.60173196125,-405.60173196125,0.0
6837,0.0,405.60474102175,-405.60474102175,0.0
1078,0.0,405.6750602215,-405.6750602215,0.0
2999,0.0,405.6870876615,-405.6870876615,0.0
773,0.0,405.70622107575,-405.70622107575,0.0
3239,0.0,405.73854854424997,-405.73854854424997,0.0
2782,0.0,405.874045978,-405.874045978,0.0
8541,0.0,405.88624348825,-405.88624348825,0.0
968,2.7744864959716793,408.67975132375,-405.9052648277783,0.006788901285654525
6381,0.0,405.923841492,-405.923841492,0.0
5346,368.186140625,774.111153341,-405.92501271599997,0.4756243836047505
8141,0.0,405.9676569255,-405.9676569255,0.0
6909,0.0,405.97280011325,-405.97280011325,0.0
980,0.0,405.976375865,-405.976375865,0.0
3820,0.0,405.985233968,-405.985233968,0.0
2205,0.0,405.98839499225,-405.98839499225,0.0
74,0.0,406.09439120575,-406.09439120575,0.0
51,0.0,406.16662489575,-406.16662489575,0.0
2300,0.0,406.188986908,-406.188986908,0.0
4202,0.0,406.24975185725,-406.24975185725,0.0
7002,35.869452270507814,442.1704838485,-406.3010315779922,0.08112131745473172
6609,488.534287109375,894.86131094525,-406.327023835875,0.5459329625586326
7438,0.0,406.36538652775,-406.36538652775,0.0
1869,0.0,406.369337299,-406.369337299,0.0
8478,0.0,406.3802400375,-406.3802400375,0.0
2237,0.0,406.47599888425003,-406.47599888425003,0.0
6501,0.0,406.5368088555,-406.5368088555,0.0
3052,0.0,406.54179681075,-406.54179681075,0.0
1254,0.0,406.56539634825003,-406.56539634825003,0.0
869,0.0,406.80497616524997,-406.80497616524997,0.0
8117,0.0,406.8125672685,-406.8125672685,0.0
2037,0.0,406.8668775925,-406.8668775925,0.0
7647,142.06491552734374,548.95158846475,-406.8866729374063,0.25879315818333415
2612,0.0,406.95454288425003,-406.95454288425003,0.0
6603,0.0,406.99041027725,-406.99041027725,0.0
1790,190.8784931640625,597.952551943,-407.0740587789375,0.3192201324747217
2192,207.997912109375,615.10090227125,-407.102990161875,0.3381525063663435
6616,750.281078125,1157.38925175625,-407.1081736312499,0.6482530197496241
4854,0.8704415588378906,407.99571730574996,-407.12527574691205,0.002133457582477829
7341,0.0,407.12944270425,-407.12944270425,0.0
4617,397.799193359375,804.98022127175,-407.181027912375,0.4941726297780812
52,0.0,407.2211872185,-407.2211872185,0.0
1422,0.0,407.33706687,-407.33706687,0.0
2731,73.23295703125,480.570568521,-407.33761148975,0.15238751949426205
120,0.0,407.3382682795,-407.3382682795,0.0
411,0.0,407.37275739675,-407.37275739675,0.0
2636,0.0,407.43282021,-407.43282021,0.0
8585,72.72585302734375,480.3277533355,-407.60190030815625,0.15140880861226705
5585,283.994583984375,691.6481082277501,-407.65352424337505,0.4106055958158624
3990,3.070474884033203,410.7408892795,-407.67041439546676,0.007475454615545615
1294,0.0,407.69351760875,-407.69351760875,0.0
6671,0.0,407.77768552325,-407.77768552325,0.0
226,243.99283984375,651.91846368375,-407.92562384,0.37426895089114026
4579,162.4002607421875,570.33534714325,-407.93508640106256,0.28474521397084745
181,247.92242578125,655.9084763065,-407.98605052525,0.3779832619321341
4543,106.6211416015625,514.65308558375,-408.0319439821875,0.20717089701979655
3020,0.5184350109100342,408.5799690275,-408.06153401659,0.0012688703532753704
1365,0.0,408.08224723474996,-408.08224723474996,0.0
6043,7.352394531249999,415.46284284924997,-408.11044831799995,0.017696876243204564
1209,193.10316796875,601.247684759,-408.14451679025,0.3211707463372294
4686,1.1455960273742676,409.32443015225,-408.1788341248757,0.0027987482304669916
7649,59.817289550781254,468.05671661025,-408.23942705946877,0.12779923308480534
1438,0.0,408.31365709325,-408.31365709325,0.0
3794,0.0,408.330130849,-408.330130849,0.0
7268,0.0,408.3499644315,-408.3499644315,0.0
5525,0.0,408.35591607699996,-408.35591607699996,0.0
4967,0.0,408.374906871,-408.374906871,0.0
5070,0.1162169508934021,408.6155440765,-408.4993271256066,0.00028441637204880264
8037,0.0,408.6168092915,-408.6168092915,0.0
2045,0.0,408.636272839,-408.636272839,0.0
6627,0.0,408.67003320025,-408.67003320025,0.0
8670,0.0,408.789921192,-408.789921192,0.0
2372,0.0,408.79706848349997,-408.79706848349997,0.0
2253,0.0,408.84029296875,-408.84029296875,0.0
7257,252.8898427734375,661.74418360075,-408.8543408273125,0.38215650195099704
1542,0.0,408.919603483,-408.919603483,0.0
5562,155.58972265625,564.5414616205,-408.95173896424996,0.275603711964805
5778,308.8130458984375,717.7951440085001,-408.98209811006257,0.4302244840270974
2204,0.0,409.00632419375,-409.00632419375,0.0
7943,0.0,409.05084851525,-409.05084851525,0.0
2373,0.0,409.06201980825,-409.06201980825,0.0
5138,0.0,409.09813580275,-409.09813580275,0.0
4232,296.12855859375,705.3301247185,-409.20156612475,0.4198439110935353
622,0.0,409.3211080915,-409.3211080915,0.0
238,0.0,409.420131689,-409.420131689,0.0
8742,0.0,409.420349922,-409.420349922,0.0
1589,0.0,409.4327844545,-409.4327844545,0.0
7292,0.0,409.524930896,-409.524930896,0.0
3382,0.0,409.63191491775,-409.63191491775,0.0
1230,0.0,409.739939631,-409.739939631,0.0
2301,0.0,410.0011065475,-410.0011065475,0.0
981,0.0,410.041584255,-410.041584255,0.0
1781,0.0,410.06573558125,-410.06573558125,0.0
4131,0.0,410.14897607150004,-410.14897607150004,0.0
6423,622.01828125,1032.1757658029999,-410.1574845529999,0.602628255046718
8507,271.038111328125,681.20395197775,-410.16584064962495,0.3978810019280347
8470,0.0,410.26831831325,-410.26831831325,0.0
1024,160.412892578125,570.69489600975,-410.28200343162496,0.2810834535557174
2588,0.0,410.320548012,-410.320548012,0.0
3266,0.0,410.33260506,-410.33260506,0.0
5975,0.0,410.36180644125,-410.36180644125,0.0
725,0.0,410.36872820350004,-410.36872820350004,0.0
7157,0.0,410.44076669550003,-410.44076669550003,0.0
3701,0.0,410.538163442,-410.538163442,0.0
1630,0.0,410.53894878825,-410.53894878825,0.0
3750,4.212417938232422,414.76730430925,-410.5548863710176,0.010156099297874137
5069,0.0,410.58185650925,-410.58185650925,0.0
7769,68.68277954101562,479.30186071625,-410.6190811752344,0.14329754383820084
510,0.0,410.64085004275,-410.64085004275,0.0
7998,0.0,410.7020006835,-410.7020006835,0.0
2069,0.0,410.7081481585,-410.7081481585,0.0
8070,0.0,410.745244303,-410.745244303,0.0
2952,0.0,410.76366143525,-410.76366143525,0.0
7849,0.0,410.80603714874997,-410.80603714874997,0.0
813,0.0,410.81099702225004,-410.81099702225004,0.0
3409,0.0,410.81537303775,-410.81537303775,0.0
1461,0.0,410.81657590375,-410.81657590375,0.0
1877,0.0,410.82984907450003,-410.82984907450003,0.0
4587,0.0,410.85033722575,-410.85033722575,0.0
6672,0.0,410.93232013725,-410.93232013725,0.0
1374,0.0,410.9385276025,-410.9385276025,0.0
701,0.0,411.1560241865,-411.1560241865,0.0
2621,0.0,411.20363019125,-411.20363019125,0.0
2898,321.983251953125,733.2397523547501,-411.2565004016251,0.4391241070604442
127,0.0,411.26847592974997,-411.26847592974997,0.0
4225,0.0,411.457358819,-411.457358819,0.0
340,0.0,411.459211741,-411.459211741,0.0
2734,0.0,411.47291077225,-411.47291077225,0.0
464,0.8898335113525391,412.53907951125,-411.64924599989746,0.0021569677962383327
7172,0.0,411.74087952675,-411.74087952675,0.0
8216,0.48397332763671874,412.24395702375,-411.7599836961133,0.0011739973824160604
437,0.0,411.82499905275,-411.82499905275,0.0
6933,0.0,412.009492059,-412.009492059,0.0
7316,0.0,412.037317843,-412.037317843,0.0
4735,92.01081201171874,504.06894685675,-412.0581348450313,0.18253616375882578
5064,0.0,412.28374398375,-412.28374398375,0.0
3194,0.0,412.323929782,-412.323929782,0.0
5017,0.0,412.3802075505,-412.3802075505,0.0
3821,0.0,412.38063674974995,-412.38063674974995,0.0
7462,0.0,412.40874226275,-412.40874226275,0.0
8446,0.0,412.42862284625,-412.42862284625,0.0
96,0.0,412.431726411,-412.431726411,0.0
1717,189.92549121093748,602.4048688625,-412.4793776515626,0.315278811166132
2975,0.0,412.50840745625,-412.50840745625,0.0
2469,0.0,412.51602602475,-412.51602602475,0.0
7148,0.0,412.53086501974997,-412.53086501974997,0.0
4746,401.628021484375,814.20298012125,-412.574958636875,0.4932775128522467
880,126.83720751953125,539.47529006825,-412.6380825487188,0.23511217217821534
7266,5.0155224609375,417.70765540125,-412.6921329403125,0.012007255275492458
793,0.0,412.7031922345,-412.7031922345,0.0
1613,0.0,412.72131864525,-412.72131864525,0.0
3568,923.43338671875,1336.213771081,-412.78038436225006,0.691082075348324
222,0.0,412.80449584900003,-412.80449584900003,0.0
3059,669.46444140625,1082.32770913825,-412.86326773199994,0.618541348553976
6045,0.0,412.9925662225,-412.9925662225,0.0
1222,0.0,412.995533657,-412.995533657,0.0
4399,107.44650439453125,520.56499799575,-413.11849360121874,0.2064036279846169
1748,0.0,413.122009675,-413.122009675,0.0
173,0.0,413.16133087225,-413.16133087225,0.0
3090,242.160423828125,655.34145544325,-413.181031615125,0.3695179382400252
7486,0.0,413.32753931499997,-413.32753931499997,0.0
5035,87.59319287109375,500.94310536575,-413.3499124946562,0.1748565690554487
3141,0.0,413.3597730445,-413.3597730445,0.0
4409,724.723890625,1138.0889313315001,-413.36504070650017,0.6367902103575714
3195,0.0,413.39538177175,-413.39538177175,0.0
6524,0.0,413.53326795425,-413.53326795425,0.0
3937,0.0,413.533663437,-413.533663437,0.0
1964,0.0,413.5599388655,-413.5599388655,0.0
5984,217.0503876953125,630.63120407425,-413.5808163789375,0.3441795869739068
824,1.9020739288330075,415.49442583175,-413.59235190291696,0.004577856659442587
454,0.0,413.622753639,-413.622753639,0.0
5393,664.5350078125,1078.1940574105001,-413.65904959800014,0.6163408178970802
1701,0.0,413.780832875,-413.780832875,0.0
3189,0.0,413.8397833615,-413.8397833615,0.0
7905,199.25588378906252,613.122456506,-413.8665727169375,0.32498545983713634
75,0.0,413.9822292655,-413.9822292655,0.0
7314,3.211411834716797,417.24720040075,-414.0357885660332,0.007696664768357208
2060,0.0,414.07031097749996,-414.07031097749996,0.0
3647,0.0,414.1252652755,-414.1252652755,0.0
6123,0.0,414.14610494149997,-414.14610494149997,0.0
4205,0.0,414.1785315185,-414.1785315185,0.0
7750,0.0,414.2064366525,-414.2064366525,0.0
412,0.0,414.2098707475,-414.2098707475,0.0
1893,0.0,414.40165562825,-414.40165562825,0.0
4226,0.0,414.426670972,-414.426670972,0.0
179,296.4317373046875,710.87910289925,-414.44736559456254,0.41699317883832404
2994,171.2124541015625,585.829353224,-414.6168991224375,0.29225652976770616
214,0.0,414.65319703525,-414.65319703525,0.0
4129,0.0,414.72494894775,-414.72494894775,0.0
4586,0.0,414.7466192555,-414.7466192555,0.0
742,0.0,414.8009902725,-414.8009902725,0.0
3098,0.0,414.81574025325,-414.81574025325,0.0
5590,0.0,414.8429500575,-414.8429500575,0.0
3100,0.0,414.99786847974997,-414.99786847974997,0.0
7925,0.0,415.03813887449996,-415.03813887449996,0.0
3293,0.0,415.13196333725,-415.13196333725,0.0
7413,0.0,415.17388870225,-415.17388870225,0.0
7061,0.0,415.20797739324996,-415.20797739324996,0.0
3050,0.0,415.22823796874997,-415.22823796874997,0.0
1198,0.0,415.29760885575,-415.29760885575,0.0
2381,0.0,415.4592762785,-415.4592762785,0.0
2096,207.3678271484375,622.9328633074999,-415.5650361590624,0.33288952795734017
1126,0.0,415.6293073235,-415.6293073235,0.0
1434,28.285015258789063,444.018485232,-415.7334699732109,0.06370233703290029
1266,77.40288598632813,493.1648600505,-415.7619740641719,0.15695134041271866
5787,0.0,415.77061811875,-415.77061811875,0.0
7457,106.49793359375,522.3009842077499,-415.8030506139999,0.20390146028805498
1270,0.0,415.86440664175,-415.86440664175,0.0
1246,0.0,415.89328765325,-415.89328765325,0.0
5408,265.991068359375,681.89699668625,-415.90592832687497,0.3900751422310281
24,0.0,415.9518219365,-415.9518219365,0.0
1446,0.0,416.04736402525,-416.04736402525,0.0
8422,0.0,416.06194500050003,-416.06194500050003,0.0
6836,0.0,416.0663390385,-416.0663390385,0.0
1414,0.0,416.1786531185,-416.1786531185,0.0
4755,0.0,416.19601727025,-416.19601727025,0.0
5889,527.75621875,943.96411296275,-416.20789421275003,0.5590850445940002
4588,0.0,416.23749843,-416.23749843,0.0
8528,0.9278119659423828,417.2821701175,-416.3543581515576,0.0022234641932044725
5648,188.4871591796875,604.90408527825,-416.4169260985625,0.3115984227175236
396,303.429771484375,719.94877247125,-416.51900098687497,0.4214602242064824
2776,271.19718359375,687.7631680537501,-416.56598446000004,0.39431768928085104
1101,0.0,416.57690282,-416.57690282,0.0
526,0.0,416.57807124375,-416.57807124375,0.0
1389,0.0,416.73162796549997,-416.73162796549997,0.0
6022,0.0,416.7789808685,-416.7789808685,0.0
8502,0.0,416.9733456495,-416.9733456495,0.0
4875,0.0,417.00417857975003,-417.00417857975003,0.0
3311,0.0,417.04555693825,-417.04555693825,0.0
6076,0.0,417.14732845275,-417.14732845275,0.0
7745,70.85840283203125,488.00848768975,-417.15008485771875,0.14519911942982466
4224,0.0,417.16497244174997,-417.16497244174997,0.0
7822,0.0,417.180330333,-417.180330333,0.0
1868,0.0,417.18159170375003,-417.18159170375003,0.0
3307,133.9740888671875,551.2396682815,-417.2655794143125,0.2430414506303815
5523,0.0,417.2728628275,-417.2728628275,0.0
4468,0.0,417.295814397,-417.295814397,0.0
1725,0.0,417.383918494,-417.383918494,0.0
8151,145.60697021484376,562.99939550025,-417.39242528540626,0.2586272225511686
5682,316.9188388671875,734.32401980925,-417.4051809420625,0.4315790167369606
522,35.73627221679688,453.1981038535,-417.46183163670315,0.07885353410369825
4134,3.3045916290283204,420.789252159,-417.4846605299717,0.007853317555568947
3224,386.321630859375,803.86522116025,-417.54359030087505,0.48058010249678645
2357,0.0,417.82979796475,-417.82979796475,0.0
945,232.5304482421875,650.4132745685,-417.8828263263125,0.3575118420498752
8014,0.0,417.92159201325,-417.92159201325,0.0
4779,0.0,417.95465756775,-417.95465756775,0.0
1629,0.0,417.9638302085,-417.9638302085,0.0
4181,0.0,417.9721788725,-417.9721788725,0.0
8638,0.0,417.97788647925,-417.97788647925,0.0
6065,352.807353515625,770.8063689427499,-417.99901542712496,0.45771203673606
7437,0.0,418.01601546375,-418.01601546375,0.0
7340,0.0,418.05103964275,-418.05103964275,0.0
4141,491.341814453125,909.453877264,-418.112062810875,0.5402602882853355
8646,0.0,418.213273534,-418.213273534,0.0
3414,2.529068359375,420.85658682400003,-418.32751846462503,0.006009335323586862
7774,0.0,418.353342009,-418.353342009,0.0
8758,0.0,418.62610138125,-418.62610138125,0.0
598,0.0,418.66788315499997,-418.66788315499997,0.0
2229,0.0,418.83572974325,-418.83572974325,0.0
8086,0.0,418.86976233425,-418.86976233425,0.0
7960,114.8991357421875,533.776478257,-418.87734251481254,0.21525702275627331
8662,0.0,418.97008218125,-418.97008218125,0.0
1796,0.0,419.01059633175004,-419.01059633175004,0.0
7767,159.06631738281249,578.1540210745001,-419.0877036916876,0.2751279266588159
389,0.0,419.0949921055,-419.0949921055,0.0
4544,274.146978515625,693.32283853175,-419.175860016125,0.3954102805855579
6760,645.7090078125,1064.8916178435,-419.18261003099997,0.6063612450192413
5811,0.0,419.18876961275,-419.18876961275,0.0
3796,0.0,419.19607306975,-419.19607306975,0.0
2637,0.0,419.20415051575003,-419.20415051575003,0.0
593,56.75292553710938,475.9596923305,-419.2067667933906,0.11923893206162924
5264,261.76373046875,680.99960871025,-419.23587824149996,0.38438161598965465
7678,0.0,419.2865603785,-419.2865603785,0.0
4782,0.8673426895141602,420.22032196600003,-419.3529792764859,0.0020640189017805707
6812,0.0,419.3776802615,-419.3776802615,0.0
6693,0.0,419.41132211475,-419.41132211475,0.0
47,0.0,419.45327310375,-419.45327310375,0.0
8202,0.055978984892368314,419.57591002875,-419.51993104385764,0.0001334180142876042
7949,0.0,419.5480089985,-419.5480089985,0.0
4180,0.0,419.60939704175,-419.60939704175,0.0
3021,0.0,419.654039484,-419.654039484,0.0
7338,5.982036926269531,425.83700288525,-419.8549659589805,0.014047715139104038
4467,0.0,419.9074464175,-419.9074464175,0.0
8326,0.0,419.941620683,-419.941620683,0.0
6908,0.0,420.01176413625,-420.01176413625,0.0
7990,0.0,420.07034311975,-420.07034311975,0.0
1627,0.02444728469848633,420.10473831575,-420.0802910310515,5.819330850279171e-05
237,0.0,420.08934201075,-420.08934201075,0.0
2261,0.0,420.10139599900003,-420.10139599900003,0.0
1917,0.0,420.17317691525,-420.17317691525,0.0
5788,0.0,420.21438698875,-420.21438698875,0.0
8686,0.0,420.22943501925,-420.22943501925,0.0
4151,0.0,420.231274269,-420.231274269,0.0
1534,0.0,420.28832005350006,-420.28832005350006,0.0
845,0.0,420.44896520925,-420.44896520925,0.0
6124,0.0,420.5890918305,-420.5890918305,0.0
6829,238.59671972656253,659.287782524,-420.6910627974375,0.3619007142089368
4923,0.0,420.7086768735,-420.7086768735,0.0
8192,1.604612907409668,422.32771457425,-420.72310166684036,0.0037994496885619595
5139,0.0,420.7606367445,-420.7606367445,0.0
7170,13.360900207519531,434.18718554475,-420.82628533723044,0.03077221212778115
8494,0.0,420.891378696,-420.891378696,0.0
3366,1.9835805358886718,422.92712398,-420.9435434441113,0.004690123708623499
1014,0.0,421.23408094175,-421.23408094175,0.0
6499,0.11060286760330201,421.46488941350003,-421.35428654589674,0.0002624248665049877
5137,0.0,421.4208234175,-421.4208234175,0.0
2755,34.54830212402344,455.991377362,-421.44307523797653,0.0757652529487003
6478,0.0,421.44646168825,-421.44646168825,0.0
3938,0.0,421.47393653425,-421.47393653425,0.0
3389,0.0,421.50013567175,-421.50013567175,0.0
7474,206.459017578125,627.96806416075,-421.50904658262505,0.3287731160744213
5659,60.61367700195312,482.13063669125,-421.51695968929687,0.12572044226894644
3793,0.0,421.586699356,-421.586699356,0.0
1293,0.0,421.6271220705,-421.6271220705,0.0
2053,200.40446874999998,622.10081171875,-421.69634296875006,0.32214146751260114
1054,0.0,421.74451576075,-421.74451576075,0.0
2589,0.0,421.77235172499996,-421.77235172499996,0.0
2,0.0,421.77896929099995,-421.77896929099995,0.0
3267,0.0,421.89308325625,-421.89308325625,0.0
7673,57.217935302734375,479.1507778235,-421.93284252076563,0.11941530272209194
2081,96.39144921875,518.33280037925,-421.9413511605,0.18596440156258412
3118,0.0,422.021540385,-422.021540385,0.0
71,0.0,422.081714314,-422.081714314,0.0
6673,0.0,422.181836862,-422.181836862,0.0
7566,0.0,422.24578462275,-422.24578462275,0.0
8614,0.0,422.3822027915,-422.3822027915,0.0
1437,0.0,422.43031478175,-422.43031478175,0.0
5622,0.0,422.460920693,-422.460920693,0.0
76,0.0,422.52743128550003,-422.52743128550003,0.0
307,0.0,422.63709470425,-422.63709470425,0.0
8334,0.0,422.76531458925,-422.76531458925,0.0
5384,261.49674609375,684.3327287945,-422.83598270075,0.38211930353276474
1892,0.0,422.94974981625,-422.94974981625,0.0
4675,178.0467783203125,601.14707152925,-423.10029320893744,0.2961784003558452
4780,0.0,423.11718311525004,-423.11718311525004,0.0
621,0.0,423.13465744625,-423.13465744625,0.0
2228,0.0,423.16856870525004,-423.16856870525004,0.0
4876,0.0,423.25292977075003,-423.25292977075003,0.0
365,0.0,423.33738203825,-423.33738203825,0.0
3049,0.0,423.44770056625,-423.44770056625,0.0
1077,0.0,423.586076261,-423.586076261,0.0
2240,182.45113671874998,606.050571092,-423.59943437325006,0.30104935977364844
4568,327.420033203125,751.02409475175,-423.604061548625,0.43596475140439866
7461,0.0,423.65113688175,-423.65113688175,0.0
5810,0.0,423.6580749705,-423.6580749705,0.0
5754,294.1869150390625,718.03003097775,-423.8431159386875,0.409713942227111
5539,82.4467216796875,506.2949395855,-423.8482179058125,0.16284326599105012
6175,6.022444702148437,429.89035531925003,-423.8679106171016,0.014009257508619201
8094,0.0,423.94212047525,-423.94212047525,0.0
7734,0.0,423.96519285075,-423.96519285075,0.0
6500,0.0,423.99809491524996,-423.99809491524996,0.0
574,0.0,424.00426137075,-424.00426137075,0.0
5090,0.0,424.0325430305,-424.0325430305,0.0
6160,813.589546875,1237.6505746717498,-424.06102779674984,0.6573661119443299
185,57.600697998046876,481.672320285,-424.07162228695313,0.11958482032843486
6205,176.671923828125,600.7668216965,-424.09489786837497,0.2940773643843137
1357,230.100634765625,654.20132461625,-424.100689850625,0.3517275581012816
6172,0.0,424.1662786465,-424.1662786465,0.0
1221,0.0,424.171303507,-424.171303507,0.0
2613,0.0,424.2458311045,-424.2458311045,0.0
7614,0.0,424.26869727575,-424.26869727575,0.0
3408,0.0,424.37525263900005,-424.37525263900005,0.0
8175,141.3215791015625,565.7527980515,-424.4312189499375,0.24979386639976325
4873,0.0,424.433053829,-424.433053829,0.0
4922,0.0,424.51800513375,-424.51800513375,0.0
8469,0.0,424.52099235950004,-424.52099235950004,0.0
2951,0.0,424.80090035275003,-424.80090035275003,0.0
420,265.941431640625,690.7458608652499,-424.8044292246249,0.38500618870519504
270,0.0,424.84007750325003,-424.84007750325003,0.0
4778,0.0,424.8584813325,-424.8584813325,0.0
1518,0.0,424.86013632649997,-424.86013632649997,0.0
97,0.0,424.89221251550003,-424.89221251550003,0.0
4132,0.0,424.92057810325,-424.92057810325,0.0
894,0.0,424.96622487474997,-424.96622487474997,0.0
6171,0.0,424.99418606275003,-424.99418606275003,0.0
8406,0.0,425.03572020525,-425.03572020525,0.0
5786,0.0,425.06248868075,-425.06248868075,0.0
2036,0.0,425.06469933675,-425.06469933675,0.0
2541,0.0,425.11066833924997,-425.11066833924997,0.0
7098,22.52424011230469,447.773494171,-425.24925405869527,0.0503027543059531
7147,0.0,425.333638622,-425.333638622,0.0
1558,0.0,425.333641231,-425.333641231,0.0
4585,0.0,425.39534688950005,-425.39534688950005,0.0
4830,1.1590318756103515,426.5815150305,-425.4224831548896,0.002717023199681916
881,57.57904614257812,483.02912405575,-425.45007791317187,0.1192040876125896
1700,0.0,425.45318484,-425.45318484,0.0
7648,88.96480517578125,514.464458284,-425.49965310821875,0.1729270187091194
5825,586.021818359375,1011.57118797725,-425.5493696178751,0.5793184154956734
7798,0.0,425.58458080325,-425.58458080325,0.0
8350,0.0,425.6680941665,-425.6680941665,0.0
7510,0.0,425.86638387725,-425.86638387725,0.0
8454,0.0,425.873819248,-425.873819248,0.0
5083,101.70142041015626,527.6190793415,-425.9176589313437,0.19275538773982606
407,0.0,425.936987031,-425.936987031,0.0
3268,0.0,425.9650244955,-425.9650244955,0.0
1431,149.333337890625,575.375645334,-426.04230744337497,0.2595405955085183
6297,508.847681640625,934.904812892,-426.057131251375,0.5442775286633693
3196,0.0,426.06009111075,-426.06009111075,0.0
3930,401.568744140625,827.70808933,-426.13934518937504,0.48515744721127835
1949,0.0,426.16698667925,-426.16698667925,0.0
3126,1.5008385696411133,427.68136599850004,-426.1805274288589,0.003509244698159546
4874,0.0,426.25088921975004,-426.25088921975004,0.0
7485,0.0,426.28564214225,-426.28564214225,0.0
7005,0.0,426.423710897,-426.423710897,0.0
550,0.0,426.425447177,-426.425447177,0.0
8421,0.0,426.42618912925,-426.42618912925,0.0
6173,0.0,426.48559076600003,-426.48559076600003,0.0
4512,0.0,426.55482833425,-426.55482833425,0.0
25,0.0,426.568496627,-426.568496627,0.0
3642,430.549822265625,857.18325475325,-426.63343248762504,0.5022844524503447
934,0.0,426.75540014175004,-426.75540014175004,0.0
4200,0.0,426.78588965399996,-426.78588965399996,0.0
546,39.30302270507813,466.19001023025,-426.88698752517183,0.08430687436086329
2029,198.1289013671875,625.0450858265,-426.9161844593125,0.31698337534838367
26,0.0,426.94395254925,-426.94395254925,0.0
5091,0.0,426.98450825425,-426.98450825425,0.0
1062,0.0,427.000133174,-427.000133174,0.0
6981,0.0,427.03565574325,-427.03565574325,0.0
5063,0.0,427.06549111375006,-427.06549111375006,0.0
4879,79.78069628906249,506.88612164375,-427.10542535468755,0.15739372755551645
6835,0.0,427.17902958999997,-427.17902958999997,0.0
401,86.7881298828125,513.98858371125,-427.20045382843756,0.1688522517121048
4171,141.6678740234375,568.88059125975,-427.21271723631247,0.2490291916282357
8203,0.0,427.23655432825,-427.23655432825,0.0
7606,0.0,427.27835909025,-427.27835909025,0.0
5443,98.34295556640626,525.71952952175,-427.37657395534376,0.18706353836389883
5089,0.0,427.39782469775,-427.39782469775,0.0
453,0.0,427.4124227355,-427.4124227355,0.0
6724,0.0,427.53289731625,-427.53289731625,0.0
8590,0.0,427.5379795275,-427.5379795275,0.0
8302,0.0,427.54613256075,-427.54613256075,0.0
6194,0.0,427.59729869650005,-427.59729869650005,0.0
7749,0.0,427.634398506,-427.634398506,0.0
262,0.0,427.6805759875,-427.6805759875,0.0
8445,0.0,427.72284465875003,-427.72284465875003,0.0
5136,0.0,427.83185275525,-427.83185275525,0.0
7124,0.0,427.83820336524997,-427.83820336524997,0.0
6056,145.6722705078125,573.534066415,-427.86179590718746,0.25399061500283365
2883,0.0,427.89329157775,-427.89329157775,0.0
3312,0.0,427.92369913325,-427.92369913325,0.0
5045,0.0,428.02439969575005,-428.02439969575005,0.0
1197,0.0,428.11699506025,-428.11699506025,0.0
113,80.56773779296876,508.715649457,-428.1479116640312,0.15837479684493977
5598,0.0,428.17960014325,-428.17960014325,0.0
8152,103.28459375,531.535395336,-428.25080158599997,0.19431367028793434
6661,451.073423828125,879.36802837925,-428.29460455112496,0.5129518117079374
4146,189.0283330078125,617.32386891925,-428.29553591143747,0.30620609734812076
27,0.0,428.29786090775,-428.29786090775,0.0
8174,171.76743164062498,600.111081318,-428.34364967737497,0.28622606164370934
7902,0.0,428.39492664325,-428.39492664325,0.0
7958,173.25430566406249,601.6785304945,-428.42422483043754,0.2879516163452247
4921,0.0,428.47456276475,-428.47456276475,0.0
3265,0.0,428.51251486225,-428.51251486225,0.0
8508,242.430162109375,670.964839853,-428.5346777436249,0.3613157461442729
5039,0.0,428.71176202124997,-428.71176202124997,0.0
3951,627.151431640625,1055.92366859425,-428.7722369536251,0.593936332426012
7267,0.0,428.79603160625,-428.79603160625,0.0
1685,0.0,428.88854981125,-428.88854981125,0.0
8204,0.0,428.91592254975,-428.91592254975,0.0
1413,0.0,428.9226004505,-428.9226004505,0.0
7961,53.16111401367188,482.25780247575,-429.09668846207813,0.11023380779020416
1125,0.0,429.12331845625,-429.12331845625,0.0
119,0.0,429.2226539745,-429.2226539745,0.0
741,0.0,429.248738211,-429.248738211,0.0
1030,0.0,429.412797039,-429.412797039,0.0
53,0.0,429.45855856574997,-429.45855856574997,0.0
5946,275.4099580078125,704.88930381825,-429.4793458104375,0.3907137704108374
3507,0.0,429.51921067499995,-429.51921067499995,0.0
7171,0.0,429.552015521,-429.552015521,0.0
308,0.0,429.631231486,-429.631231486,0.0
3843,0.0,429.63404528350003,-429.63404528350003,0.0
1916,0.0,429.7107000555,-429.7107000555,0.0
4915,132.1018203125,562.024500009,-429.92267969650004,0.23504637266762962
5105,366.69543359375,796.72523892275,-430.029805329,0.4602533159729
7782,0.0,430.14300760225,-430.14300760225,0.0
2751,284.348384765625,714.5004367937499,-430.15205202812496,0.3979681043214503
3,0.0,430.311664157,-430.311664157,0.0
7821,0.0,430.326606618,-430.326606618,0.0
5809,0.0,430.333421885,-430.333421885,0.0
213,0.0,430.496183572,-430.496183572,0.0
4771,159.79619091796874,590.29751573225,-430.50132481428125,0.2707044945785362
3860,6.178261718750001,436.6986215975,-430.52035987875,0.014147655612013305
7315,0.0,430.625269464,-430.625269464,0.0
1628,0.0,430.66235365875,-430.66235365875,0.0
7830,0.0,430.68202649675,-430.68202649675,0.0
6604,0.0,430.73110956575005,-430.73110956575005,0.0
2120,200.692974609375,631.436743027,-430.743768417625,0.3178354387954234
3246,2.267754638671875,433.04077687424996,-430.7730222355781,0.005236815456050203
5087,0.0,430.77683619825,-430.77683619825,0.0
3506,0.0,430.9049595515,-430.9049595515,0.0
5785,0.0,430.9095285875,-430.9095285875,0.0
7978,229.636017578125,660.5806706655001,-430.94465308737506,0.3476275153482032
694,0.0,431.038835303,-431.038835303,0.0
5643,0.0,431.102142132,-431.102142132,0.0
597,0.0,431.1239983075,-431.1239983075,0.0
2420,0.0,431.174649316,-431.174649316,0.0
5707,50.40250439453125,481.61275583775,-431.21025144321874,0.10465359083399714
1724,0.0,431.2334234635,-431.2334234635,0.0
4777,0.0,431.2336783575,-431.2336783575,0.0
618,16.64747869873047,447.987205369,-431.3397266702695,0.03716061187028231
3380,0.9354108734130859,432.349728276,-431.4143174025869,0.0021635514262481376
3842,0.0,431.41825871075,-431.41825871075,0.0
2021,0.0,431.42431543099997,-431.42431543099997,0.0
1533,0.0,431.4364287935,-431.4364287935,0.0
3673,0.0,431.48436429900005,-431.48436429900005,0.0
4924,0.0,431.5208638975,-431.5208638975,0.0
1269,0.0,431.55851901274997,-431.55851901274997,0.0
4906,498.853578125,930.42329531275,-431.56971718775003,0.5361576608216361
5088,0.0,431.71371079725,-431.71371079725,0.0
2772,340.809666015625,772.54555336,-431.735887344375,0.441151546458593
6430,0.0,431.80919007675,-431.80919007675,0.0
6122,0.0,431.91387888675,-431.91387888675,0.0
8182,0.0,431.9548442645,-431.9548442645,0.0
8578,235.7031298828125,667.66624130275,-431.9631114199375,0.3530253814688658
289,0.0,431.96425921975,-431.96425921975,0.0
7339,0.0,431.98365235675,-431.98365235675,0.0
678,0.0,432.01299942725,-432.01299942725,0.0
7677,0.0,432.10763599475,-432.10763599475,0.0
3863,0.0,432.21999192675,-432.21999192675,0.0
6642,114.79944189453124,547.05813630375,-432.2586944092187,0.20984870540512535
3097,0.0,432.30068474725,-432.30068474725,0.0
886,0.0,432.348609087,-432.348609087,0.0
958,0.0,432.4198666185,-432.4198666185,0.0
6465,285.54465625,717.9982126495,-432.45355639950003,0.3976954967598182
8085,0.0,432.51321105475,-432.51321105475,0.0
7806,0.0,432.61106252499997,-432.61106252499997,0.0
4227,0.0,432.62093045,-432.62093045,0.0
7773,0.0,432.68600794025,-432.68600794025,0.0
1025,74.03480322265625,506.83402853625,-432.79922531359375,0.14607307108087758
2882,0.0,432.8108626135,-432.8108626135,0.0
5240,249.555390625,682.3937963155,-432.83840569050005,0.3657058308658978
5859,0.0,432.98446308675,-432.98446308675,0.0
4531,96.764220703125,529.82756804775,-433.06334734462496,0.1826334195425838
3508,0.0,433.06714841275,-433.06714841275,0.0
5641,0.0,433.106525236,-433.106525236,0.0
3844,0.0,433.13422634925,-433.13422634925,0.0
6333,0.0,433.1804431465,-433.1804431465,0.0
98,0.0,433.1886332955,-433.1886332955,0.0
1245,0.0,433.24047421349997,-433.24047421349997,0.0
3053,0.0,433.38118445575,-433.38118445575,0.0
2108,0.0,433.38152968225,-433.38152968225,0.0
1757,0.0,433.4363046165,-433.4363046165,0.0
3561,692.65918359375,1126.1278343165,-433.46865072275,0.6150804214861424
2746,288.95969140625,722.481324782,-433.52163337575,0.3999545470514211
1364,0.0,433.575906394,-433.575906394,0.0
8206,0.0,433.60231470275,-433.60231470275,0.0
5490,331.130859375,764.7600295925,-433.6291702175,0.43298661819244844
6789,0.0,433.7042475915,-433.7042475915,0.0
2549,0.0,433.74895983675003,-433.74895983675003,0.0
6670,0.0,433.7821985155,-433.7821985155,0.0
8278,0.0,433.86658070475,-433.86658070475,0.0
5135,0.0,433.895901149,-433.895901149,0.0
7243,0.0,434.01734079175,-434.01734079175,0.0
8325,0.0,434.02341320675,-434.02341320675,0.0
5642,0.0,434.08663712649997,-434.08663712649997,0.0
8637,0.0,434.2750424725,-434.2750424725,0.0
8013,0.0,434.36430348575004,-434.36430348575004,0.0
6485,0.0,434.3893919325,-434.3893919325,0.0
1436,0.0,434.39860558225,-434.39860558225,0.0
8622,0.0,434.41295149275,-434.41295149275,0.0
4754,0.0,434.41994768875,-434.41994768875,0.0
2292,225.395013671875,659.850637852,-434.45562418012497,0.34158489876438475
1582,0.0,434.494958676,-434.494958676,0.0
5640,0.0,434.50238355825,-434.50238355825,0.0
3415,122.91199902343749,557.457233516,-434.5452344925625,0.22048686681795984
6811,0.0,434.57208920200003,-434.57208920200003,0.0
4662,1.965421127319336,436.56301987449996,-434.5975987471806,0.004502033001746938
4047,854.00955078125,1288.7089658215,-434.69941504024996,0.6626861244611325
4756,0.0,434.72880270400003,-434.72880270400003,0.0
8430,0.0,434.7685837715,-434.7685837715,0.0
4223,0.0,434.78680031150003,-434.78680031150003,0.0
525,0.0,434.847348986,-434.847348986,0.0
1261,257.316953125,692.1961222305,-434.8791691055,0.371739951278684
4466,0.0,434.892535158,-434.892535158,0.0
3835,164.65120898437502,599.5570347035,-434.905825719125,0.27462142745298423
65,72.09837768554688,507.05142931375,-434.9530516282031,0.14219144918087365
5046,0.5345251388549804,435.56510342999997,-435.030578291145,0.001227199179682872
8661,0.0,435.187570055,-435.187570055,0.0
28,0.0,435.18903269675,-435.18903269675,0.0
718,0.0,435.22009780474997,-435.22009780474997,0.0
2084,0.0,435.26846740875,-435.26846740875,0.0
4179,0.0,435.39245195625,-435.39245195625,0.0
2998,0.0,435.44210135274994,-435.44210135274994,0.0
6573,0.0,435.44887718575,-435.44887718575,0.0
615,124.03896533203125,559.4927103015,-435.45374496946874,0.2216989834299897
570,17.729327819824217,453.18635114425,-435.4570233244258,0.03912149546414615
7590,0.0,435.55498414075004,-435.55498414075004,0.0
573,0.0,435.64538765025003,-435.64538765025003,0.0
6956,0.0,435.7378044765,-435.7378044765,0.0
7989,0.0,435.7619344455,-435.7619344455,0.0
5860,0.0,435.88375487775,-435.88375487775,0.0
183,127.21534033203125,563.1652142645,-435.9498739324688,0.22589346231599625
3529,0.0,435.95179752499996,-435.95179752499996,0.0
1432,116.89662158203126,552.8939571865,-435.99733560446873,0.21142683845823498
1242,39.09117199707031,475.152142186,-436.0609701889297,0.08227085273141226
95,0.0,436.10589158249996,-436.10589158249996,0.0
7412,0.0,436.124400035,-436.124400035,0.0
5691,0.0,436.13512711149997,-436.13512711149997,0.0
1603,1.6584410858154297,437.82650127175,-436.16806018593456,0.003787895609814111
3939,0.0,436.18818016375,-436.18818016375,0.0
3792,0.0,436.2235687685,-436.2235687685,0.0
341,0.0,436.2919138515,-436.2919138515,0.0
5858,0.0,436.2956143205,-436.2956143205,0.0
5148,425.07384375000004,861.3732809175001,-436.29943716750006,0.4934838967883292
4781,0.0,436.3362818755,-436.3362818755,0.0
8493,0.0,436.404217455,-436.404217455,0.0
7122,17.53334197998047,453.95220347675,-436.4188614967695,0.03862376216498464
6217,0.0,436.4274100045,-436.4274100045,0.0
1053,0.0,436.44296607999996,-436.44296607999996,0.0
1772,0.0,436.460658128,-436.460658128,0.0
2936,307.89010156250004,744.3599240582499,-436.4698224957499,0.413630679457127
310,0.0,436.47548903825,-436.47548903825,0.0
1435,0.10004259204864502,436.62955667275,-436.5295140807014,0.0002291246441992506
8589,0.0,436.5937250935,-436.5937250935,0.0
2884,0.0,436.615406031,-436.615406031,0.0
1733,0.0,436.66641198125,-436.66641198125,0.0
1076,0.0,436.69744022525003,-436.69744022525003,0.0
430,0.0,436.726052017,-436.726052017,0.0
592,89.39489453125,526.1344666855,-436.73957215425,0.16990883513962504
4723,142.58982763671875,579.34753447,-436.7577068332813,0.24612140193371443
5190,0.11598196935653686,437.05248441774995,-436.9365024483934,0.0002653730918511475
1709,0.0,436.99290473625,-436.99290473625,0.0
4469,0.0,437.0360696195,-437.0360696195,0.0
918,0.0,437.042822678,-437.042822678,0.0
549,0.0,437.093520472,-437.093520472,0.0
382,0.0,437.10955670175,-437.10955670175,0.0
4,0.0,437.14761007775,-437.14761007775,0.0
8757,0.0,437.16078633474996,-437.16078633474996,0.0
5092,0.0,437.188283372,-437.188283372,0.0
1430,172.087228515625,609.2987733269999,-437.21154481137495,0.2824348837821046
4973,0.0,437.215713936,-437.215713936,0.0
8685,0.0,437.26428717550004,-437.26428717550004,0.0
537,193.3804501953125,630.6514849184999,-437.2710347231874,0.3066360018381109
4851,0.0,437.39957694075,-437.39957694075,0.0
3845,0.0,437.44108558475,-437.44108558475,0.0
4111,117.4701962890625,554.930251149,-437.4600548599375,0.21168461411889558
7100,0.0,437.56773955525,-437.56773955525,0.0
6121,0.0,437.615088937,-437.615088937,0.0
4852,0.0,437.685274154,-437.685274154,0.0
7797,0.0,437.6940961765,-437.6940961765,0.0
6044,0.0,437.72721608325,-437.72721608325,0.0
4939,101.73199951171875,539.60436380775,-437.87236429603126,0.18853072018415526
800,1.2739440002441405,439.1965818775,-437.9226378772559,0.0029006236612716695
3751,124.595953125,562.60067881425,-438.00472568925005,0.22146427758696804
910,0.0,438.007526852,-438.007526852,0.0
5456,251.87991308593752,689.9109918775,-438.0310787915625,0.3650904474436474
5611,68.40787426757812,506.47494816775003,-438.0670739001719,0.13506664916001737
616,89.87079833984376,527.9833700585,-438.1125717186562,0.17021520613361546
2757,0.0,438.11778239975,-438.11778239975,0.0
5586,164.3340703125,602.5081737915,-438.174103479,0.2727499429686051
5998,0.0,438.23493881125,-438.23493881125,0.0
4807,85.3551259765625,523.7453216965,-438.39019571993754,0.16297066967035065
3048,0.0,438.43252328,-438.43252328,0.0
7630,0.0,438.4334715475,-438.4334715475,0.0
5467,84.79767138671875,523.25347751825,-438.4558061315312,0.16205849529533742
591,119.32185986328125,557.852953434,-438.5310935707188,0.21389482463948895
3509,0.0,438.61700016099996,-438.61700016099996,0.0
5692,0.0,438.61801872875003,-438.61801872875003,0.0
2525,0.0,438.64328948925004,-438.64328948925004,0.0
5839,3.0499387207031248,441.6947340995,-438.64479537879686,0.00690508280569853
7436,0.0,438.664976806,-438.664976806,0.0
8349,0.0,438.74118896775,-438.74118896775,0.0
2953,0.0,438.7594961815,-438.7594961815,0.0
3238,0.0,438.9112448865,-438.9112448865,0.0
1038,0.0,438.929966553,-438.929966553,0.0
5355,0.0,438.93143976375,-438.93143976375,0.0
8121,225.58405078125,664.568165463,-438.98411468175004,0.3394445628984389
8110,0.0,438.98926120825,-438.98926120825,0.0
1029,0.0,438.995092957,-438.995092957,0.0
6099,0.0,439.02899405025,-439.02899405025,0.0
4432,888.7728085937499,1327.814401559,-439.0415929652502,0.6693501794233311
2078,192.694572265625,631.779779355,-439.085207089375,0.3050027529487396
236,0.0,439.1027922475,-439.1027922475,0.0
4128,0.0,439.1196322795,-439.1196322795,0.0
4684,0.0,439.1534333415,-439.1534333415,0.0
3286,0.0,439.20534598775,-439.20534598775,0.0
1264,164.7253681640625,603.9717476155,-439.2463794514375,0.27273687642123445
5356,0.0,439.25072631275,-439.25072631275,0.0
862,0.0,439.26256945,-439.26256945,0.0
766,0.0,439.35267810425,-439.35267810425,0.0
1100,0.0,439.35503159250004,-439.35503159250004,0.0
5522,0.0,439.381665085,-439.381665085,0.0
8613,0.0,439.38331068875,-439.38331068875,0.0
8205,0.0,439.4386229505,-439.4386229505,0.0
558,0.0,439.47368503900003,-439.47368503900003,0.0
1557,0.0,439.48197787175,-439.48197787175,0.0
5881,0.0,439.48687521575,-439.48687521575,0.0
7582,0.0,439.49506779424996,-439.49506779424996,0.0
4977,258.3705048828125,697.93469613025,-439.5641912474375,0.3701929506373214
1789,189.9768759765625,629.5754737977501,-439.5985978211876,0.3017539335336914
2881,0.0,439.623435905,-439.623435905,0.0
7143,114.738333984375,554.3660281365,-439.62769415212495,0.20697215910414907
5861,0.0,439.63980450425,-439.63980450425,0.0
921,214.95576171875,654.6346499,-439.67888818125,0.3283598896319132
6357,0.0,439.7102330175,-439.7102330175,0.0
450,25.263900268554686,465.06653471625,-439.8026344476953,0.054323195345899696
309,0.0,439.843240283,-439.843240283,0.0
6645,0.0,439.8489558745,-439.8489558745,0.0
933,0.0,439.866398446,-439.866398446,0.0
620,0.0,440.0256419845,-440.0256419845,0.0
5332,0.0,440.03133538775,-440.03133538775,0.0
2080,135.18723046875,575.2314391535,-440.04420868475,0.23501363283042281
3075,0.0,440.0454897965,-440.0454897965,0.0
3954,333.617228515625,773.6649103425,-440.04768182687496,0.43121669811380825
5499,0.0,440.0999888295,-440.0999888295,0.0
413,0.0,440.11626435249997,-440.11626435249997,0.0
8420,0.0,440.1692684335,-440.1692684335,0.0
5812,0.0,440.1887628475,-440.1887628475,0.0
6597,0.0,440.26611290475,-440.26611290475,0.0
6930,57.28967333984375,497.64306811374996,-440.3533947739062,0.11512201594984663
3096,0.0,440.47308803625003,-440.47308803625003,0.0
5875,23.043362304687502,463.557711732,-440.5143494273125,0.049709802408162564
4987,72.84392797851562,513.44652600875,-440.60259803023433,0.14187247190645472
606,0.0,440.61850510175,-440.61850510175,0.0
5500,0.0,440.66262090649997,-440.66262090649997,0.0
4447,103.13938232421874,543.96945617275,-440.8300738485313,0.18960509816172355
152,0.5086727104187012,441.38568278549997,-440.8770100750813,0.001152444968436948
5690,0.0,441.01210077675,-441.01210077675,0.0
4683,0.0,441.07307172975004,-441.07307172975004,0.0
4178,0.0,441.106818625,-441.106818625,0.0
3074,0.0,441.11491649100003,-441.11491649100003,0.0
8518,0.0,441.11633062699997,-441.11633062699997,0.0
1606,0.0,441.13977671025,-441.13977671025,0.0
4850,0.0,441.15591311575,-441.15591311575,0.0
1901,0.0,441.15820160575004,-441.15820160575004,0.0
6148,0.0,441.17920016874996,-441.17920016874996,0.0
5639,0.0,441.21635642225,-441.21635642225,0.0
99,0.0,441.22551641375,-441.22551641375,0.0
681,201.564439453125,642.86176165175,-441.297322198625,0.3135424303689939
693,0.0,441.3525172615,-441.3525172615,0.0
6802,306.1980546875,747.61276851025,-441.41471382275,0.409567716303302
8468,0.0,441.56810052125,-441.56810052125,0.0
5331,0.0,441.62352135375,-441.62352135375,0.0
4753,0.0,441.63201298375,-441.63201298375,0.0
139,0.0,441.72449883225,-441.72449883225,0.0
1531,2.402367088317871,444.196151289,-441.7937842006821,0.005408347361718835
740,0.0,441.811860971,-441.811860971,0.0
5667,0.0,441.8446464205,-441.8446464205,0.0
7966,0.0,441.862145475,-441.862145475,0.0
5432,258.780720703125,700.64404762375,-441.863326920625,0.3693469190403297
261,0.0,441.9529814675,-441.9529814675,0.0
4827,0.0,441.96618722425,-441.96618722425,0.0
5095,58.86368701171875,500.85809211024997,-441.9944050985312,0.1175256780741717
4828,0.0,442.01296106475,-442.01296106475,0.0
4584,0.0,442.122674807,-442.122674807,0.0
23,0.0,442.1272465175,-442.1272465175,0.0
1786,266.6421865234375,708.77163643075,-442.12944990731256,0.37620324014374734
7455,196.7212490234375,638.85824042275,-442.1369913993125,0.3079262914184771
4398,3.163051910400391,445.3330358715,-442.1699839610996,0.0071026662037496305
3058,537.739775390625,979.9749651285,-442.235189737875,0.5487280736517441
5668,0.0,442.24237534675,-442.24237534675,0.0
7605,0.0,442.26844047525,-442.26844047525,0.0
4872,0.0,442.31781250625,-442.31781250625,0.0
6216,0.0,442.45669279275,-442.45669279275,0.0
5644,0.0,442.45674447275,-442.45674447275,0.0
3294,1.7977544784545898,444.27379513200003,-442.47604065354545,0.00404650126590057
8444,0.0,442.48717356775,-442.48717356775,0.0
5745,519.02959375,961.5267419857499,-442.49714823574993,0.5397973561695227
8158,0.0,442.49735418000006,-442.49735418000006,0.0
6147,0.0,442.56801224225,-442.56801224225,0.0
5333,0.0,442.6009214125,-442.6009214125,0.0
400,123.47661669921875,566.0965415725,-442.6199248732812,0.21811936200512141
3127,97.964525390625,540.701201189,-442.736675798375,0.1811805207645569
4363,93.20411816406249,535.95824683275,-442.7541286686875,0.1739018263847067
957,0.0,442.7625000135,-442.7625000135,0.0
1579,1.6322353820800781,444.3963190045,-442.76408362241995,0.0036729273142125703
1555,1.5313291549682617,444.3477273045,-442.8163981495317,0.00344624053961379
4963,90.88301416015625,533.7208083335,-442.8377941733438,0.17028193874180989
4951,52.18128198242188,495.02727253225,-442.8459905498281,0.1054109233418275
3101,0.0,442.9510114805,-442.9510114805,0.0
8310,0.0,442.98719238775,-442.98719238775,0.0
6584,165.3860693359375,608.39143838,-443.0053690440625,0.27184154580557424
7509,0.0,443.00683601125,-443.00683601125,0.0
6170,0.0,443.00979811075,-443.00979811075,0.0
4920,0.0,443.039636551,-443.039636551,0.0
190,0.0,443.08740198825,-443.08740198825,0.0
7004,0.0,443.09239763575,-443.09239763575,0.0
4369,0.0,443.16360873975003,-443.16360873975003,0.0
3936,0.0,443.24602009975,-443.24602009975,0.0
2931,0.0,443.30198929274997,-443.30198929274997,0.0
2779,36.5372236328125,479.859172844,-443.32194921118753,0.07614155490687895
4537,0.0,443.50766530275,-443.50766530275,0.0
4347,0.0,443.51880939275,-443.51880939275,0.0
5119,54.063512939453126,497.5846862135,-443.5211732740469,0.10865188244077928
4106,0.0,443.5549693025,-443.5549693025,0.0
513,185.85706591796875,629.44078154625,-443.5837156282813,0.2952733141410524
4615,78.07022509765625,521.8129505935,-443.74272549584373,0.14961342921682425
4829,0.0,443.76704991500003,-443.76704991500003,0.0
5501,0.0,443.86248601,-443.86248601,0.0
7242,7.284139923095703,451.18334674475,-443.8992068216543,0.016144522973876668
8301,0.0,443.9169303375,-443.9169303375,0.0
7846,0.0,443.933441715,-443.933441715,0.0
212,0.0,443.94977000825,-443.94977000825,0.0
5377,0.0,443.96319798175,-443.96319798175,0.0
6453,0.0,443.9698683075,-443.9698683075,0.0
1043,254.2651337890625,698.23902114725,-443.97388735818754,0.3641519962707572
5288,262.08968359375,706.07186932225,-443.9821857285,0.3711940591460367
1940,0.0,443.98935063625,-443.98935063625,0.0
8286,0.0,443.9920010865,-443.9920010865,0.0
6420,691.0160351562499,1135.01114523375,-443.99511007750016,0.6088187216920409
1581,0.0,444.04553074125,-444.04553074125,0.0
4590,2.6077968292236324,446.68832422325005,-444.08052739402643,0.005838068026336447
3483,0.0,444.119991663,-444.119991663,0.0
5545,0.0,444.149325604,-444.149325604,0.0
1566,0.0,444.29618789274997,-444.29618789274997,0.0
3031,70.69914965820313,515.0488803275,-444.3497306692969,0.1372668735363163
4685,0.0,444.40954867725,-444.40954867725,0.0
3095,0.0,444.5184239915,-444.5184239915,0.0
1241,82.73331787109375,527.35222934825,-444.6189114771563,0.15688436136215592
4124,13.56976416015625,458.18909227925,-444.6193281190938,0.029616078512558482
4346,0.0,444.64108446575005,-444.64108446575005,0.0
4465,0.0,444.64636148675004,-444.64636148675004,0.0
3073,0.0,444.75906457675,-444.75906457675,0.0
5808,0.0,444.78672247875,-444.78672247875,0.0
5693,0.0,444.793317569,-444.793317569,0.0
5694,0.0,444.8255723405,-444.8255723405,0.0
4105,0.0,444.827310705,-444.827310705,0.0
4348,0.0,444.863247581,-444.863247581,0.0
4974,0.5336729850769043,445.40585099775,-444.8721780126731,0.0011981723694990882
8277,0.0,444.9133258325,-444.9133258325,0.0
5666,0.0,444.94589404775,-444.94589404775,0.0
7484,0.0,445.05747570725,-445.05747570725,0.0
879,125.43919580078125,570.5072169815,-445.0680211807188,0.2198731091336497
320,0.30632920551300047,445.381282354,-445.074953148487,0.0006877909264757371
5163,0.0,445.12737421575,-445.12737421575,0.0
5669,0.0,445.17038285374997,-445.17038285374997,0.0
5056,451.5912109375,896.82677624225,-445.23556530475,0.5035434070402612
286,0.0,445.3199703685,-445.3199703685,0.0
3258,374.077080078125,819.45451228925,-445.37743221112504,0.4564952343438784
1925,0.0,445.43141296699997,-445.43141296699997,0.0
8134,0.0,445.432543807,-445.432543807,0.0
5209,0.0,445.472514821,-445.472514821,0.0
1196,0.0,445.56380778225,-445.56380778225,0.0
7425,167.83736132812498,613.412818997,-445.57545766887506,0.2736124121581708
1905,226.6326884765625,672.2195640575,-445.58687558093743,0.3371408692295008
429,0.0,445.6500085135,-445.6500085135,0.0
2930,0.0,445.6684676545,-445.6684676545,0.0
5357,0.0,445.680727015,-445.680727015,0.0
100,0.0,445.72782987874996,-445.72782987874996,0.0
3407,0.0,445.73281594049996,-445.73281594049996,0.0
7672,90.84487646484375,536.61632637325,-445.7714499084062,0.16929204690720395
7460,0.0,445.777504668,-445.777504668,0.0
4853,0.0,445.81392724525,-445.81392724525,0.0
4776,0.0,445.91790362175,-445.91790362175,0.0
4049,622.12115234375,1068.116610071,-445.9954577272499,0.5824468469973044
3742,0.0,446.0350449775,-446.0350449775,0.0
8181,0.0,446.046823612,-446.046823612,0.0
5358,0.0,446.0697390335,-446.0697390335,0.0
885,0.0,446.1439200115,-446.1439200115,0.0
5354,0.0,446.23852444875,-446.23852444875,0.0
5880,0.0,446.24174124300004,-446.24174124300004,0.0
421,218.7087373046875,665.0920021117499,-446.38326480706246,0.32883982408662293
7748,0.0,446.417410381,-446.417410381,0.0
2928,0.0,446.42172960224997,-446.42172960224997,0.0
1124,0.0,446.434805707,-446.434805707,0.0
7629,0.0,446.48759788575,-446.48759788575,0.0
5521,0.0,446.64515794125,-446.64515794125,0.0
3987,0.0,446.6890031635,-446.6890031635,0.0
8598,0.0,446.6936197,-446.6936197,0.0
6978,40.87487609863281,487.6923788495,-446.8175027508672,0.08381282502557584
4849,0.0,446.91044172125,-446.91044172125,0.0
3072,0.0,446.9304172685,-446.9304172685,0.0
2929,0.0,446.94731479175005,-446.94731479175005,0.0
2974,0.0,446.97721864625,-446.97721864625,0.0
596,0.0,447.032224865,-447.032224865,0.0
6146,0.0,447.07348447450005,-447.07348447450005,0.0
7638,0.0,447.08173810175,-447.08173810175,0.0
1292,0.0,447.1032834815,-447.1032834815,0.0
8574,0.0,447.12376414,-447.12376414,0.0
3484,0.0,447.1286642635,-447.1286642635,0.0
2880,0.0,447.159544179,-447.159544179,0.0
5823,717.2344960937501,1164.47113660775,-447.2366405139999,0.6159315357246314
1220,0.0,447.25308327175,-447.25308327175,0.0
5330,0.0,447.266228931,-447.266228931,0.0
1412,0.0,447.26907683025,-447.26907683025,0.0
452,0.0,447.2864748215,-447.2864748215,0.0
4826,0.0,447.29431609650004,-447.29431609650004,0.0
140,0.0,447.33410043025,-447.33410043025,0.0
5587,44.3363818359375,491.6867891455,-447.35040730956246,0.0901720012099928
4177,0.0,447.36416377850003,-447.36416377850003,0.0
1605,0.0,447.3845749035,-447.3845749035,0.0
3030,0.528521089553833,447.9349678885,-447.4064467989462,0.0011799058485326528
5835,0.0,447.54582206799995,-447.54582206799995,0.0
3313,0.0,447.5752035755,-447.5752035755,0.0
5498,0.0,447.66958292749996,-447.66958292749996,0.0
5188,0.0,447.77594371525,-447.77594371525,0.0
6098,0.0,447.78835691925,-447.78835691925,0.0
4758,0.8641245841979981,448.74733039225,-447.88320580805197,0.0019256372656680312
7077,0.0,447.88486694625,-447.88486694625,0.0
5164,0.0,447.90365114775,-447.90365114775,0.0
4486,0.0,447.9482970485,-447.9482970485,0.0
7654,0.0,447.96721087025,-447.96721087025,0.0
4595,577.54587890625,1025.526831516,-447.9809526097499,0.5631699343149457
3482,0.0,448.02144708775,-448.02144708775,0.0
1411,0.4020565967559815,448.4956919395,-448.093635342744,0.0008964558703358988
790,0.0,448.104956363,-448.104956363,0.0
5784,0.0,448.11289091425004,-448.11289091425004,0.0
5162,0.0,448.25237061575,-448.25237061575,0.0
774,0.0,448.284790539,-448.284790539,0.0
7676,0.0,448.29017418525,-448.29017418525,0.0
6174,0.0,448.46423421549997,-448.46423421549997,0.0
4660,0.0,448.58091768624996,-448.58091768624996,0.0
5311,30.676158447265625,479.3071281425,-448.6309696952344,0.06400104772517472
4195,164.24568310546874,612.91320978525,-448.6675266797813,0.2679754330878935
594,4.68025259399414,453.45457724825,-448.7743246542559,0.010321326144890902
3247,108.2637275390625,557.09517771525,-448.83145017618745,0.19433614160642326
5647,32.98628076171875,481.88503202825,-448.89875126653124,0.06845259450045
5789,0.0,448.90643610725,-448.90643610725,0.0
381,0.0,448.95785824925,-448.95785824925,0.0
5187,0.0,448.995574287,-448.995574287,0.0
8636,0.0,449.02766227075,-449.02766227075,0.0
7820,0.0,449.09829524525,-449.09829524525,0.0
6691,0.0,449.10865370425,-449.10865370425,0.0
3977,712.2702109375,1161.563662551,-449.2934516135001,0.6131994597351889
2947,100.90650732421875,550.2326453055,-449.32613798128125,0.18338880472060082
3962,0.0,449.373221232,-449.373221232,0.0
77,0.0,449.44930148175,-449.44930148175,0.0
4659,0.0,449.505654167,-449.505654167,0.0
7814,154.6566953125,604.211592171,-449.5548968585,0.25596446188798977
3841,0.0,449.59660575675,-449.59660575675,0.0
5353,0.0,449.68217174825,-449.68217174825,0.0
8254,0.0,449.76207975525,-449.76207975525,0.0
4731,0.0,449.78335099074997,-449.78335099074997,0.0
5200,257.612869140625,707.41015043075,-449.79728129012506,0.36416337625293926
8324,0.0,449.82269981625,-449.82269981625,0.0
5016,0.0,449.8415852535,-449.8415852535,0.0
8012,0.0,449.89655724475,-449.89655724475,0.0
398,195.8346591796875,645.8047505995,-449.97009141981255,0.3032412794960908
4368,0.0,449.97835903975,-449.97835903975,0.0
5480,240.8870556640625,690.866249231,-449.9791935669375,0.34867393736995955
942,0.0,449.9898343465,-449.9898343465,0.0
5689,0.0,450.02930208699996,-450.02930208699996,0.0
717,0.0,450.06551131075,-450.06551131075,0.0
3485,0.0,450.131064798,-450.131064798,0.0
2217,198.7410869140625,648.8851470027499,-450.1440600886874,0.3062808380277803
3940,0.0,450.2517126825,-450.2517126825,0.0
6208,285.548646484375,735.805793976,-450.257147491625,0.38807610436621914
5407,64.18080688476563,514.4604993015,-450.2796924167344,0.12475361441189832
3505,0.0,450.31684705,-450.31684705,0.0
909,0.0,450.32357879324996,-450.32357879324996,0.0
8109,0.0,450.35696222900003,-450.35696222900003,0.0
8004,200.5940537109375,651.01986923875,-450.42581552781246,0.3081227822391553
8084,0.0,450.48464434525005,-450.48464434525005,0.0
6379,0.7752607078552245,451.259930867,-450.48467015914474,0.0017179914570472376
8003,214.8202607421875,665.3051212775,-450.4848605353125,0.32288983437675317
3310,0.0,450.50802697225004,-450.50802697225004,0.0
777,219.4239296875,670.186351727,-450.7624220395,0.32740733796601523
4199,0.0,450.78838740425,-450.78838740425,0.0
3988,0.0,450.79407295699997,-450.79407295699997,0.0
4589,0.0,450.86804957425,-450.86804957425,0.0
7772,0.0,450.88669559275,-450.88669559275,0.0
4349,0.0,450.96304735775,-450.96304735775,0.0
3989,0.0,450.99041793325,-450.99041793325,0.0
4661,0.0,451.0197654345,-451.0197654345,0.0
4990,0.0,451.02643651125,-451.02643651125,0.0
4108,0.0,451.06279853225,-451.06279853225,0.0
4935,594.0355625,1045.23001747625,-451.19445497625,0.5683299867009108
4083,0.0,451.25846620175,-451.25846620175,0.0
5862,0.0,451.35012008424997,-451.35012008424997,0.0
1028,0.0,451.385406282,-451.385406282,0.0
8097,189.248146484375,640.682978366,-451.43483188162503,0.2953850072178429
5208,0.0,451.440427028,-451.440427028,0.0
4374,2.5258248596191404,453.96649802925003,-451.4406731696309,0.005563901444314278
5239,68.77823974609375,520.22341105025,-451.44517130415625,0.13220904356271118
524,0.0,451.4668904345,-451.4668904345,0.0
6907,0.0,451.47161399375,-451.47161399375,0.0
4567,100.11559912109375,551.6165541842499,-451.5009550631562,0.1814949137769321
8166,0.0,451.593820007,-451.593820007,0.0
4041,655.6405390625,1107.30867135825,-451.66813229574996,0.5921027762441105
3963,0.0,451.88297954399997,-451.88297954399997,0.0
8157,0.0,451.88786770975,-451.88786770975,0.0
6692,0.0,451.916792645,-451.916792645,0.0
2077,198.441220703125,650.421766481,-451.98054577787497,0.305096216984961
5544,0.0,451.987833272,-451.987833272,0.0
2709,0.0,452.0026127465,-452.0026127465,0.0
5165,0.0,452.1348995185,-452.1348995185,0.0
6193,0.0,452.16981063975,-452.16981063975,0.0
4387,170.76836523437498,622.9634382742499,-452.19507303987496,0.27412261212844125
6100,0.0,452.2556872065,-452.2556872065,0.0
572,0.0,452.3282968265,-452.3282968265,0.0
3390,4.5787490234375,456.93226647975,-452.3535174563125,0.010020629641001262
4127,0.0,452.559724583,-452.559724583,0.0
7796,0.0,452.59973842,-452.59973842,0.0
5166,0.1162413101196289,452.75731993224997,-452.64107862213035,0.0002567408736324401
1532,0.0,452.73473309225,-452.73473309225,0.0
5376,0.0,452.785918911,-452.785918911,0.0
6095,0.0,452.81436470875,-452.81436470875,0.0
4926,0.27859969234466553,453.12290276975,-452.84430307740536,0.0006148435447134962
548,0.0,452.91389213875,-452.91389213875,0.0
3528,0.0,452.960604386,-452.960604386,0.0
4215,677.7599609375,1130.78354475575,-453.02358381825,0.5993719695350931
7988,0.0,453.06028314925,-453.06028314925,0.0
7918,0.0,453.08258100075,-453.08258100075,0.0
8612,0.0,453.1148904295,-453.1148904295,0.0
3986,0.0,453.11589072425,-453.11589072425,0.0
3336,0.0,453.11767072724996,-453.11767072724996,0.0
5836,0.0,453.14164762875,-453.14164762875,0.0
3076,0.0,453.148562503,-453.148562503,0.0
7113,210.4098017578125,663.567917065,-453.1581153071875,0.3170885692776994
8588,0.0,453.25377114375,-453.25377114375,0.0
7581,0.0,453.286051812,-453.286051812,0.0
7965,0.0,453.3182530255,-453.3182530255,0.0
8492,0.0,453.38807329175,-453.38807329175,0.0
7845,0.0,453.41330284400004,-453.41330284400004,0.0
5154,269.03659179687503,722.4792889035,-453.44269710662496,0.3723796592602809
3968,383.81976171875,837.263600093,-453.44383837425005,0.4584216502636626
4345,0.0,453.52207805775004,-453.52207805775004,0.0
142,0.0,453.61057387075,-453.61057387075,0.0
3269,0.0,453.64321273999997,-453.64321273999997,0.0
5974,0.0,453.67087631325,-453.67087631325,0.0
4133,0.0,453.73273164275,-453.73273164275,0.0
3391,115.46891259765624,569.25565044475,-453.7867378470938,0.20284192577552873
3883,165.29259033203124,619.0806958435,-453.7881055114688,0.26699684092042725
4255,115.3315703125,569.173425558,-453.84185524549997,0.202629927770789
1052,0.0,453.8720729605,-453.8720729605,0.0
614,137.24812060546876,591.21204137275,-453.96392076728125,0.2321470314688481
3797,0.0,453.98683076049997,-453.98683076049997,0.0
8756,0.0,453.99710910675,-453.99710910675,0.0
4371,0.0,454.12163138725003,-454.12163138725003,0.0
4611,0.0,454.15294730299996,-454.15294730299996,0.0
4104,0.0,454.2059874025,-454.2059874025,0.0
4682,0.0,454.2854824545,-454.2854824545,0.0
4279,110.89575341796875,565.194058699,-454.2983052810313,0.19620827840446065
4730,0.0,454.30123043575,-454.30123043575,0.0
3770,0.0,454.338257839,-454.338257839,0.0
5189,0.0,454.3811180195,-454.3811180195,0.0
5096,201.8004462890625,656.20549596175,-454.4050496726875,0.307526296599776
3633,670.62350390625,1125.10603988825,-454.48253598200006,0.5960535980917899
7984,65.90001635742188,520.54437598025,-454.6443596228282,0.12659826764380203
5614,0.0,454.6503507485,-454.6503507485,0.0
1460,0.0,454.653083514,-454.653083514,0.0
3771,0.0,454.66099804050003,-454.66099804050003,0.0
2950,0.0,454.66294042275,-454.66294042275,0.0
8348,0.0,454.728040284,-454.728040284,0.0
7667,209.9083701171875,664.669000136,-454.76063001881255,0.3158088759343803
5834,0.0,454.760828135,-454.760828135,0.0
582,0.0,454.78566973075,-454.78566973075,0.0
3921,520.3292421875,975.4248318295,-455.09558964200005,0.5334385845787168
6145,0.0,455.211405793,-455.211405793,0.0
692,0.0,455.26102051825,-455.26102051825,0.0
7662,0.0,455.2712626635,-455.2712626635,0.0
7646,129.00001953125,584.3587822,-455.35876266874993,0.22075482261913573
8517,0.0,455.529348569,-455.529348569,0.0
285,0.0,455.53429418375,-455.53429418375,0.0
861,0.0,455.61343470275,-455.61343470275,0.0
3091,94.28469580078125,549.925370672,-455.6406748712187,0.17144998332067654
765,0.0,455.6874837445,-455.6874837445,0.0
8238,0.0,455.80122194875,-455.80122194875,0.0
5431,62.3582783203125,518.162407316,-455.8041289956875,0.12034504495023782
4925,0.0,456.01764587925,-456.01764587925,0.0
207,110.93845703125,566.978814025,-456.04035699375004,0.19566596509670003
8262,0.0,456.0786664585,-456.0786664585,0.0
8684,0.0,456.2532788075,-456.2532788075,0.0
198,0.0,456.29275489025,-456.29275489025,0.0
8153,23.45469445800781,479.806080924,-456.3513864659922,0.04888369560459838
1556,0.0,456.4102762695,-456.4102762695,0.0
932,0.0,456.41694202599996,-456.41694202599996,0.0
5260,0.0,456.45942245,-456.45942245,0.0
2768,156.01298828125,612.505303581,-456.49231529975003,0.2547128769569999
2957,0.0,456.551456356,-456.551456356,0.0
4372,0.0,456.59271888175,-456.59271888175,0.0
5334,0.0,456.599489266,-456.599489266,0.0
8300,0.0,456.68427857125,-456.68427857125,0.0
7604,0.0,456.762753985,-456.762753985,0.0
4107,0.0,456.96362075725,-456.96362075725,0.0
6206,180.3834765625,637.4346180922499,-457.05114152974994,0.2829834953416529
7743,123.40362890625,580.4873148695,-457.08368596325,0.21258626249465287
8118,0.0,457.09749841449997,-457.09749841449997,0.0
3961,0.0,457.1708986735,-457.1708986735,0.0
7974,0.0,457.18383730625,-457.18383730625,0.0
428,0.0,457.3269230595,-457.3269230595,0.0
1590,0.0,457.4716735485,-457.4716735485,0.0
6572,0.0,457.53163995025,-457.53163995025,0.0
5837,0.0,457.609092228,-457.609092228,0.0
2362,215.59267382812502,673.20757832275,-457.61490449462497,0.32024694975212886
5792,231.122759765625,688.7604690867499,-457.63770932112493,0.33556333413924716
789,0.0,457.66505975575,-457.66505975575,0.0
2756,0.0,457.67447505675,-457.67447505675,0.0
260,0.0,457.68493689975,-457.68493689975,0.0
189,0.0,457.859373993,-457.859373993,0.0
8133,0.0,457.95565647425,-457.95565647425,0.0
4681,0.0,457.98442166675,-457.98442166675,0.0
4752,0.0,458.02660317775,-458.02660317775,0.0
5113,0.0,458.06311637224997,-458.06311637224997,0.0
2927,0.0,458.1048322595,-458.1048322595,0.0
358,0.0,458.15524939725,-458.15524939725,0.0
8660,0.0,458.17806230574996,-458.17806230574996,0.0
5259,0.0,458.17814234425,-458.17814234425,0.0
4729,0.0,458.2837505475,-458.2837505475,0.0
8276,0.0,458.29143638925,-458.29143638925,0.0
5383,56.3021376953125,514.60418485225,-458.3020471569375,0.10940862753004817
3136,176.235939453125,634.5535878695,-458.317648416375,0.2777321609150477
4612,0.0,458.36258181775,-458.36258181775,0.0
1244,0.0,458.43485451225,-458.43485451225,0.0
6096,0.0,458.55811385100003,-458.55811385100003,0.0
5664,0.0,458.5591770015,-458.5591770015,0.0
5634,217.0200966796875,675.609568568,-458.58947188831246,0.3212211704142306
2879,0.0,458.62612903525,-458.62612903525,0.0
7508,0.0,458.6969137695,-458.6969137695,0.0
1604,0.0,458.7219732085,-458.7219732085,0.0
1580,0.0,458.7564016205,-458.7564016205,0.0
6097,0.0,458.77748600425,-458.77748600425,0.0
3367,62.050327392578126,520.91015322025,-458.85982582767184,0.11911905899676925
7099,0.0,458.8710217575,-458.8710217575,0.0
5584,320.3801015625,779.262162837,-458.8820612745,0.41113262831212555
5186,0.0,458.91176412500005,-458.91176412500005,0.0
4273,0.0,458.94439982575,-458.94439982575,0.0
4274,0.0,458.96178567525,-458.96178567525,0.0
5114,0.0,458.99256026850003,-458.99256026850003,0.0
4249,0.0,459.00331688125,-459.00331688125,0.0
750,0.0,459.1585376405,-459.1585376405,0.0
7123,0.0,459.1754495415,-459.1754495415,0.0
4272,0.0,459.29821907275,-459.29821907275,0.0
4327,104.60080224609375,563.94610321775,-459.34530097165623,0.1854801397931201
5287,54.150564453125,513.49612808825,-459.34556363512496,0.10545466924799082
3071,0.0,459.43488364625,-459.43488364625,0.0
6021,0.0,459.46875334624997,-459.46875334624997,0.0
4250,0.0,459.5992504575,-459.5992504575,0.0
5257,0.0,459.6045912365,-459.6045912365,0.0
141,0.0,459.62219517675,-459.62219517675,0.0
5233,0.0,459.630101656,-459.630101656,0.0
7653,0.0,459.7383365735,-459.7383365735,0.0
4898,0.0,459.74012760824996,-459.74012760824996,0.0
1764,181.479380859375,641.22525087325,-459.74587001387505,0.28301970380799624
4896,0.0,459.8033782065,-459.8033782065,0.0
5102,600.0101015625,1059.9149050439999,-459.9048034814998,0.5660927100289238
5258,0.0,459.98336556050003,-459.98336556050003,0.0
956,0.0,460.04288162525,-460.04288162525,0.0
5304,0.0,460.07709630525,-460.07709630525,0.0
5112,0.0,460.12778011849997,-460.12778011849997,0.0
5263,62.214814941406246,522.4210209395,-460.2062059980937,0.11908941701930816
5569,0.0,460.24372010025,-460.24372010025,0.0
5402,0.0,460.24952329624995,-460.24952329624995,0.0
870,0.0,460.28404669725,-460.28404669725,0.0
5306,0.0,460.316510139,-460.316510139,0.0
590,136.063041015625,596.38042393075,-460.317382915125,0.22814806678375513
4248,0.0,460.376310479,-460.376310479,0.0
8265,213.9175810546875,674.334763244,-460.4171821893125,0.31722757359916265
5210,0.0,460.42489700425,-460.42489700425,0.0
4899,0.0,460.52822687024997,-460.52822687024997,0.0
5234,0.0,460.534024044,-460.534024044,0.0
5920,868.85201953125,1329.43053988975,-460.5785203585,0.6535520230712859
1449,175.238025390625,635.8933562674999,-460.6553308768749,0.2755776945738843
4802,0.0,460.657190366,-460.657190366,0.0
3381,0.0,460.76242623325,-460.76242623325,0.0
4598,707.4310312499999,1168.197917768,-460.7668865180001,0.6055746375546258
5232,0.0,460.79021166449996,-460.79021166449996,0.0
4658,0.0,460.79422619125,-460.79422619125,0.0
5449,0.0,460.80592540475,-460.80592540475,0.0
7942,0.0,460.89680557450004,-460.89680557450004,0.0
3862,0.0,460.975750451,-460.975750451,0.0
5570,0.0,460.98918548200004,-460.98918548200004,0.0
5256,0.0,460.99867749074997,-460.99867749074997,0.0
5,0.0,461.04070992125,-461.04070992125,0.0
5307,0.0,461.065610878,-461.065610878,0.0
4228,0.0,461.1513785605,-461.1513785605,0.0
7433,69.76870434570313,530.942182829,-461.1734784832969,0.13140546460737326
4800,0.0,461.2175992625,-461.2175992625,0.0
702,0.0,461.22693878375,-461.22693878375,0.0
5568,0.0,461.2640874105,-461.2640874105,0.0
4732,0.0,461.2953670805,-461.2953670805,0.0
5425,0.0,461.3025537795,-461.3025537795,0.0
3403,151.81335888671876,613.1202221755,-461.3068632887812,0.24760781515318506
5450,0.0,461.3152078215,-461.3152078215,0.0
5571,0.0,461.32311463900004,-461.32311463900004,0.0
6125,0.0,461.325915656,-461.325915656,0.0
4757,0.0,461.35453373049995,-461.35453373049995,0.0
8108,0.0,461.3721189295,-461.3721189295,0.0
5115,0.0,461.40748554000004,-461.40748554000004,0.0
3197,0.0,461.42177081,-461.42177081,0.0
884,0.0,461.45134692199997,-461.45134692199997,0.0
5378,0.0,461.469731351,-461.469731351,0.0
5572,0.0,461.50800187425,-461.50800187425,0.0
3295,109.738171875,571.3114350989999,-461.5732632239999,0.1920811748917695
5305,0.0,461.613349076,-461.613349076,0.0
4824,0.0,461.61448845025,-461.61448845025,0.0
4946,0.0,461.629728784,-461.629728784,0.0
5496,0.0,461.76000593550003,-461.76000593550003,0.0
4897,0.0,461.84152735074997,-461.84152735074997,0.0
5426,0.0,461.89900133575003,-461.89900133575003,0.0
4275,0.0,461.934717964,-461.934717964,0.0
4877,0.0,462.0014818835,-462.0014818835,0.0
4084,0.0,462.01820293074996,-462.01820293074996,0.0
4947,0.0,462.09503663625003,-462.09503663625003,0.0
5282,0.0,462.12831221975,-462.12831221975,0.0
5424,0.0,462.15969497075,-462.15969497075,0.0
7917,0.0,462.17710037275,-462.17710037275,0.0
8253,0.0,462.17795333600003,-462.17795333600003,0.0
3769,0.0,462.2602855055,-462.2602855055,0.0
5427,0.0,462.35024396525,-462.35024396525,0.0
1268,0.0,462.3648953835,-462.3648953835,0.0
4583,0.0,462.36842644,-462.36842644,0.0
5379,0.0,462.43612058225,-462.43612058225,0.0
5211,0.0,462.44539809025,-462.44539809025,0.0
5403,0.0,462.45255822999997,-462.45255822999997,0.0
3080,230.8787919921875,693.33481874575,-462.45602675356247,0.33299754377957264
4801,0.0,462.46197495275004,-462.46197495275004,0.0
5308,0.0,462.46796373499996,-462.46796373499996,0.0
716,0.0,462.48717875575,-462.48717875575,0.0
3772,0.0,462.48898860775,-462.48898860775,0.0
4058,0.0,462.55634317275,-462.55634317275,0.0
5807,0.0,462.618773128,-462.618773128,0.0
4393,0.0,462.62433240025,-462.62433240025,0.0
5235,0.0,462.641793574,-462.641793574,0.0
3964,0.0,462.658336758,-462.658336758,0.0
5663,0.0,462.699854425,-462.699854425,0.0
5879,0.0,462.70844550025,-462.70844550025,0.0
5547,0.0,462.79327521375,-462.79327521375,0.0
4394,0.0,462.82754763425,-462.82754763425,0.0
5451,0.0,462.83511384225,-462.83511384225,0.0
4945,0.0,462.892251806,-462.892251806,0.0
6215,0.0,463.03728774949997,-463.03728774949997,0.0
5281,0.0,463.04069503675,-463.04069503675,0.0
4803,0.0,463.15718999325,-463.15718999325,0.0
4082,0.0,463.15899396925005,-463.15899396925005,0.0
2863,61.545318359375,524.74954662075,-463.204228261375,0.11728512895042148
4511,0.0,463.30304838300003,-463.30304838300003,0.0
5227,68.65754028320313,531.962256343,-463.3047160597969,0.12906468332194843
4610,0.0,463.3098819995,-463.3098819995,0.0
5546,0.0,463.35239308949997,-463.35239308949997,0.0
6120,0.0,463.42719650925,-463.42719650925,0.0
3721,0.0,463.4429441215,-463.4429441215,0.0
3056,239.38205078125,702.8388666645,-463.45681588325,0.34059307445062786
4057,0.0,463.486386341,-463.486386341,0.0
4081,0.0,463.49918575500004,-463.49918575500004,0.0
5401,0.0,463.50085460675,-463.50085460675,0.0
5328,0.0,463.56976326725004,-463.56976326725004,0.0
6596,0.0,463.74399223475,-463.74399223475,0.0
29,0.0,463.7624005875,-463.7624005875,0.0
908,0.0,463.78079291925,-463.78079291925,0.0
2862,0.11280588483810425,463.90910344049996,-463.79629755566185,0.0002431637658289858
5283,0.0,463.81095969425,-463.81095969425,0.0
5898,280.541333984375,744.354004415,-463.81267043062496,0.37689235490573425
4538,0.0,463.822131421,-463.822131421,0.0
4944,0.0,463.91910006625,-463.91910006625,0.0
5400,0.0,463.94888044275,-463.94888044275,0.0
4609,0.0,464.020946716,-464.020946716,0.0
4247,0.0,464.051068448,-464.051068448,0.0
5280,0.0,464.10048714575,-464.10048714575,0.0
6466,336.271904296875,800.3993695135,-464.127465216625,0.4201301458809721
380,0.0,464.16011709525,-464.16011709525,0.0
5160,0.0,464.16747801925,-464.16747801925,0.0
5474,0.0,464.17526276200005,-464.17526276200005,0.0
4222,0.0,464.1868365685,-464.1868365685,0.0
4871,0.0,464.24875308175,-464.24875308175,0.0
5475,0.0,464.2774803845,-464.2774803845,0.0
3522,439.93397265625,904.3585247254999,-464.42455206924996,0.48645969506764314
2767,69.13863281249999,533.6301545795,-464.491521767,0.12956282940460578
5665,0.0,464.61081778275,-464.61081778275,0.0
5448,0.0,464.63246995975,-464.63246995975,0.0
846,0.0,464.669865684,-464.669865684,0.0
2885,0.0,464.6953330795,-464.6953330795,0.0
1740,183.89979785156248,648.6325076745001,-464.7327098229376,0.2835192430107569
3722,0.0,464.7807375315,-464.7807375315,0.0
5303,0.0,464.84963487525,-464.84963487525,0.0
5473,0.0,464.926044375,-464.926044375,0.0
4370,0.0,464.94244172049997,-464.94244172049997,0.0
3436,0.0,464.95730878775,-464.95730878775,0.0
2769,193.5587998046875,658.5523329597501,-464.99353315506255,0.2939155930719359
4395,0.0,465.01817459374996,-465.01817459374996,0.0
4251,0.0,465.038534748,-465.038534748,0.0
3776,387.8705,852.9482681989999,-465.07776819899993,0.4547409426884089
4539,0.0,465.10867413675004,-465.10867413675004,0.0
4125,0.0,465.1175476895,-465.1175476895,0.0
5231,0.0,465.13847493124996,-465.13847493124996,0.0
4442,0.0,465.2913447415,-465.2913447415,0.0
3960,0.0,465.333668018,-465.333668018,0.0
4080,0.0,465.33438250999995,-465.33438250999995,0.0
5713,0.0,465.35081349750004,-465.35081349750004,0.0
4966,0.0,465.36297739575,-465.36297739575,0.0
6058,322.7296171875,788.16296973775,-465.43335255025,0.4094706668157894
174,0.0,465.56110961125006,-465.56110961125006,0.0
5207,0.0,465.5789675425,-465.5789675425,0.0
4110,3.299388031005859,468.99372544899995,-465.6943374179941,0.0070350366005687845
4056,0.0,465.748042099,-465.748042099,0.0
6626,0.0,465.84947508475,-465.84947508475,0.0
7929,193.3192822265625,659.19061022225,-465.8713279956875,0.2932676511701465
6644,0.0,465.89028829,-465.89028829,0.0
2932,0.0,465.911919902,-465.911919902,0.0
5185,0.0,466.02880620199994,-466.02880620199994,0.0
7628,0.0,466.1204493975,-466.1204493975,0.0
7983,88.2372080078125,554.36165525325,-466.12444724543747,0.15916903164655916
5567,0.0,466.14140460975,-466.14140460975,0.0
4823,0.0,466.20380303125,-466.20380303125,0.0
4441,0.0,466.219293986,-466.219293986,0.0
3798,4.209635711669922,470.4503425335,-466.2407068218301,0.008948097858855449
4423,102.33391992187501,568.64179669225,-466.30787677037495,0.17996200831029718
2079,166.20763964843752,632.52722671175,-466.3195870633125,0.2627675653579616
6380,0.0,466.34843906675,-466.34843906675,0.0
5472,0.0,466.43495570825,-466.43495570825,0.0
5140,0.0,466.47188751375,-466.47188751375,0.0
8142,0.0,466.55393052225,-466.55393052225,0.0
8180,0.0,466.55812471425,-466.55812471425,0.0
5255,0.0,466.6344128045,-466.6344128045,0.0
7964,0.0,466.70256191975,-466.70256191975,0.0
1075,0.1098075008392334,466.8430949895,-466.7332874886608,0.00023521286227118829
5111,0.0,466.76673021275,-466.76673021275,0.0
878,141.64949755859374,608.536331557,-466.8868339984063,0.23277081413265624
7291,0.0,466.91282194025,-466.91282194025,0.0
3867,0.0,466.917680071,-466.917680071,0.0
4980,399.61173828125,866.61525044125,-467.00351216000007,0.46111782318239136
3959,0.0,467.07221932799996,-467.07221932799996,0.0
438,0.0,467.095623601,-467.095623601,0.0
1239,157.740076171875,624.96114967025,-467.22107349837506,0.25239981077656426
8602,194.818822265625,662.29164998325,-467.47282771762497,0.2941586565018501
4799,0.0,467.57115233425003,-467.57115233425003,0.0
5495,0.0,467.58122233775003,-467.58122233775003,0.0
1291,0.05401984785497188,467.711987187,-467.657967339145,0.00011549810400278587
5107,50.789638427734374,518.471468472,-467.6818300442656,0.09796033420982149
284,0.0,467.71701330275,-467.71701330275,0.0
4278,4.128176284790039,471.8732994285,-467.74512314371,0.00874848456363459
121,0.0,467.8703293835,-467.8703293835,0.0
2791,72.355248046875,540.2396317665,-467.884383719625,0.13393176593940873
2865,241.9803857421875,710.004625775,-468.0242400328125,0.34081522375609946
6656,172.969060546875,641.125264791,-468.156204244125,0.2697898051693085
3617,601.5429335937499,1069.77537805425,-468.2324444605001,0.5623077006367003
5857,0.0,468.27563290324997,-468.27563290324997,0.0
5712,0.0,468.28539850749996,-468.28539850749996,0.0
2719,60.12598779296875,528.58698044725,-468.4609926542812,0.11374852182009138
7844,0.0,468.53871176475,-468.53871176475,0.0
4711,82.3143447265625,550.85677419925,-468.54242947268756,0.14942966744266445
4443,0.0,468.60586632075,-468.60586632075,0.0
249,157.4540693359375,626.12601758325,-468.6719482473125,0.2514734488948607
5543,0.0,468.700493151,-468.700493151,0.0
5106,230.26567382812502,698.98606020475,-468.7203863766249,0.32942813399060705
4150,0.0,468.7709640385,-468.7709640385,0.0
4326,4.654717178344726,473.515934722,-468.86121754365524,0.009830117272077405
4608,0.0,468.9395654075,-468.9395654075,0.0
7671,99.873923828125,568.82616615525,-468.952242327125,0.17557898984781825
726,0.0,468.98503301349996,-468.98503301349996,0.0
6595,0.11190080833435058,469.0987144925,-468.98681368416567,0.00023854426507407408
8156,0.0,468.9930106535,-468.9930106535,0.0
3235,127.00217578125,596.035149972,-469.03297419075,0.2130783319979331
5471,0.0,469.27771376275,-469.27771376275,0.0
5783,0.0,469.44259499599997,-469.44259499599997,0.0
788,0.0,469.6594835755,-469.6594835755,0.0
357,0.0,469.69691008899997,-469.69691008899997,0.0
7652,0.0,469.71330522775,-469.71330522775,0.0
4937,311.6771220703125,781.49826914325,-469.8211470729375,0.3988199769312113
4848,0.0,469.848982638,-469.848982638,0.0
2432,151.82199755859375,621.75321872425,-469.93122116565627,0.24418369337263326
8132,0.0,470.00332403575,-470.00332403575,0.0
8516,0.0,470.18184686750004,-470.18184686750004,0.0
5688,0.0,470.2361087535,-470.2361087535,0.0
1614,0.0,470.283179269,-470.283179269,0.0
6101,0.0,470.34510072725004,-470.34510072725004,0.0
3935,0.0,470.52529063775,-470.52529063775,0.0
7926,0.0,470.5257783575,-470.5257783575,0.0
3435,0.0,470.5910304645,-470.5910304645,0.0
4060,0.0,470.64840910775,-470.64840910775,0.0
5502,0.0,470.70566258375004,-470.70566258375004,0.0
1459,0.8118682785034179,471.5646803105,-470.7528120319966,0.001721647762608511
8457,166.77701513671875,637.5465170315,-470.76950189478123,0.26159191591487696
4299,0.0,470.77087117175,-470.77087117175,0.0
7003,0.0,470.80038063775,-470.80038063775,0.0
7979,203.908591796875,674.87484929625,-470.966257499375,0.3021428220467323
860,0.0,470.98140817825,-470.98140817825,0.0
4001,499.85406445312503,971.0736888685,-471.21962441537494,0.5147437003682118
4079,0.0,471.28757217000003,-471.28757217000003,0.0
5645,0.0,471.36216559125,-471.36216559125,0.0
3672,0.0,471.3877122395,-471.3877122395,0.0
3800,293.70781640625,765.1111569475,-471.40334054125003,0.38387600723815807
764,0.0,471.43937707075,-471.43937707075,0.0
2778,75.85525830078126,547.4553106435001,-471.6000523427188,0.13855972658856544
4126,0.0,471.61755057025,-471.61755057025,0.0
4639,102.52944287109375,574.18815677225,-471.6587139011562,0.17856418925268353
4903,44.674903564453125,516.3994270525,-471.7245234880468,0.08651230256574031
6267,0.0,471.76584219775,-471.76584219775,0.0
4055,0.0,471.814140921,-471.814140921,0.0
7580,0.0,471.8839056045,-471.8839056045,0.0
6571,0.02189145469665528,471.97053372625,-471.94864227155335,4.638309615949363e-05
2708,0.0,471.971028634,-471.971028634,0.0
2766,0.11437433671951294,472.15998023775,-472.0456059010305,0.00024223640559219956
5670,0.0,472.08705021975,-472.08705021975,0.0
4103,0.0,472.17637190375,-472.17637190375,0.0
8626,187.505654296875,659.722771546,-472.21711724912495,0.2842188599512092
4176,0.0,472.3090538945,-472.3090538945,0.0
3103,101.84358349609374,574.1760596665,-472.33247617040627,0.1773734407837804
6144,0.0,472.389958544,-472.389958544,0.0
5520,0.0,472.46431664200003,-472.46431664200003,0.0
5638,0.0,472.56170670299997,-472.56170670299997,0.0
4013,0.0,472.62966920875,-472.62966920875,0.0
1363,0.7929367218017578,473.46659232725,-472.67365560544823,0.001674746926133597
188,0.0,472.6912461705,-472.6912461705,0.0
7670,125.96661865234375,598.70437969125,-472.7377610389062,0.2103986921006084
6669,0.0,472.7880331825,-472.7880331825,0.0
1195,0.02171854400634766,472.84024969775,-472.8185311537436,4.593209646238564e-05
4298,0.0,472.919875675,-472.919875675,0.0
3116,0.3419238595962525,473.31084283525,-472.96891897565376,0.0007224086750804917
3723,0.0,473.01185308175,-473.01185308175,0.0
3941,0.0,473.05217764524997,-473.05217764524997,0.0
4656,0.0,473.0930523925,-473.0930523925,0.0
3929,467.015505859375,940.2251467305,-473.209640871125,0.49670603576882555
6932,0.0,473.21984926475,-473.21984926475,0.0
3868,0.0,473.220021783,-473.220021783,0.0
1716,181.26682617187498,654.504213436,-473.237387264125,0.27695287848998257
6980,0.0,473.374018077,-473.374018077,0.0
5143,43.45339916992188,516.83356862325,-473.3801694533281,0.084076193428375
4911,634.99901953125,1108.429311674,-473.43029214275,0.5728818358289027
5015,0.0,473.445068868,-473.445068868,0.0
6955,0.0,473.49121369975,-473.49121369975,0.0
101,0.0,473.52658793575,-473.52658793575,0.0
4485,0.0,473.666108805,-473.666108805,0.0
210,0.9820455207824706,474.70747612375,-473.7254306029675,0.0020687382611554363
5323,112.488583984375,586.35431465075,-473.865730666375,0.19184404545489273
296,0.10755322599411012,474.07516614125,-473.96761291525587,0.00022686956299076678
4728,0.0,474.026506363,-474.026506363,0.0
7399,0.0,474.0627909645,-474.0627909645,0.0
6582,0.0,474.1410488375,-474.1410488375,0.0
6290,0.0,474.16698256325003,-474.16698256325003,0.0
3840,0.0,474.17370083900005,-474.17370083900005,0.0
2954,0.0,474.239247058,-474.239247058,0.0
3861,0.0,474.32806141125,-474.32806141125,0.0
5161,0.0,474.34357269299994,-474.34357269299994,0.0
2956,0.0,474.3710751405,-474.3710751405,0.0
5423,0.0,474.42246303425003,-474.42246303425003,0.0
5062,0.0,474.4397648805,-474.4397648805,0.0
4244,1.1526722602844237,475.65275553775,-474.5000832774656,0.0024233482187187585
234,1.6693047609329223,476.2437390125,-474.5744342515671,0.0035051479330502236
4878,1.1586645278930665,475.83521516575,-474.67655063785696,0.0024350121397687034
5497,0.0,474.7471333225,-474.7471333225,0.0
4297,0.0,474.81818956875003,-474.81818956875003,0.0
5329,0.0,474.82787861325,-474.82787861325,0.0
3498,448.8631328125,923.69395091925,-474.83081810675003,0.4859435659179675
3376,245.56399511718752,720.4132451005,-474.8492499833125,0.34086546360216496
4825,0.0,474.8808219735,-474.8808219735,0.0
8150,127.40758935546876,602.2965714065,-474.88898205103123,0.2115363015373085
3944,377.59762109375004,852.67783826175,-475.080217168,0.4428373809042284
5093,0.0,475.14997427575,-475.14997427575,0.0
3094,0.0,475.344351671,-475.344351671,0.0
4900,0.0,475.36311779875,-475.36311779875,0.0
4419,0.0,475.37758134575,-475.37758134575,0.0
6054,0.0,475.48712182825,-475.48712182825,0.0
5455,43.8365478515625,519.38801050225,-475.55146265068754,0.08440038445394998
4540,0.0,475.59672769125,-475.59672769125,0.0
4276,0.0,475.6681973595,-475.6681973595,0.0
4948,0.0,475.71759290525,-475.71759290525,0.0
6289,0.0,476.0354821635,-476.0354821635,0.0
3768,0.0,476.09282964175,-476.09282964175,0.0
5563,20.594397949218752,496.71706582875004,-476.12266787953126,0.04146102343674644
7076,0.0,476.23115679175,-476.23115679175,0.0
3866,0.0,476.432749567,-476.432749567,0.0
2742,0.0,476.46371685425,-476.46371685425,0.0
8337,156.3746181640625,632.850698542,-476.47608037793754,0.24709559186271307
4252,0.0,476.63759224825,-476.63759224825,0.0
1240,114.49811669921876,591.210220418,-476.7121037187812,0.19366734970278163
426,7.3389281616210935,484.06668442075,-476.7277562591289,0.015160985836573547
4868,2.972549072265625,479.72102514075,-476.74847606848436,0.006196411894177596
4844,6.108612442016602,482.95754850475,-476.8489360627334,0.012648342381811183
1099,0.11054710960388184,476.983653727,-476.8731066173961,0.00023176288853577826
8241,186.44388671875,663.33857648275,-476.89468976399996,0.28106896394639197
5038,0.0,476.90162876475,-476.90162876475,0.0
7941,0.0,476.96090558124996,-476.96090558124996,0.0
4563,0.0,477.04930832275,-477.04930832275,0.0
7074,27.67151318359375,504.8144447145,-477.14293153090625,0.05481521659790912
5447,0.0,477.1880130895,-477.1880130895,0.0
5982,0.0,477.19234405174996,-477.19234405174996,0.0
5404,0.0,477.23497050625,-477.23497050625,0.0
7916,0.0,477.23619516125,-477.23619516125,0.0
6605,0.0,477.23658631974996,-477.23658631974996,0.0
178,222.94864746093748,700.26392761075,-477.3152801498125,0.31837802627252865
6019,15.362639526367188,492.7422442695,-477.37960474313286,0.031177841303143713
273,181.9802060546875,659.490784969,-477.5105789143124,0.2759404830611866
6630,0.0,477.63007784449997,-477.63007784449997,0.0
7302,0.0,477.84004779,-477.84004779,0.0
6990,0.0,477.9543930175,-477.9543930175,0.0
6558,0.0,477.95801434099997,-477.95801434099997,0.0
4059,0.0,478.031232199,-478.031232199,0.0
4373,0.0,478.10465003825,-478.10465003825,0.0
2718,0.11593458032608034,478.2533914385,-478.1374568581739,0.00024241245782901313
7950,0.0,478.1377507445,-478.1377507445,0.0
5236,0.0,478.168837313,-478.168837313,0.0
4804,0.0,478.21509636125,-478.21509636125,0.0
378,12.684964294433595,490.9020494345,-478.2170851400664,0.02584011267259134
6291,0.0,478.28724290275,-478.28724290275,0.0
8289,184.0254052734375,662.33973311925,-478.3143278458125,0.2778414094666181
3406,0.0,478.31515673075,-478.31515673075,0.0
729,193.4595126953125,671.78425875325,-478.32474605793755,0.28797863285211717
7810,172.81676562500002,651.1622851445,-478.34551951949993,0.2653973814242831
5284,0.0,478.391971265,-478.391971265,0.0
2790,0.1152842411994934,478.56268747675,-478.4474032355505,0.0002408968437686597
4012,0.0,478.53017265425,-478.53017265425,0.0
6942,0.0,478.618018081,-478.618018081,0.0
1262,174.9384248046875,653.7353158982501,-478.7968910935626,0.267598247001111
390,0.0,478.906040632,-478.906040632,0.0
6918,0.0,478.9581539025,-478.9581539025,0.0
6462,0.0,479.01231728475,-479.01231728475,0.0
6266,0.0,479.03356167675,-479.03356167675,0.0
8006,110.72459716796875,589.822572971,-479.09797580303126,0.18772526189106623
5428,0.0,479.17089997,-479.17089997,0.0
1360,114.4187744140625,593.5981511965,-479.1793767824375,0.19275460004495806
206,122.22184423828125,601.4058742945,-479.1840300562187,0.20322688762964103
4011,0.0,479.38973043550004,-479.38973043550004,0.0
5100,503.54271484375,982.968939061,-479.42622421725,0.5122671676813122
2291,187.843568359375,667.3145570235,-479.470988664125,0.2814917883939825
2695,42.91426635742187,522.4255978345,-479.5113314770781,0.08214426408882149
4464,0.0,479.51723489125,-479.51723489125,0.0
5212,0.0,479.52687667425,-479.52687667425,0.0
6287,0.0,479.61051273375,-479.61051273375,0.0
5116,0.0,479.66592915375,-479.66592915375,0.0
3283,106.87268896484375,586.56399155975,-479.69130259490623,0.18220124371844598
4562,0.0,479.822045198,-479.822045198,0.0
3585,579.462787109375,1059.3276484657501,-479.8648613563752,0.5470099712790607
6477,0.0,479.88963661825005,-479.88963661825005,0.0
4418,0.0,479.94751530575,-479.94751530575,0.0
5476,0.0,479.99223686100004,-479.99223686100004,0.0
7765,169.65896386718748,649.677889098,-480.01892523081256,0.2611432010432053
5380,0.0,480.09071058374997,-480.09071058374997,0.0
5548,0.0,480.30997146725,-480.30997146725,0.0
3791,0.0,480.3569471005,-480.3569471005,0.0
6662,386.3923359375,867.0697384812499,-480.67740254374996,0.4456300552809865
6654,0.0,480.78477606325004,-480.78477606325004,0.0
6192,0.0,480.81830197874996,-480.81830197874996,0.0
5274,299.9546796875,780.8173237665001,-480.86264407900006,0.3841547442318856
3047,0.0,480.88035365950003,-480.88035365950003,0.0
6438,0.0,480.93031514475,-480.93031514475,0.0
4819,26.329839843749998,507.441599946,-481.11176010225,0.051887428611813634
356,0.0,481.19437034025003,-481.19437034025003,0.0
4109,0.0,481.28767477499997,-481.28767477499997,0.0
3270,2.2641914978027344,483.58756902325,-481.32337752544726,0.004682071331349307
3724,0.0,481.351374044,-481.351374044,0.0
8505,161.8237041015625,643.2002961595,-481.3765920579375,0.2515914635242055
6966,0.0,481.38075978025,-481.38075978025,0.0
6473,180.02969628906249,661.4849991250001,-481.4553028359376,0.2721599072617557
2694,0.0,481.47744394475,-481.47744394475,0.0
7411,0.0,481.51212654975,-481.51212654975,0.0
4536,0.0,481.54485526450003,-481.54485526450003,0.0
5452,0.0,481.88776603425,-481.88776603425,0.0
6822,0.0,481.90983136750003,-481.90983136750003,0.0
406,0.0,481.913916141,-481.913916141,0.0
3942,3.271037673950195,485.24665840275003,-481.9756207287998,0.006740979274285463
6643,0.11260813426971435,482.12849792675,-482.0158897924803,0.0002335645673723655
6355,1.3906603088378906,483.4205211015,-482.02986079266213,0.002876709293996221
4396,0.0,482.13208073425,-482.13208073425,0.0
4444,0.0,482.1494744625,-482.1494744625,0.0
4775,0.0,482.18313600100004,-482.18313600100004,0.0
4425,565.394583984375,1047.6168591897501,-482.2222752053751,0.5396959570524357
3055,100.0956416015625,582.34080119725,-482.2451595956875,0.17188498766338922
5322,379.6751875,862.064932843,-482.38974534299996,0.4404252772554449
6288,0.0,482.39440131025,-482.39440131025,0.0
7134,0.0,482.42913797949996,-482.42913797949996,0.0
3054,1.147951446533203,483.61856761275,-482.47061616621676,0.002373671155402652
1263,147.84421142578125,630.31803529175,-482.4738238659687,0.23455494355765166
6429,0.0,482.577954663,-482.577954663,0.0
4655,0.0,482.75460480375,-482.75460480375,0.0
8252,0.0,482.9090438445,-482.9090438445,0.0
3077,0.0,482.92369545125,-482.92369545125,0.0
5711,0.0,482.94405401425,-482.94405401425,0.0
4733,0.0,482.97879468725,-482.97879468725,0.0
3816,0.0,483.04131572825,-483.04131572825,0.0
7230,0.0,483.15742992225,-483.15742992225,0.0
5312,167.28800488281252,650.49081642175,-483.20281153893745,0.25717196984557933
4847,0.0,483.222191684,-483.222191684,0.0
4635,0.0,483.23969203125,-483.23969203125,0.0
4734,1.9700435028076173,485.22932080225,-483.2592772994424,0.00406002567093521
8002,162.147181640625,645.462164037,-483.31498239637494,0.25121097784458085
5635,43.18778637695313,526.528485838,-483.34069946104694,0.08202364631078538
5252,0.7969292488098144,484.167131527,-483.37020227819016,0.0016459796530392799
1051,0.0,483.46300619525,-483.46300619525,0.0
8419,0.0,483.54770331175,-483.54770331175,0.0
5309,0.0,483.56454922475,-483.56454922475,0.0
6149,0.0,483.60359950125,-483.60359950125,0.0
4254,2.483957565307617,486.264093318,-483.7801357526924,0.005108247954830887
6258,200.9885673828125,684.7866832555001,-483.79811587268756,0.2935053674434795
4218,206.21548437500002,690.0367595800001,-483.82127520500006,0.29884709939463033
70,0.0,483.86434125525,-483.86434125525,0.0
619,0.0,483.977820139,-483.977820139,0.0
1856,115.9994267578125,599.9880320115001,-483.9886052536876,0.19333623401716934
2959,86.227369140625,570.26540644525,-484.03803730462505,0.15120568074945612
2454,0.0,484.255426683,-484.255426683,0.0
7254,0.0,484.262315993,-484.262315993,0.0
3703,78.84653076171875,563.1679189405,-484.32138817878126,0.14000536601951521
4198,0.0,484.50046678925,-484.50046678925,0.0
4634,0.0,484.50748419275,-484.50748419275,0.0
1238,162.44234375,646.9939069575,-484.55156320750007,0.25107244713140414
4271,0.0,484.6492221015,-484.6492221015,0.0
1904,156.5560703125,641.262669705,-484.70659939250004,0.24413719597989897
5589,0.0,484.73497251875,-484.73497251875,0.0
7423,0.0,484.79478185825,-484.79478185825,0.0
111,101.54455224609374,586.4408644665,-484.89631222040623,0.17315394991329164
2907,0.0,484.918901472,-484.918901472,0.0
739,0.0,484.97308678225,-484.97308678225,0.0
5221,552.8162734375001,1037.8266142775,-485.01034084,0.5326672734151117
4175,0.0,485.11796820775,-485.11796820775,0.0
2094,0.0,485.135665601,-485.135665601,0.0
6330,81.26958984375,566.41075422525,-485.1411643815,0.14348172080777447
2052,191.7021376953125,676.8725968305,-485.1704591351875,0.28321745969589074
7766,122.95461181640626,608.2122906879999,-485.25767887159367,0.20215739388489598
4564,0.0,485.2934032145,-485.2934032145,0.0
6137,529.6336796875,1014.9297329027501,-485.29605321525,0.5218427069338863
5838,0.0,485.302594345,-485.302594345,0.0
3811,165.29425634765624,650.62631381975,-485.3320574720937,0.25405405926971997
7482,1.8872247924804686,487.34485134575,-485.4576265532695,0.0038724627610133545
1219,0.02283380046114326,485.60203309400003,-485.57919929353886,4.702163264975786e-05
5352,0.0,485.6078535225,-485.6078535225,0.0
5970,264.5357626953125,750.161636404,-485.6258737086875,0.35263835086363743
5327,0.0,485.72179947225,-485.72179947225,0.0
3646,0.0,485.75153237750004,-485.75153237750004,0.0
46,0.0,485.7785382495,-485.7785382495,0.0
4603,120.5271474609375,606.32471642975,-485.79756896881247,0.19878316683486028
3070,0.0,485.850772254,-485.850772254,0.0
7278,0.0,486.13621118375,-486.13621118375,0.0
4705,0.0,486.26682490125,-486.26682490125,0.0
6798,0.0,486.34488621325,-486.34488621325,0.0
4267,182.4187236328125,668.85092653325,-486.4322029004375,0.27273450050458975
8673,146.92036328125,633.3643619205,-486.44399863924997,0.23196815590284714
3767,0.0,486.45063772275,-486.45063772275,0.0
4231,112.01611083984375,598.4945315385,-486.4784206986563,0.18716313140694893
4300,0.0,486.57603231325,-486.57603231325,0.0
5878,0.0,486.5825943165,-486.5825943165,0.0
3817,0.0,486.64139150924996,-486.64139150924996,0.0
4751,0.0,486.88447327525,-486.88447327525,0.0
1123,0.1105335850715637,487.071036939,-486.96050335392846,0.00022693524447537928
5662,0.0,487.065425932,-487.065425932,0.0
4010,0.0,487.26261934225,-487.26261934225,0.0
2599,57.88424829101562,545.158144249,-487.27389595798434,0.1061788194773777
4062,4.146069885253906,491.4559699085,-487.3099000232461,0.00843629975151086
112,66.63446923828126,553.953611709,-487.31914247071876,0.12028889731834878
2781,0.0,487.50060205425007,-487.50060205425007,0.0
7471,0.0,487.60214682175,-487.60214682175,0.0
235,0.0,487.7427335835,-487.7427335835,0.0
1739,174.18714257812502,662.0253885025,-487.83824592437503,0.26311248079023597
2903,0.0,487.88343069275,-487.88343069275,0.0
5519,0.0,487.9398572545,-487.9398572545,0.0
5159,0.0,487.98379767,-487.98379767,0.0
6264,0.0,488.04511400425,-488.04511400425,0.0
4657,0.0,488.0558979865,-488.0558979865,0.0
4296,0.0,488.23800500225,-488.23800500225,0.0
6419,568.16730859375,1056.55439450675,-488.38708591299996,0.5377549050101132
2598,0.0,488.42454305350003,-488.42454305350003,0.0
5215,35.849175537109375,524.29471254475,-488.44553700764067,0.06837600038866222
6894,0.0,488.4885831745,-488.4885831745,0.0
7940,0.0,488.52503295225,-488.52503295225,0.0
7110,0.0,488.5269264775,-488.5269264775,0.0
3704,213.2575712890625,701.83493246275,-488.57736117368745,0.30385716230578763
7447,0.0,488.581652727,-488.581652727,0.0
2780,0.0,488.5884858155,-488.5884858155,0.0
1027,0.11037176227569581,488.7422654375,-488.6318936752243,0.00022582815085793294
1763,164.9467509765625,653.6497167705,-488.70296579393755,0.2523473146124362
3671,0.0,488.76622931025,-488.76622931025,0.0
211,0.0,488.86862174025,-488.86862174025,0.0
4820,0.5201578884124756,489.3952321975,-488.8750743090875,0.0010628585101125434
5125,306.9894794921875,795.8977513835,-488.9082718913125,0.38571472098374004
6265,0.0,488.9404752805,-488.9404752805,0.0
7435,0.0,488.99701153075,-488.99701153075,0.0
3434,0.0,489.2594812575,-489.2594812575,0.0
7086,0.0,489.34815333275003,-489.34815333275003,0.0
4230,4.690962432861328,494.1373447335,-489.4463823006387,0.00949323598664262
6207,203.274900390625,692.74006669475,-489.465166304125,0.29343603736834284
2878,0.0,489.5679973645,-489.5679973645,0.0
2118,0.0,489.57191923799996,-489.57191923799996,0.0
1543,0.0,489.7069779165,-489.7069779165,0.0
2028,190.12507812500002,679.84423415875,-489.71915603375004,0.27965976365248435
8443,0.0,489.747003682,-489.747003682,0.0
6450,70.821888671875,560.59175204825,-489.769863376375,0.12633416079843646
3335,0.0,489.81405964774996,-489.81405964774996,0.0
8467,0.0,489.92912507775003,-489.92912507775003,0.0
3437,0.0,489.9484151135,-489.9484151135,0.0
5098,315.505853515625,805.45516360675,-489.949310091125,0.3917112551754081
4420,0.0,489.977555658,-489.977555658,0.0
6057,179.931783203125,669.93406221775,-490.002279014625,0.26858133222678277
186,0.9893075866699219,490.99429323025004,-490.00498564358014,0.002014906483222776
3955,148.09088037109376,638.10192445675,-490.01104408565624,0.23208029072329014
3057,354.129638671875,844.16784469525,-490.038206023375,0.4195014539794709
1267,0.5106783828735351,490.71505524175,-490.20437685887646,0.001040682115573707
3271,107.5630244140625,597.9434966725,-490.3804722584375,0.17988827511755284
4510,0.0,490.3923401205,-490.3923401205,0.0
4086,2.288934295654297,492.69932864225,-490.4103943465957,0.004645702070096781
1854,0.0,490.46269170325,-490.46269170325,0.0
1087,0.0,490.5663844375,-490.5663844375,0.0
4245,0.0,490.59651562175,-490.59651562175,0.0
7326,0.0,490.79892070175,-490.79892070175,0.0
6390,0.0,490.80102851500004,-490.80102851500004,0.0
54,0.0,490.83430400475,-490.83430400475,0.0
5060,0.1070824327468872,490.948977968,-490.8418955352531,0.00021811315907404466
6069,0.0,490.91117781075,-490.91117781075,0.0
7602,0.9870400047302247,491.92207320825,-490.9350332035198,0.0020064966718943613
2430,0.0,491.0341698405,-491.0341698405,0.0
2926,0.0,491.03965217175,-491.03965217175,0.0
5371,48.27572875976563,539.3269085275,-491.05117976773437,0.08951107001514093
1279,0.0,491.1937551645,-491.1937551645,0.0
1429,176.70583398437498,667.9653679029999,-491.2595339186249,0.26454340630649625
1183,0.0,491.3166527795,-491.3166527795,0.0
451,0.0,491.3897035745,-491.3897035745,0.0
2406,0.0,491.434235175,-491.434235175,0.0
6113,531.28901171875,1022.7595543895,-491.47054267075,0.5194661921456387
1388,0.0,491.47623851674996,-491.47623851674996,0.0
2214,0.0,491.48581031775,-491.48581031775,0.0
7955,200.44225878906252,691.9434740622501,-491.50121527318754,0.2896801054031616
2906,0.0,491.58975122649997,-491.58975122649997,0.0
4246,0.0,491.59209564725,-491.59209564725,0.0
3102,0.6345899848937988,492.23086909849997,-491.59627911360616,0.0012892120820598096
7506,1.090257942199707,492.71731555575,-491.62705761355033,0.0022127453319906736
3264,0.0,491.67137308674995,-491.67137308674995,0.0
5155,49.362072265625,541.0458384585,-491.68376619287505,0.09123454736298962
595,0.0,491.75659705475,-491.75659705475,0.0
282,3.9361528987884524,495.7703284525,-491.83417555371153,0.007939468469473175
8313,180.4154892578125,672.277236939,-491.86174768118747,0.2683647148472737
4484,10.921564025878906,502.8440968505,-491.9225328246211,0.021719582814166756
3219,0.0,492.00590937175,-492.00590937175,0.0
5254,0.0,492.00966415125,-492.00966415125,0.0
8635,0.0,492.0400716015,-492.0400716015,0.0
7290,3.2682431793212894,495.40177796300003,-492.1335347836787,0.0065971567283479296
366,0.0,492.20924667825,-492.20924667825,0.0
2696,131.9886328125,624.22311900325,-492.23448619075,0.21144463987782575
2622,0.0,492.2630241325,-492.2630241325,0.0
2904,0.0,492.2754593195,-492.2754593195,0.0
3773,0.0,492.27936940075,-492.27936940075,0.0
4344,0.0,492.43777933475,-492.43777933475,0.0
2958,0.529578161239624,492.97135804775,-492.4417798865104,0.0010742574624671617
1356,161.8632041015625,654.32761409725,-492.46440999568756,0.24737333465209999
8323,0.0,492.49648506675,-492.49648506675,0.0
571,0.0,492.52359871775,-492.52359871775,0.0
5491,72.9856455078125,565.5307399225,-492.54509441468747,0.12905690217433188
2360,126.97190625,619.65294595075,-492.68103970075,0.20490809714504873
247,0.0,492.71677128325,-492.71677128325,0.0
2574,0.0,492.743117302,-492.743117302,0.0
6249,502.61647265625004,995.361788829,-492.74531617275,0.5049585766624596
5302,0.0,492.868310351,-492.868310351,0.0
5856,0.0,492.90053359975,-492.90053359975,0.0
5078,457.83698046874997,950.7686633505,-492.93168288175,0.48154403656278766
1111,0.0,492.95612493699997,-492.95612493699997,0.0
7495,0.0,492.97188869475,-492.97188869475,0.0
7759,0.0,492.983223372,-492.983223372,0.0
4446,2.2733428802490234,495.270041261,-492.996698380751,0.004590107792247619
5218,354.60874609374997,847.62320820275,-493.014462109,0.4183565790126072
4076,8.633602783203125,501.74761657425,-493.1140137910469,0.01720706283558088
5216,200.9109990234375,694.206512438,-493.2955134145625,0.28941099677737464
4397,0.0,493.32776563625,-493.32776563625,0.0
7626,0.9718591346740721,494.31220177,-493.34034263532595,0.001966083639505601
6077,0.0,493.50190800375003,-493.50190800375003,0.0
2748,278.8101201171875,772.3187759525,-493.5086558353125,0.3610039383185102
6665,166.1091787109375,659.63177949125,-493.5226007803125,0.2518210668795103
6094,0.0,493.59019017125,-493.59019017125,0.0
5687,0.0,493.59503088425,-493.59503088425,0.0
1399,0.0,493.6625165135,-493.6625165135,0.0
2908,0.0,493.6723730995,-493.6723730995,0.0
8011,0.0,493.9402422325,-493.9402422325,0.0
7954,187.2073974609375,681.23563167425,-494.02823421331254,0.27480564503949756
4822,0.0,494.055904682,-494.055904682,0.0
1880,151.4029638671875,645.52230272075,-494.11933885356245,0.23454335039162916
258,3.673985626220703,497.8560761795,-494.1820905532793,0.007379613897725029
7158,0.0,494.19743770725,-494.19743770725,0.0
5275,53.778010498046875,548.008739115,-494.2307286169532,0.09813349051104828
6214,0.0,494.236158167,-494.236158167,0.0
5094,0.11606416511535644,494.3586700925,-494.24260592738466,0.00023477724150941322
7483,0.0,494.2553467285,-494.2553467285,0.0
6263,0.0,494.29320381075,-494.29320381075,0.0
4433,724.5324609375,1218.853103771,-494.32064283349996,0.5944378843532799
2046,0.0,494.33501845525,-494.33501845525,0.0
3839,0.0,494.3781164075,-494.3781164075,0.0
5813,0.0,494.39897145824995,-494.39897145824995,0.0
4613,0.0,494.46631490425,-494.46631490425,0.0
4386,426.94573828125,921.45697514425,-494.511236863,0.463337680797387
8479,0.0,494.64668624075,-494.64668624075,0.0
6451,0.5160371971130371,495.21150234099997,-494.6954651438869,0.0010420541397595457
3220,0.0,494.7447627445,-494.7447627445,0.0
118,0.0,494.7893441,-494.7893441,0.0
69,0.0,494.82612873,-494.82612873,0.0
4699,102.36644677734375,597.286262647,-494.9198158696562,0.17138590489642164
5551,30.915040649414063,525.884974288,-494.9699336385859,0.0587866969055039
4943,0.0,495.01605267025,-495.01605267025,0.0
6968,134.81291748046874,629.88724895825,-495.07433147778124,0.21402706196927207
7771,0.0,495.07441048125,-495.07441048125,0.0
1782,0.0,495.10086110725,-495.10086110725,0.0
4706,0.0,495.22111851249997,-495.22111851249997,0.0
4392,0.0,495.361811805,-495.361811805,0.0
3211,124.95267724609376,620.319924921,-495.3672476749063,0.20143263504001468
7459,0.0,495.4667356255,-495.4667356255,0.0
3815,0.0,495.49713879499996,-495.49713879499996,0.0
3799,128.3616494140625,623.8604713555001,-495.49882194143754,0.20575377845211038
1544,77.923224609375,573.4796738835,-495.55644927412504,0.13587791864673282
6562,252.973833984375,748.570777279,-495.596943294625,0.3379424382100166
523,0.0,495.63982655175,-495.63982655175,0.0
4895,0.0,495.79197674325,-495.79197674325,0.0
8001,107.54095166015625,603.5062216105,-495.9652699503438,0.17819360866733377
342,0.0,496.1232423685,-496.1232423685,0.0
2190,0.0,496.18110787475,-496.18110787475,0.0
2905,0.0,496.21450077,-496.21450077,0.0
8587,0.0,496.2364269635,-496.2364269635,0.0
2733,0.0,496.24135911400003,-496.24135911400003,0.0
4633,0.0,496.314706048,-496.314706048,0.0
8671,0.0,496.3837276085,-496.3837276085,0.0
1207,0.0,496.40425576075,-496.40425576075,0.0
7747,0.0,496.45416387825003,-496.45416387825003,0.0
8347,0.0,496.51183947025,-496.51183947025,0.0
2070,0.0,496.51925372925,-496.51925372925,0.0
7819,0.0,496.5201636925,-496.5201636925,0.0
4798,0.0,496.549764954,-496.549764954,0.0
6784,362.18314062499996,858.7385303205,-496.5553896955,0.42176183717768373
8491,0.0,496.55720283225,-496.55720283225,0.0
3668,2.9570836334228514,499.5397562795,-496.5826726460772,0.005919616187362478
5582,395.535841796875,892.342888798,-496.807047001125,0.4432554417354215
7675,0.0,496.80855907575,-496.80855907575,0.0
2238,0.0,496.8785010815,-496.8785010815,0.0
3774,4.212458694458007,501.10093843775,-496.888479743292,0.008406407497827702
4422,2.27880655670166,499.2798863895,-497.0010798327983,0.004564186570014805
7410,0.09819396805763245,497.191935626,-497.09374165794236,0.0001974971048886828
6725,0.0,497.11770465525,-497.11770465525,0.0
4614,1.9660119094848632,499.09681382975003,-497.1308019202652,0.0039391393634830175
4636,0.0,497.13219661325,-497.13219661325,0.0
6128,196.7524638671875,694.108332518,-497.3558686508125,0.28346074289293227
6321,505.967126953125,1003.39587730475,-497.428750351625,0.5042547392241264
1351,0.0,497.517868499,-497.517868499,0.0
6119,0.0,497.53516674900004,-497.53516674900004,0.0
4640,298.070853515625,795.6812323335,-497.610378817875,0.37461088816542726
427,0.0,497.63304030525,-497.63304030525,0.0
8418,0.09091383099555968,497.81790810725,-497.72699427625446,0.0001826246692462267
4680,0.0,497.7550895605,-497.7550895605,0.0
4707,0.0,497.87124456375,-497.87124456375,0.0
354,9.420756317138672,507.330299643,-497.9095433258613,0.018569275884366906
511,0.0,497.91218013125,-497.91218013125,0.0
5036,0.5158525333404542,498.4339738385,-497.9181213051595,0.0010349465714242256
7987,0.0,497.950026846,-497.950026846,0.0
5566,0.0,497.96186172474995,-497.96186172474995,0.0
7603,0.0,497.96823406025,-497.96823406025,0.0
5300,0.9403951072692871,498.9718911425,-498.0314960352307,0.0018846654933435054
2623,45.972422607421876,544.036193464,-498.0637708565781,0.0845025075081911
8442,0.09242841935157776,498.16603761824996,-498.0736091988984,0.00018553737546610772
4302,2.023736442565918,500.11627303324997,-498.09253659068406,0.00404653187196898
6292,0.0,498.0942698165,-498.0942698165,0.0
2076,190.2160166015625,688.31570048475,-498.0996838831875,0.27634996004195733
405,0.0,498.11400917624997,-498.11400917624997,0.0
8611,0.0,498.16131909325003,-498.16131909325003,0.0
5419,60.40967163085938,558.6064189665,-498.19674733564057,0.108143532676338
2286,0.0,498.2439285775,-498.2439285775,0.0
8743,0.0,498.24462966275,-498.24462966275,0.0
223,0.0,498.33080282,-498.33080282,0.0
1423,0.0,498.3407347815,-498.3407347815,0.0
4988,0.5149817142486572,498.97431758025,-498.4593358660013,0.0010320806002881145
8071,0.0,498.48173328125,-498.48173328125,0.0
5479,27.5028955078125,525.9983776067501,-498.49548209893754,0.05228703476360784
2732,0.1112401442527771,498.6368140005,-498.5255738562472,0.00022308851032723197
2747,237.7559296875,736.297863466,-498.5419337785,0.32290726506443485
6560,126.65035986328125,625.60093832325,-498.95057845996877,0.20244592343529172
3433,0.0,498.97049560425,-498.97049560425,0.0
7062,0.0,498.98365830875,-498.98365830875,0.0
4009,0.0,498.99835116024997,-498.99835116024997,0.0
7645,136.0943984375,635.15029231625,-499.05589387875,0.2142711730902669
3369,207.2846123046875,706.357681428,-499.0730691233125,0.2934555926286203
5375,0.0,499.20491737225,-499.20491737225,0.0
4085,0.0,499.2593111855,-499.2593111855,0.0
1255,0.0,499.3127730325,-499.3127730325,0.0
6452,0.0,499.3800867565,-499.3800867565,0.0
4989,0.0,499.4605451415,-499.4605451415,0.0
7651,0.0,499.5064819745,-499.5064819745,0.0
3199,105.44558837890625,604.95914216375,-499.5135537848438,0.17430199968126492
7665,135.6901533203125,635.21279396075,-499.5226406404375,0.21361369669623365
5179,111.86114404296875,611.6056724157501,-499.7445283727813,0.18289749246150158
7650,0.477776611328125,500.35809575375,-499.88031914242185,0.0009548693514262478
6448,249.989009765625,749.88165939325,-499.8926496276249,0.3333712810559026
7795,0.0,499.95480755725,-499.95480755725,0.0
8683,0.0,500.040084767,-500.040084767,0.0
8481,169.2793974609375,669.34108039375,-500.06168293281246,0.2529045387569097
2971,102.922205078125,603.03687741475,-500.11467233662506,0.17067315244249176
5086,0.0,500.11923647000003,-500.11923647000003,0.0
1375,0.0,500.16500948075,-500.16500948075,0.0
3869,0.0,500.2488904225,-500.2488904225,0.0
45,0.0,500.29862070975,-500.29862070975,0.0
8659,0.0,500.313337876,-500.313337876,0.0
7999,0.0,500.3196582805,-500.3196582805,0.0
8755,0.0,500.3508190265,-500.3508190265,0.0
4061,0.0,500.351743124,-500.351743124,0.0
3218,0.0,500.37951816525003,-500.37951816525003,0.0
5470,0.0,500.4305017075,-500.4305017075,0.0
8634,1.075165340423584,501.582139643,-500.5069743025764,0.0021435478923657104
1878,0.0,500.51179725675,-500.51179725675,0.0
259,0.0,500.59818116400004,-500.59818116400004,0.0
8083,0.0,500.684226842,-500.684226842,0.0
3063,589.7478515625,1090.43430935025,-500.68645778775,0.5408375781692633
2933,0.0,500.9000552115,-500.9000552115,0.0
78,0.0,501.05907986899996,-501.05907986899996,0.0
547,0.0,501.084171378,-501.084171378,0.0
6143,0.0,501.13896759775,-501.13896759775,0.0
613,143.372796875,644.566446074,-501.19364919900005,0.22243291987325545
2745,174.8471259765625,676.092512273,-501.2453862964375,0.2586142022637083
414,0.0,501.2771360165,-501.2771360165,0.0
6191,0.0,501.29438436149997,-501.29438436149997,0.0
2752,158.42950830078127,659.81241170025,-501.3829033994687,0.2401129552146742
8299,0.0,501.4200397835,-501.4200397835,0.0
4965,0.0,501.4668053965,-501.4668053965,0.0
6668,0.0,501.51021991925,-501.51021991925,0.0
8107,0.0,501.6834585935,-501.6834585935,0.0
691,0.0,501.75385476725,-501.75385476725,0.0
6729,372.8362890625,874.6775056240001,-501.8412165615001,0.42625571852366395
3432,0.0,501.90871538150003,-501.90871538150003,0.0
8275,0.0,501.99042779974997,-501.99042779974997,0.0
6944,128.64454931640626,630.66048681675,-502.01593750034374,0.2039838420221219
7507,0.0,502.14440029225,-502.14440029225,0.0
8346,0.3965688991546631,502.59450404975,-502.19793515059536,0.0007890434439099332
4448,234.73282910156252,737.0099157755,-502.27708667393745,0.3184934473182459
2955,0.0,502.30446230025,-502.30446230025,0.0
8586,1.0374060287475586,503.35382331075,-502.3164172820024,0.0020609876763489268
4148,2.0010512084960936,504.31754391,-502.3164927015039,0.0039678397642366366
3504,0.0,502.38198524725004,-502.38198524725004,0.0
3198,1.1347282180786133,503.57472968375,-502.44000146567134,0.002253346224378431
3217,0.0,502.47276290475,-502.47276290475,0.0
5573,0.0,502.52446528350004,-502.52446528350004,0.0
4077,0.0,502.538620324,-502.538620324,0.0
1952,160.01729296874998,662.57940110775,-502.562108139,0.24150659145109926
2382,0.0,502.659778844,-502.659778844,0.0
4555,171.60387500000002,674.29231819475,-502.68844319475,0.2544947793635436
3896,365.54558203125,868.248735931,-502.7031538997501,0.4210148157811832
4846,0.0,502.74566166175,-502.74566166175,0.0
6472,249.0281630859375,751.92191033475,-502.8937472488125,0.33118886327422375
94,0.0,502.96572673425,-502.96572673425,0.0
3870,3.2700977020263675,506.25771181975,-502.98761411772364,0.006459353841371827
7761,95.04372851562499,598.22292877525,-503.179200259625,0.1588767728300427
8647,0.0,503.21035041150003,-503.21035041150003,0.0
4078,0.0,503.28151346375,-503.28151346375,0.0
3117,0.0,503.32099826525,-503.32099826525,0.0
8503,0.0,503.37087692375,-503.37087692375,0.0
3474,445.58851171875,949.0570022297501,-503.4684905110001,0.4695065841170352
4607,0.0,503.55091963225,-503.55091963225,0.0
4099,114.20723583984375,617.78306797025,-503.5758321304063,0.18486624444112681
3739,120.6690224609375,624.2705039235001,-503.60148146256256,0.19329604956384192
4411,168.2974619140625,671.9023067432499,-503.6048448291874,0.2504790651476271
2358,0.0,503.765579198,-503.765579198,0.0
931,0.0,503.76880764475,-503.76880764475,0.0
4542,2.603180191040039,506.434488797,-503.8313086059599,0.005140211110194138
3958,0.0,504.12908303675,-504.12908303675,0.0
6332,0.0,504.13624818025,-504.13624818025,0.0
6055,13.897596252441407,518.1341524105,-504.23655615805853,0.02682238984047596
4174,0.0,504.24849666475,-504.24849666475,0.0
1788,180.925419921875,685.230919824,-504.305499902125,0.26403569136125615
535,0.0,504.38439495574994,-504.38439495574994,0.0
6979,0.0,504.44231328424996,-504.44231328424996,0.0
5124,275.823265625,780.357430762,-504.53416513700006,0.3534576008358217
68,0.0,504.540667799,-504.540667799,0.0
3720,0.0,504.62022331675,-504.62022331675,0.0
561,159.0339296875,663.66335744425,-504.62942775675,0.23963042054981767
4508,10.881307739257812,515.5503794924999,-504.6690717532421,0.021106196699657194
3527,0.0,504.679456864,-504.679456864,0.0
7843,0.0,504.6894600455,-504.6894600455,0.0
6331,1.935366149902344,506.6417544065,-504.7063882565977,0.0038199894289200824
6268,0.0,504.808176724,-504.808176724,0.0
7986,0.49245816802978515,505.31824497225,-504.82578680422023,0.0009745505371219643
4976,105.95047216796874,610.9187468625,-504.96827469453126,0.1734280909510001
7627,0.0,505.01496756975,-505.01496756975,0.0
8322,0.3941322269439697,505.559298599,-505.16516637205604,0.0007795964336064788
8010,0.4020966472625732,505.64451600625,-505.24241935898743,0.0007952160732271979
5802,265.962525390625,771.2824302665,-505.319904875875,0.3448315618364285
2864,105.5465615234375,610.95816490275,-505.4116033793125,0.17275579149921372
7400,42.07627587890625,547.5691385625,-505.4928626835938,0.07684194166333881
3216,0.0,505.56811819924997,-505.56811819924997,0.0
955,0.0,505.73558476249997,-505.73558476249997,0.0
8610,1.0418912315368654,506.789223978,-505.74733274646314,0.0020558669762209218
2949,0.0,505.76301016425,-505.76301016425,0.0
1715,158.54841015625,664.37700530325,-505.82859514700004,0.23864222971600213
5613,0.0,505.87435439924997,-505.87435439924997,0.0
3062,615.0501484375,1120.9964065125,-505.94625807500006,0.5486637997371473
883,0.0,506.0502881235,-506.0502881235,0.0
4417,0.0,506.07081576625,-506.07081576625,0.0
715,0.0,506.08966146750004,-506.08966146750004,0.0
6920,140.20889599609376,646.51350618725,-506.3046101911562,0.21686924470625948
3952,479.51961328125003,985.88874199625,-506.369128715,0.48638309006747016
7674,0.4775989093780518,506.8519927695,-506.3743938601219,0.0009422847601448884
1231,0.0,506.58345543375,-506.58345543375,0.0
5261,0.0,506.59489033675,-506.59489033675,0.0
8179,0.0,506.62617156725,-506.62617156725,0.0
5877,0.0,506.649361988,-506.649361988,0.0
3046,0.0,506.6869637885,-506.6869637885,0.0
4950,0.5334733276367188,507.232504162,-506.69903083436327,0.0010517333219138589
907,0.0,506.860055914,-506.860055914,0.0
589,141.82982958984374,648.69725791075,-506.86742832090624,0.21863793571132878
1243,0.1069671106338501,507.09799801075,-506.9910309001162,0.00021093972140004934
8269,139.1535771484375,646.15161220475,-506.99803505631246,0.21535747076180875
7735,0.0,507.08915731325,-507.08915731325,0.0
6392,172.119673828125,679.245270591,-507.12559676287503,0.25339841295467264
4367,0.0,507.16215160575,-507.16215160575,0.0
8407,0.0,507.36092179525,-507.36092179525,0.0
6269,0.0,507.37070555825,-507.37070555825,0.0
7567,0.0,507.46974772975,-507.46974772975,0.0
379,0.0,507.5164780975,-507.5164780975,0.0
1042,168.200376953125,675.81468116275,-507.61430420962506,0.24888535480591836
1387,0.7206794261932373,508.3803068195,-507.6596273933068,0.0014175990200806794
4541,0.0,507.68813617850003,-507.68813617850003,0.0
4535,0.0,507.7501865195,-507.7501865195,0.0
6152,200.0018740234375,707.8098807975,-507.8080067740625,0.2825643992360321
7615,0.0,507.83153490575,-507.83153490575,0.0
4424,321.97416796875,829.82719726275,-507.853029294,0.38800146421183296
4919,0.0,507.90277598225003,-507.90277598225003,0.0
8335,0.0,507.9045620785,-507.9045620785,0.0
4949,0.0,507.94928970225,-507.94928970225,0.0
4054,0.0,508.030476929,-508.030476929,0.0
1447,0.0,508.2573213955,-508.2573213955,0.0
8754,1.9986560134887694,510.28086069975,-508.28220468626125,0.003916776354949368
4821,0.0,508.30345214725,-508.30345214725,0.0
3934,0.0,508.31530441750004,-508.31530441750004,0.0
6356,0.0,508.508665429,-508.508665429,0.0
4654,0.0,508.52097925325,-508.52097925325,0.0
6896,102.847359375,611.401817539,-508.55445816400004,0.16821565827324994
8649,142.83911279296876,651.4258233995,-508.58671060653126,0.21927149253660813
8106,0.052280788064002985,508.70367560375,-508.651394815686,0.00010277257757019637
4277,0.0,508.65365493825,-508.65365493825,0.0
7770,0.4807398624420166,509.135173945,-508.654434082558,0.0009442283426870853
7963,0.0,508.79510722925,-508.79510722925,0.0
6666,40.1417724609375,549.03551589675,-508.8937434358125,0.07311325265044091
5204,1.4210152702331542,510.47530217825005,-509.0542869080169,0.002783710125418071
5237,0.0,509.22391333,-509.22391333,0.0
5575,6.608996398925781,515.8971540587501,-509.28815765982426,0.012810685878221508
2995,28.025339965820315,537.3158227295,-509.29048276367973,0.052158039514445906
7746,0.48176552391052246,509.845600217,-509.36383469308953,0.000944924351137971
6282,190.8943408203125,700.2646327,-509.3702918796875,0.2726031440595263
6625,0.0,509.4228913755,-509.4228913755,0.0
5117,0.0,509.4442180785,-509.4442180785,0.0
8455,0.0,509.51138370075,-509.51138370075,0.0
7956,162.2192373046875,671.88060924275,-509.6613719380625,0.24144056969597294
8155,0.0,509.72521862850004,-509.72521862850004,0.0
4229,0.0,509.728533464,-509.728533464,0.0
6992,114.846021484375,624.5933428505,-509.747321366125,0.18387327148952784
4964,1.137533363342285,510.90643516,-509.7689017966577,0.0022265003586410975
4902,0.11585217094421386,509.89260769825,-509.7767555273058,0.000227208963157915
283,0.0,509.79403029275,-509.79403029275,0.0
3965,0.0,509.808010197,-509.808010197,0.0
8658,0.525823091506958,510.33765236875,-509.8118292772431,0.0010303435148004234
4149,0.0,509.89772565674997,-509.89772565674997,0.0
3725,0.0,509.90406988725005,-509.90406988725005,0.0
7458,0.08664420819282531,510.07288457774996,-509.98624036955715,0.0001698663282104969
6488,146.5560751953125,656.6081101115,-510.0520349161875,0.22320174349845262
7669,134.37092041015626,644.44172541975,-510.07080500959376,0.20850748004271102
787,0.0,510.14337865175,-510.14337865175,0.0
8082,0.05203020465373993,510.1978402315,-510.1458100268462,0.0001019804484631903
1928,138.27076025390625,648.45640787075,-510.18564761684377,0.21323061714309666
4463,0.0,510.19393891725,-510.19393891725,0.0
187,0.0,510.2084755855,-510.2084755855,0.0
4566,2.2699364318847657,512.48117476575,-510.2112383338652,0.00442930694672448
5661,0.0,510.256789862,-510.256789862,0.0
4938,182.7216435546875,693.02493302425,-510.3032894695625,0.26365810894228775
8274,0.38673162651062015,510.7176218045,-510.33089017798943,0.0007572318033338335
4727,0.0,510.3459896695,-510.3459896695,0.0
5061,0.0,510.3731299735,-510.3731299735,0.0
4713,343.6779453125,854.053388484,-510.3754431715,0.40240803390540086
6633,197.3783076171875,707.83661966125,-510.4583120440625,0.2788472676545044
5399,0.0,510.5126610635,-510.5126610635,0.0
6184,343.006984375,853.5248692727499,-510.5178848977499,0.4018711068904058
8095,0.0,510.5941413615,-510.5941413615,0.0
5134,0.0,510.6085048175,-510.6085048175,0.0
3334,0.0,510.626254648,-510.626254648,0.0
22,0.0,510.63389182925,-510.63389182925,0.0
3215,0.0,510.6472739525,-510.6472739525,0.0
5683,66.01851586914063,576.88501133575,-510.8664954666094,0.11443964474278544
128,0.3115433320999146,511.18145783075,-510.8699144986501,0.000609457418139779
7075,0.0,510.87413161375,-510.87413161375,0.0
4509,0.0,510.89451487975003,-510.89451487975003,0.0
7818,0.9218871116638182,511.869899813,-510.9480127013362,0.001801018403699046
4140,367.023751953125,878.031524383,-511.00777242987505,0.41800748759337325
8131,0.0,511.02201179475,-511.02201179475,0.0
5588,0.0,511.058034341,-511.058034341,0.0
44,0.0,511.18086508675,-511.18086508675,0.0
5855,0.0,511.22810595475,-511.22810595475,0.0
4870,0.0,511.31348748575,-511.31348748575,0.0
1519,0.0,511.34412122149996,-511.34412122149996,0.0
6931,0.0,511.629883973,-511.629883973,0.0
4708,0.0,511.67564917675,-511.67564917675,0.0
3308,1.418771816253662,513.21096402625,-511.7921922099964,0.0027645002015518
1237,183.862013671875,695.676379379,-511.814365707125,0.2642924481232325
5279,0.0,511.85831606925,-511.85831606925,0.0
3871,122.9772763671875,634.976591449,-511.9993150818125,0.19367214135072983
4087,86.88069482421875,598.89240880325,-512.0117139790312,0.14506895295727837
7794,0.3878794898986816,512.438242939,-512.0503634491014,0.0007569292387647286
5876,0.0,512.06183425175,-512.06183425175,0.0
5381,0.0,512.240824555,-512.240824555,0.0
205,137.71075341796876,650.01033258725,-512.2995791692813,0.21185932946323544
8298,0.4128220310211182,512.723144084,-512.3103220529788,0.000805155833083145
6783,444.6810390625,957.00033566975,-512.31929660725,0.4646613193574606
6230,883.361078125,1395.7382211505,-512.3771430255001,0.6328988230786937
5542,0.0,512.388968585,-512.388968585,0.0
3890,0.0,512.569458147,-512.569458147,0.0
5405,0.0,512.58467269525,-512.58467269525,0.0
3626,0.0,512.66730189525,-512.66730189525,0.0
5446,0.0,512.77589927475,-512.77589927475,0.0
5564,0.0,512.77668825475,-512.77668825475,0.0
4253,0.0,512.89141850925,-512.89141850925,0.0
4901,0.0,512.89367105875,-512.89367105875,0.0
6801,190.00776953125,702.9310325710001,-512.92326303975,0.27030784025280646
404,0.0,512.93701779525,-512.93701779525,0.0
5556,369.934505859375,882.97706995875,-513.042564099375,0.4189627545568023
5453,0.0,513.05714872925,-513.05714872925,0.0
3914,0.0,513.06986654475,-513.06986654475,0.0
8250,0.05771467041969299,513.14696217375,-513.0892475033303,0.00011247201008992619
5755,44.35435375976562,557.47342941375,-513.1190756539843,0.07956317079873451
4806,0.8674431762695313,514.03919250475,-513.1717493284805,0.001687503963180807
8515,0.0,513.185708835,-513.185708835,0.0
6242,0.0,513.3553229922501,-513.3553229922501,0.0
5955,0.0,513.38515158975,-513.38515158975,0.0
7962,0.09750443935394287,513.5895086749999,-513.4920042356459,0.00018984896988188837
3889,0.0,513.5314360360001,-513.5314360360001,0.0
3438,2.981188720703125,516.52245487225,-513.5412661515469,0.0057716536557327405
4343,0.0,513.5835550104999,-513.5835550104999,0.0
6409,0.0,513.618029707,-513.618029707,0.0
4102,0.0,513.64668012125,-513.64668012125,0.0
6745,0.0,513.67699960275,-513.67699960275,0.0
5954,0.0,513.751351604,-513.751351604,0.0
6408,0.0,513.76328281625,-513.76328281625,0.0
8682,0.5328299808502197,514.39264583375,-513.8598158528997,0.0010358429190812843
3913,0.0,513.9148626125,-513.9148626125,0.0
402,10.2870546875,524.21968679775,-513.93263211025,0.019623556548812534
2022,0.0,513.940240514,-513.940240514,0.0
7903,0.0,513.95219819425,-513.95219819425,0.0
1616,96.19297021484374,610.16431641525,-513.9713462004063,0.1576509269213447
8178,0.05127139911055565,514.0525549135,-514.0012835143895,9.973960545618438e-05
117,0.0,514.00744188375,-514.00744188375,0.0
5710,0.0,514.1592470025,-514.1592470025,0.0
6241,0.0,514.1844385875,-514.1844385875,0.0
8130,0.40169381713867186,514.6087348425,-514.2070410253613,0.0007805810301316249
3263,0.0,514.30289372275,-514.30289372275,0.0
4440,0.0,514.3428152845,-514.3428152845,0.0
6744,0.0,514.3885013655,-514.3885013655,0.0
4616,198.37344140624998,712.9322026275,-514.55876122125,0.27825007819382797
5285,0.0,514.70025688025,-514.70025688025,0.0
6464,105.12533935546875,619.865004083,-514.7396647275312,0.1695939252795735
5429,0.0,514.7508653470001,-514.7508653470001,0.0
1520,72.16550537109376,586.94254212325,-514.7770367521562,0.12295156692354466
5953,0.0,514.79359443725,-514.79359443725,0.0
4750,0.0,514.794819785,-514.794819785,0.0
6746,0.0,514.839006443,-514.839006443,0.0
3888,0.0,514.94271400275,-514.94271400275,0.0
6824,102.31644140625,617.475968586,-515.1595271797501,0.1657010903191103
6410,0.0,515.2085925590001,-515.2085925590001,0.0
8745,126.36816601562501,641.78796341,-515.419797394375,0.19690018046972277
5141,0.0,515.4237376570001,-515.4237376570001,0.0
4845,0.0,515.4599138445,-515.4599138445,0.0
3531,0.0,515.51883672925,-515.51883672925,0.0
3891,0.0,515.52020365975,-515.52020365975,0.0
6747,0.0,515.58593231375,-515.58593231375,0.0
6411,0.0,515.61179607625,-515.61179607625,0.0
5761,0.0,515.6197221605,-515.6197221605,0.0
6243,0.0,515.65972851575,-515.65972851575,0.0
5612,0.0,515.70606645975,-515.70606645975,0.0
2262,0.0,515.71132195575,-515.71132195575,0.0
1017,115.97547998046875,631.70025052325,-515.7247705427812,0.1835925816094126
5213,0.0,515.7483446897501,-515.7483446897501,0.0
3393,250.198259765625,765.947913314,-515.7496535483749,0.3266517932746225
7915,0.0,515.7729910512501,-515.7729910512501,0.0
1063,0.0,515.79224761125,-515.79224761125,0.0
3627,0.0,515.80984791525,-515.80984791525,0.0
8251,0.0,515.892216317,-515.892216317,0.0
3602,0.0,515.90704138975,-515.90704138975,0.0
3601,0.0,515.9279615952499,-515.9279615952499,0.0
6444,391.07423046875,907.022161489,-515.94793102025,0.4311628167889368
2902,0.0,515.982304911,-515.982304911,0.0
6768,0.0,515.9874189452499,-515.9874189452499,0.0
3092,0.3406293869018554,516.3804462065,-516.0398168195982,0.0006596481116676327
7472,55.96399169921875,572.04760006975,-516.0836083705312,0.09783100496281084
4805,0.0,516.1275227360001,-516.1275227360001,0.0
3912,0.0,516.14367736125,-516.14367736125,0.0
7434,0.08593225550651551,516.27001527375,-516.1840830182435,0.00016644827860959932
6286,0.0,516.27091361875,-516.27091361875,0.0
6771,0.0,516.4257520145001,-516.4257520145001,0.0
8005,120.62791015625,637.0847842539999,-516.45687409775,0.18934357396112786
5882,0.0,516.476845505,-516.476845505,0.0
5762,0.0,516.4913735145,-516.4913735145,0.0
763,0.0,516.51104245275,-516.51104245275,0.0
1568,69.13972534179688,585.65286945625,-516.5131441144531,0.1180558122901949
3603,0.0,516.56379992975,-516.56379992975,0.0
5956,0.0,516.6637436475,-516.6637436475,0.0
5763,0.0,516.68323714375,-516.68323714375,0.0
4565,0.0,516.721351962,-516.721351962,0.0
4561,0.0,516.86260987125,-516.86260987125,0.0
6407,0.0,516.9191044527499,-516.9191044527499,0.0
6769,0.0,516.92870652175,-516.92870652175,0.0
3670,0.0,517.15552316375,-517.15552316375,0.0
5952,0.0,517.16239346825,-517.16239346825,0.0
4270,0.0,517.2653094687499,-517.2653094687499,0.0
6218,0.0,517.267120956,-517.267120956,0.0
5646,0.0,517.302429567,-517.302429567,0.0
3331,40.69312426757813,558.05375533925,-517.3606310716718,0.07291972109375089
5549,0.0,517.44165223825,-517.44165223825,0.0
7644,133.1271435546875,650.59847124525,-517.4713276905625,0.2046225886379023
5146,258.8138447265625,776.29092583925,-517.4770811126875,0.33339800296307753
7578,0.9981793785095214,518.5713405235,-517.5731611449904,0.0019248641384172734
6240,0.0,517.66996289825,-517.66996289825,0.0
93,0.0,517.691051798,-517.691051798,0.0
5790,0.0,517.70070766675,-517.70070766675,0.0
5660,0.0,517.74556622125,-517.74556622125,0.0
110,113.476896484375,631.266993496,-517.790097011625,0.17976054106071918
6219,0.0,517.79330732075,-517.79330732075,0.0
3915,0.0,517.79709734975,-517.79709734975,0.0
6624,0.0,517.85303440175,-517.85303440175,0.0
8154,0.09583068227767945,518.03960729525,-517.9437766129723,0.00018498717229950107
6315,0.0,517.955584658,-517.955584658,0.0
7831,0.0,518.0042006140001,-518.0042006140001,0.0
6402,171.81151660156252,689.8763198095,-518.0648032079375,0.24904683842454411
4391,0.0,518.17400506675,-518.17400506675,0.0
5515,12.92845458984375,531.14356961125,-518.2151150214062,0.02434079089946517
3600,0.0,518.2340289489999,-518.2340289489999,0.0
6770,0.0,518.2491511035,-518.2491511035,0.0
3064,457.45241015625,975.7307714684999,-518.2783613122499,0.46883056583215243
859,0.0,518.45822146775,-518.45822146775,0.0
6,0.0,518.49768780175,-518.49768780175,0.0
5253,0.0,518.5106756624999,-518.5106756624999,0.0
3763,169.4370595703125,687.94952410925,-518.5124645389375,0.24629286508106102
5477,0.0,518.58468601575,-518.58468601575,0.0
2575,25.080115478515623,543.766120546,-518.6860050674844,0.04612298281329019
3530,0.0,518.7766719687501,-518.7766719687501,0.0
2550,0.0,518.86795598625,-518.86795598625,0.0
6486,0.0,518.9015719515,-518.9015719515,0.0
5014,0.0,518.981183578,-518.981183578,0.0
3838,0.0,519.05064320975,-519.05064320975,0.0
1686,0.0,519.11921152925,-519.11921152925,0.0
7579,0.0,519.2599627980001,-519.2599627980001,0.0
6476,0.0,519.3329833035,-519.3329833035,0.0
705,158.655197265625,677.989624399,-519.334427133375,0.23400829647246546
6190,0.0,519.4310745605001,-519.4310745605001,0.0
1950,0.0,519.50871683075,-519.50871683075,0.0
5883,0.0,519.58284354775,-519.58284354775,0.0
6767,0.0,519.775120547,-519.775120547,0.0
7456,71.5943115234375,591.3829970295001,-519.7886855060626,0.12106251238535969
6743,0.0,519.8391445945,-519.8391445945,0.0
3526,0.0,519.8661084205,-519.8661084205,0.0
3459,0.0,519.8904299195,-519.8904299195,0.0
679,0.0,519.9981926265,-519.9981926265,0.0
5468,0.5239015769958496,520.5238150375,-519.9999134605041,0.0010064891573724002
5084,2.695879287719727,522.8993318565,-520.2034525687802,0.005155637267679515
4325,0.0,520.2434721767501,-520.2434721767501,0.0
3887,0.0,520.3417984194999,-520.3417984194999,0.0
3911,0.0,520.4715358425,-520.4715358425,0.0
7591,0.0,520.48580415025,-520.48580415025,0.0
5565,0.0,520.49554766325,-520.49554766325,0.0
895,0.0,520.52538423875,-520.52538423875,0.0
5760,0.0,520.71199224575,-520.71199224575,0.0
3786,455.070611328125,975.84423323925,-520.773621911125,0.46633529754150727
4445,0.0,521.0750517815,-521.0750517815,0.0
1015,0.0,521.087844578,-521.087844578,0.0
7807,0.0,521.09154854875,-521.09154854875,0.0
7668,131.25990771484373,652.3805510755,-521.1206433606562,0.20120144185360853
1400,49.2703232421875,570.59237109375,-521.3220478515625,0.08634942500439217
612,134.98502197265626,656.33936436025,-521.3543423875938,0.20566345567062855
4421,0.0,521.410990623,-521.410990623,0.0
6168,0.0,521.41751264325,-521.41751264325,0.0
5301,0.0,521.46075309625,-521.46075309625,0.0
3078,0.5301502685546875,522.11558315575,-521.5854328871952,0.0010153887082530383
2873,297.5146953125,819.159422975,-521.6447276624999,0.3631951078201597
8409,115.01222119140624,636.76729739425,-521.7550762028438,0.18061891915843523
7914,0.3771186370849609,522.17262789,-521.7955092529149,0.0007222106564386853
4627,152.40847802734376,674.252965808,-521.8444877806562,0.22604050042058405
4638,2.6084368591308595,524.5152781307501,-521.9068412716192,0.004973042660365731
8514,0.4398107089996338,522.41394113175,-521.9741304227504,0.0008418816450513412
5708,0.0,522.0540281357501,-522.0540281357501,0.0
877,147.4220732421875,669.55819022775,-522.1361169855625,0.2201781341392655
7454,148.608732421875,670.7934162285,-522.1846838066249,0.22154172746041234
355,0.0,522.21364870275,-522.21364870275,0.0
7783,0.0,522.351534703,-522.351534703,0.0
4796,6.121546783447265,528.7902152535,-522.6686684700528,0.011576512944620402
5310,0.0,522.7442726862499,-522.7442726862499,0.0
5779,47.63611694335937,570.394187323,-522.7580703796406,0.08351437991227258
5951,0.0,522.808497997,-522.808497997,0.0
3907,121.95871826171876,644.7720665615,-522.8133482997812,0.1891501266842426
8431,0.0,522.86920490075,-522.86920490075,0.0
5395,100.41774511718751,623.3634701305,-522.9457250133125,0.16109019820342543
2923,92.50664111328125,615.4649753275,-522.9583342142188,0.15030366417480234
3719,0.0,523.0919586315,-523.0919586315,0.0
8623,0.0,523.10612598175,-523.10612598175,0.0
4219,61.3100380859375,584.5414919010001,-523.2314538150625,0.1048856904608501
7112,115.68175439453125,638.92161860325,-523.2398642087187,0.1810578181191708
8490,0.42967947578430177,523.915995073,-523.4863155972157,0.0008201304770324903
5759,0.0,523.5111393852501,-523.5111393852501,0.0
2075,166.007166015625,689.618327826,-523.611161810375,0.24072325092958893
271,0.0,523.62722588425,-523.62722588425,0.0
4978,263.7747236328125,787.417003509,-523.6422798761876,0.33498733469350367
4869,0.0,523.800034836,-523.800034836,0.0
6281,260.16756835937497,784.01962282425,-523.852054464875,0.33183808217751387
3368,101.7094609375,625.56632133525,-523.85686039775,0.1625878141230762
3594,257.6320537109375,781.6029312565,-523.9708775455625,0.3296201217760912
1428,167.049634765625,691.028221838,-523.978587072375,0.24174068329592233
2743,14.340970092773437,538.32466669,-523.9836965972265,0.026640001756397014
5108,1.1221901702880859,525.17208972075,-524.049899550462,0.0021368046591127565
5118,0.1160069055557251,524.18768050225,-524.0716735966943,0.00022130795829323043
4905,268.720326171875,792.9040898245,-524.183763652625,0.3389064696241466
1567,0.0,524.22115536875,-524.22115536875,0.0
5791,17.47417218017578,541.70431255675,-524.2301403765742,0.03225776820096367
588,137.43638037109375,661.67651677775,-524.2401364066562,0.2077093212143538
5657,91.21663671875001,615.4711097002499,-524.2544729814999,0.14820620356164016
4324,0.0,524.3894134772501,-524.3894134772501,0.0
116,0.0,524.608398377,-524.608398377,0.0
7939,0.0,524.75849735675,-524.75849735675,0.0
1039,0.0,524.869693508,-524.869693508,0.0
1758,0.0,525.028031339,-525.028031339,0.0
1592,84.378734375,609.4425921562499,-525.0638577812499,0.13845230924542032
1235,185.6729423828125,710.77803158675,-525.1050892039375,0.2612249308086927
8599,0.0,525.201090036,-525.201090036,0.0
1784,120.9860166015625,646.21396464775,-525.2279480461875,0.1872228441864281
2051,164.4904970703125,689.95858463125,-525.4680875609375,0.23840633408426753
5905,0.0,525.50125404225,-525.50125404225,0.0
6167,0.0,525.5076349845,-525.5076349845,0.0
3814,0.0,525.53784692625,-525.53784692625,0.0
2997,0.0,525.548665621,-525.548665621,0.0
7842,0.3837349987030029,526.0143532127499,-525.630618214047,0.0007295143100748897
5121,186.9739736328125,712.63078719525,-525.6568135624375,0.2623714505884981
6426,99.83504345703125,625.5144551024999,-525.6794116454687,0.15960469415701525
5906,0.0,525.743559686,-525.743559686,0.0
3221,0.0,525.8417660270001,-525.8417660270001,0.0
4301,0.0,525.86939561825,-525.86939561825,0.0
4063,73.5382158203125,599.41280448725,-525.8745886669375,0.12268375841676395
6474,50.78595288085938,576.729009616,-525.9430567351407,0.08805860628827268
5494,0.0,526.0641421290001,-526.0641421290001,0.0
4532,6.343457427978516,532.537379689,-526.1939222610215,0.01191175992147502
3726,4.153094177246094,530.36872168325,-526.2156275060039,0.007830578990847523
2886,0.0,526.2264021657501,-526.2264021657501,0.0
2027,169.820810546875,696.07708508825,-526.256274541375,0.24396839651944066
6020,0.0,526.3212058312499,-526.3212058312499,0.0
5995,18.804024047851563,545.418839867,-526.6148158191484,0.03447630085158153
5444,0.028665296554565428,527.01932410875,-526.9906588121954,5.439135756293257e-05
114,0.07947449994087219,527.1732133185,-527.0937388185591,0.00015075595227957925
3595,161.67052734375,688.9140539939999,-527.2435266502499,0.23467445056721634
2526,0.0,527.38370151575,-527.38370151575,0.0
84,185.538611328125,713.11832393325,-527.579712605125,0.2601792785867506
3599,0.0,527.599057035,-527.599057035,0.0
6591,206.658060546875,734.333578225,-527.6755176781251,0.28142259375497647
7938,0.4035273838043213,528.1540453965,-527.7505180126957,0.0007640334984793092
4637,0.0,527.83384840775,-527.83384840775,0.0
8149,123.07053759765626,651.0550549655,-527.9845173678436,0.1890324581154591
8173,126.18434130859374,654.18042638575,-527.9960850771563,0.19288920307942312
4221,0.0,528.0253410390001,-528.0253410390001,0.0
5907,0.0,528.066035316,-528.066035316,0.0
5037,0.0,528.171375621,-528.171375621,0.0
4295,0.0,528.2194780085,-528.2194780085,0.0
3669,0.0,528.2605691055,-528.2605691055,0.0
4889,398.289990234375,926.5559186005,-528.2659283661251,0.429860715159107
5238,0.11671571922302246,528.38313735525,-528.266421636027,0.0002208922101230083
7764,128.6733623046875,657.2205023727499,-528.5471400680624,0.19578415713502012
2407,12.406531494140623,540.9588694405,-528.5523379463594,0.022934334146398314
2773,231.1352119140625,759.7160982465,-528.5808863324376,0.30423892838825783
5904,0.0,528.64021324425,-528.64021324425,0.0
4797,0.0,528.73035229575,-528.73035229575,0.0
6561,166.8480869140625,695.58826380025,-528.7401768861876,0.23986616128720306
1710,0.0,528.84332883925,-528.84332883925,0.0
21,0.0,528.8538965712501,-528.8538965712501,0.0
2912,276.9792451171875,805.910551388,-528.9313062708126,0.3436848472779864
8287,0.0,528.9379597882499,-528.9379597882499,0.0
8466,0.4246280689239502,529.4085600605,-528.983931991576,0.0008020800949522695
6169,0.0,529.0496254669999,-529.0496254669999,0.0
5206,0.0,529.1663949435,-529.1663949435,0.0
4220,12.32380450439453,541.4945378487499,-529.1707333443554,0.022758871272452134
5854,0.0,529.2912048185,-529.2912048185,0.0
7088,105.71370605468749,635.08644858675,-529.3727425320625,0.16645561580391974
1734,0.0,529.7658727535,-529.7658727535,0.0
1260,161.4548505859375,691.2928480505,-529.8379974645625,0.23355492655203638
3236,0.7918211822509766,530.90757978525,-530.1157586029991,0.0014914482499568322
2909,0.0,530.1264439425,-530.1264439425,0.0
4651,154.2939658203125,684.4492857575,-530.1553199371874,0.22542790065756732
5469,0.0,530.15771394975,-530.15771394975,0.0
2868,384.87054492187497,915.0457716375,-530.1752267156251,0.4206025058315234
4364,9.786262512207031,539.98555361225,-530.199291100043,0.018123193164369555
5997,0.0,530.312320164,-530.312320164,0.0
5374,0.0,530.402652227,-530.402652227,0.0
5960,177.1603310546875,707.69467154425,-530.5343404895625,0.2503344138762189
5422,0.0,530.7152942225,-530.7152942225,0.0
1902,0.0,530.761558822,-530.761558822,0.0
6412,0.0,530.7662637142499,-530.7662637142499,0.0
3741,0.0,531.02305118225,-531.02305118225,0.0
7639,0.0,531.218016164,-531.218016164,0.0
6220,0.0,531.270311172,-531.270311172,0.0
5351,0.0,531.2904808632501,-531.2904808632501,0.0
92,0.0,531.3386735265,-531.3386735265,0.0
2289,117.9686572265625,649.33110513325,-531.3624479066875,0.18167719998671064
4710,1.9684752197265627,533.53625353125,-531.5677783115235,0.003689487271030925
6667,0.0,531.661938183,-531.661938183,0.0
3079,66.980205078125,598.7287533677501,-531.7485482896251,0.1118707003622287
3628,0.0,531.81942050025,-531.81942050025,0.0
4982,382.3787109375,914.2122593045,-531.833548367,0.41826031824397075
6440,100.71128271484375,632.5489397645,-531.8376570496563,0.15921500491823426
6126,0.0,531.8742904775,-531.8742904775,0.0
3532,0.0,531.895953979,-531.895953979,0.0
102,0.0,532.0838099822499,-532.0838099822499,0.0
8575,0.0,532.158568503,-532.158568503,0.0
6772,0.0,532.3593333145,-532.3593333145,0.0
6244,0.0,532.5779162995,-532.5779162995,0.0
6316,0.0,532.58657795,-532.58657795,0.0
3284,1.6351723861694336,534.2614967415,-532.6263243553306,0.003060621798654494
3460,0.0,532.6300257077501,-532.6300257077501,0.0
559,0.0,532.746572952,-532.746572952,0.0
4439,0.0,532.80393118225,-532.80393118225,0.0
7451,179.6302041015625,712.47911818425,-532.8489140826874,0.2521199558903977
3892,0.0,533.027164388,-533.027164388,0.0
4704,0.0,533.061484573,-533.061484573,0.0
3916,0.0,533.1311386085,-533.1311386085,0.0
919,0.0,533.14442333475,-533.14442333475,0.0
607,0.0,533.1888837097499,-533.1888837097499,0.0
6623,0.0,533.21746412075,-533.21746412075,0.0
4907,525.3562578125,1058.70188754625,-533.34562973375,0.4962268070890944
5132,1.4287651710510254,534.78231847075,-533.353553299699,0.002671676155010154
5833,0.0,533.4688624529999,-533.4688624529999,0.0
5782,0.0,533.643488615,-533.643488615,0.0
5806,0.0,533.7647832105,-533.7647832105,0.0
3237,0.0,533.8776910605001,-533.8776910605001,0.0
4747,66.69975830078126,600.60964584425,-533.9098875434688,0.11105342488459534
419,189.14416796875,723.12231080525,-533.9781428365,0.2615659410322413
3766,0.0,533.9918278115,-533.9918278115,0.0
1355,136.588154296875,670.71922129075,-534.131066993875,0.20364431159491264
8433,123.37103515625,657.644109254,-534.2730740977499,0.18759543837258844
5370,261.98992578125,796.4050351945,-534.41510941325,0.32896568187605757
5903,0.0,534.41757469425,-534.41757469425,0.0
5372,0.10917841339111328,534.63384182525,-534.5246634118589,0.00020421156433749979
8311,0.0,534.53929703925,-534.53929703925,0.0
3556,0.0,534.6768713335,-534.6768713335,0.0
6475,0.10945228719711303,534.78714533575,-534.6776930485529,0.0002046651419112394
5764,0.0,534.73393704875,-534.73393704875,0.0
4632,0.0,534.85436421025,-534.85436421025,0.0
4416,0.0,534.87009051425,-534.87009051425,0.0
6118,0.0,534.90107654525,-534.90107654525,0.0
3580,0.0,534.9587779565001,-534.9587779565001,0.0
6748,0.0,534.99667966525,-534.99667966525,0.0
6788,0.0,535.00039508475,-535.00039508475,0.0
2996,0.10977074241638182,535.14000867625,-535.0302379338336,0.00020512527643521018
1448,46.010800537109375,581.0751480245,-535.0643474873906,0.07918218601217347
5230,0.0,535.08875483075,-535.08875483075,0.0
6804,225.592474609375,760.72973872025,-535.137264110875,0.2965474633505641
4172,13.573937683105466,548.9992720805,-535.4253343973945,0.024724873690525114
2948,0.02794788551330566,535.5817652645,-535.5538173789867,5.218229460691432e-05
5142,0.1160811457633972,535.7852873427499,-535.6692061969866,0.00021665609020817
5262,0.11687320518493653,535.9409602795,-535.8240870743151,0.00021807104444100453
4366,0.0,535.88115651025,-535.88115651025,0.0
5709,0.0,535.91051023025,-535.91051023025,0.0
4342,0.0,535.92093066425,-535.92093066425,0.0
4709,0.0,535.996801546,-535.996801546,0.0
7980,117.0599931640625,653.23306932725,-536.1730761631875,0.17920095978211728
1236,166.425048828125,702.602034318,-536.176985489875,0.23686957973698505
4904,148.58692529296874,684.770393875,-536.1834685820312,0.21698795158936776
4096,352.8961953125,889.14128422675,-536.24508891425,0.39689552287801366
4560,0.0,536.2499487175,-536.2499487175,0.0
3604,0.0,536.3173472925,-536.3173472925,0.0
8461,120.87020751953125,657.22316592775,-536.3529584082187,0.18391044869058729
30,0.0,536.49992068575,-536.49992068575,0.0
5110,0.0,536.61958604975,-536.61958604975,0.0
2744,74.00664819335938,611.01558842025,-537.0089402268906,0.1211207201171072
4534,0.0,537.14368847375,-537.14368847375,0.0
5184,0.0,537.1994204075,-537.1994204075,0.0
4894,0.0,537.26956317425,-537.26956317425,0.0
2290,136.681806640625,673.991513352,-537.3097067113749,0.20279455116291173
5637,0.0,537.3945663575,-537.3945663575,0.0
5740,0.0,537.405154167,-537.405154167,0.0
5158,0.0,537.50828466625,-537.50828466625,0.0
6232,745.8179296875,1283.37342809525,-537.5554984077498,0.5811386715504039
3285,0.0,537.8195762175,-537.8195762175,0.0
1591,0.0,537.9266448435001,-537.9266448435001,0.0
5214,0.0,538.12957916475,-538.12957916475,0.0
2887,77.51719384765624,615.64873896675,-538.1315451190937,0.12591139852222033
5347,35.22795153808593,573.36685516125,-538.1389036231641,0.06144050909035916
3555,0.0,538.16377343375,-538.16377343375,0.0
20,0.0,538.19523174,-538.19523174,0.0
3966,4.185782333374023,542.45762169125,-538.2718393578759,0.007716330563496276
775,0.0,538.31254005125,-538.31254005125,0.0
3579,0.0,538.320076719,-538.320076719,0.0
4365,0.0,538.3715740079999,-538.3715740079999,0.0
4940,1.1391973838806153,539.529926925,-538.3907295411194,0.0021114628214636776
5326,0.0,538.51838561475,-538.51838561475,0.0
5739,0.0,538.5338881729999,-538.5338881729999,0.0
3790,0.0,538.57495905725,-538.57495905725,0.0
5884,0.0,538.6958526575,-538.6958526575,0.0
3395,335.048876953125,873.83729816125,-538.7884212081251,0.383422494410253
1926,0.0,538.81834923125,-538.81834923125,0.0
1762,133.03185595703124,671.8735158345,-538.8416598774688,0.19800133897791428
5973,0.0,538.9764570865,-538.9764570865,0.0
7975,0.0,538.97665357225,-538.97665357225,0.0
4891,25.441219482421875,564.52610121475,-539.0848817323282,0.04506650690306582
2973,0.0,539.11389115275,-539.11389115275,0.0
8263,0.0,539.12069800025,-539.12069800025,0.0
3503,0.0,539.410681682,-539.410681682,0.0
943,0.0,539.42256139525,-539.42256139525,0.0
6262,0.0,539.450498749,-539.450498749,0.0
5540,0.11158384132385253,539.5919579812501,-539.4803741399262,0.00020679300250234063
2431,13.56300177001953,553.1356838475,-539.5726820774804,0.0245202075034426
4529,190.01643554687502,729.654595163,-539.638159616125,0.26041970618167204
3715,170.658818359375,710.39974118425,-539.740922824875,0.24022927969350635
7136,95.89317724609376,635.64207294025,-539.7488956941563,0.1508603366225686
204,120.81614746093749,660.59390554275,-539.7777580818125,0.1828901936035629
4533,0.0,540.041511418,-540.041511418,0.0
4698,310.4466181640625,850.6788204847501,-540.2322023206875,0.3649398695764143
5278,0.0,540.61496973975,-540.61496973975,0.0
4918,0.0,540.6754041725,-540.6754041725,0.0
8167,0.0,540.710108919,-540.710108919,0.0
67,0.0,540.7242055905,-540.7242055905,0.0
1615,0.11522547149658204,541.033538336,-540.9183128645034,0.000212972880827307
4624,647.54514453125,1188.69612039,-541.15097585875,0.5447524669080639
7064,112.03984033203125,653.20649563025,-541.1666552982188,0.17152285059934397
3032,65.80164282226562,607.02686841675,-541.2252255944843,0.10839988497624473
751,0.0,541.324124612,-541.324124612,0.0
611,128.343720703125,669.68813918475,-541.344418481625,0.19164699656726522
7424,7.396090057373047,548.7481802034999,-541.3520901461269,0.013478113114019145
3309,0.0,541.3579862627499,-541.3579862627499,0.0
849,123.70939990234375,665.14552505775,-541.4361251554062,0.18598847177933647
7496,42.59655224609375,584.202052339,-541.6055000929063,0.07291407485241391
6406,0.0,541.62973430775,-541.62973430775,0.0
8239,0.0,541.70144985525,-541.70144985525,0.0
5085,0.0,542.526744168,-542.526744168,0.0
6142,0.0,542.67414428475,-542.67414428475,0.0
2527,39.55147607421875,582.24918202225,-542.6977059480313,0.06792877899616964
4942,0.0,542.750311687,-542.750311687,0.0
3431,0.0,542.84231700975,-542.84231700975,0.0
4722,278.3185576171875,821.2074349865,-542.8888773693125,0.3389138303196792
5581,342.02317578124996,885.0301511165,-543.00697533525,0.3864536987393263
8625,125.76440869140625,669.05175409475,-543.2873454033437,0.1879741107227134
4294,0.0,543.30228857125,-543.30228857125,0.0
199,0.0,543.6118909385,-543.6118909385,0.0
2288,61.281376953125005,604.9009345565,-543.619557603375,0.1013081206375504
4726,0.0,543.7130950984999,-543.7130950984999,0.0
7663,0.0,543.8257111275,-543.8257111275,0.0
3718,0.0,543.985543907,-543.985543907,0.0
5398,0.0,544.10190201275,-544.10190201275,0.0
5714,0.0,544.13841845625,-544.13841845625,0.0
66,0.08185716557502747,544.26847551725,-544.186618351675,0.00015039850571326097
5518,0.0,544.3967348709999,-544.3967348709999,0.0
8119,0.0,544.56149116875,-544.56149116875,0.0
6632,84.2119072265625,628.881629304,-544.6697220774374,0.13390740509601887
3214,0.0,544.69539704275,-544.69539704275,0.0
583,0.0,544.8105413895,-544.8105413895,0.0
5445,0.0,544.94125425525,-544.94125425525,0.0
5228,1.132315258026123,546.0768412235,-544.9445259654739,0.0020735456449967635
4582,0.0,545.26971230425,-545.26971230425,0.0
3377,109.3177578125,655.1311233025,-545.81336549,0.16686393571804056
5574,0.0,545.87919502275,-545.87919502275,0.0
4435,185.8062109375,731.77811784625,-545.97190690875,0.25391058594434246
4580,9.705989105224608,555.83598660675,-546.1299975015254,0.017461965978517256
6742,0.0,546.22396746775,-546.22396746775,0.0
4415,0.0,546.23380722375,-546.23380722375,0.0
3910,0.0,546.2511719415,-546.2511719415,0.0
6766,0.0,546.3020610337501,-546.3020610337501,0.0
2551,37.42925793457031,583.8184407495,-546.3891828149298,0.06411112643582804
3618,445.245845703125,991.6890834952501,-546.443237792125,0.4489772577558885
3943,123.26999462890625,669.74261901675,-546.4726243878438,0.1840557714929704
5109,0.0,546.71941957,-546.71941957,0.0
871,0.0,546.8621383445,-546.8621383445,0.0
3886,0.0,546.99000715725,-546.99000715725,0.0
5686,0.0,546.99354796625,-546.99354796625,0.0
4774,0.0,547.021152757,-547.021152757,0.0
1787,154.35763037109376,701.55852914975,-547.2008987786562,0.22002102994620507
2455,11.295520446777344,558.62346204125,-547.3279415944727,0.020220275720755496
5554,285.226220703125,832.57273484575,-547.346514142625,0.342584147213738
43,0.0,547.41086706125,-547.41086706125,0.0
6589,241.122828125,788.57038584425,-547.44755771925,0.3057721062668107
4449,298.412208984375,845.86880446825,-547.4565954838749,0.3527878165682941
4581,0.0,547.585379158,-547.585379158,0.0
3262,0.0,547.60969605275,-547.60969605275,0.0
2383,12.14810272216797,559.94959951625,-547.801496794082,0.021694993104679292
5913,537.666986328125,1085.81166138875,-548.1446750606251,0.4951751808829122
5908,0.0,548.1617890069999,-548.1617890069999,0.0
5406,0.0,548.16971359425,-548.16971359425,0.0
3458,0.0,548.430563912,-548.430563912,0.0
6293,0.0,548.5368726505,-548.5368726505,0.0
8148,120.35831396484375,668.99264931175,-548.6343353469063,0.17990977017274684
727,0.0,548.66252317025,-548.66252317025,0.0
203,131.39519140625,680.5700981885,-549.17490678225,0.19306635945793588
3775,130.84646826171874,680.1121438675,-549.2656756057812,0.19238954817842632
4606,0.0,549.29484392875,-549.29484392875,0.0
7448,11.086294250488281,560.44591259175,-549.3596183412617,0.01978120275592545
703,0.0,549.3641156802499,-549.3641156802499,0.0
6068,0.0,549.52266759675,-549.52266759675,0.0
175,0.0,549.6822160695,-549.6822160695,0.0
115,0.0,549.703386018,-549.703386018,0.0
5012,0.5163084545135499,550.2502729995,-549.7339645449864,0.0009383156699964115
5156,1.124843765258789,551.363235802,-550.2383920367412,0.002040113830916753
7160,92.89983544921876,643.167913875,-550.2680784257811,0.144441029007602
876,137.72052880859374,688.12020063675,-550.3996718281563,0.20014022038738905
403,0.0,550.49341602175,-550.49341602175,0.0
5286,0.11711769819259643,550.66172699125,-550.5446092930574,0.00021268537877115263
1354,98.33734228515625,648.916948054,-550.5796057688437,0.15154072093280005
5205,0.0,550.6822575895001,-550.6822575895001,0.0
42,1.939126045227051,552.85532006325,-550.916194018023,0.0035074746888530046
3093,0.0,551.1399005275,-551.1399005275,0.0
6102,0.0,551.18661897325,-551.18661897325,0.0
4173,0.0,551.327924202,-551.327924202,0.0
7232,94.54138818359375,645.9013361997501,-551.3599480161563,0.1463712532218463
1688,86.6255419921875,638.05578189975,-551.4302399075625,0.13576484112173295
4679,0.0,551.59596793975,-551.59596793975,0.0
5144,109.7161904296875,661.7270261885,-552.0108357588125,0.1658027946898921
3985,0.0,552.10812768775,-552.10812768775,0.0
5768,184.4663818359375,736.595697268,-552.1293154320624,0.25043097898845185
5382,0.0,552.1611105125,-552.1611105125,0.0
5561,137.49799755859374,689.6767114805,-552.1787139219063,0.1993658696464706
7927,0.0,552.24974561875,-552.24974561875,0.0
1020,146.93552197265626,699.218383007,-552.2828610343438,0.2101425324812187
5957,0.0,552.3671133905,-552.3671133905,0.0
5950,0.0,552.99095788225,-552.99095788225,0.0
5430,0.0,553.21122513,-553.21122513,0.0
5983,8.21611474609375,561.4715354575,-553.2554207114063,0.014633181225769332
6067,12.992433654785156,566.290286621,-553.2978529662148,0.022943062840379454
4197,0.0,553.373896572,-553.373896572,0.0
5758,0.0,553.65445971825,-553.65445971825,0.0
6185,279.909619140625,833.74598782925,-553.836368688625,0.3357252963023851
5715,0.0,554.0256656325,-554.0256656325,0.0
5832,0.0,554.06909767925,-554.06909767925,0.0
6166,0.0,554.2290346385,-554.2290346385,0.0
8143,0.0,554.2354177545,-554.2354177545,0.0
7453,153.33613525390626,707.6115655945,-554.2754303405937,0.2166953488223239
3920,313.418625,867.73647985075,-554.31785485075,0.36119102044979917
3740,1.9796257400512696,556.4674797875,-554.4878540474488,0.003557486840470442
4101,0.0,554.52956257625,-554.52956257625,0.0
5541,0.0,554.62239191475,-554.62239191475,0.0
90,0.0,554.7199336,-554.7199336,0.0
439,0.0,554.87620912875,-554.87620912875,0.0
3625,0.0,554.974396537,-554.974396537,0.0
5276,0.518567756652832,555.66879222125,-555.1502244645972,0.0009332317434035826
1234,118.772658203125,673.935588338,-555.162930134875,0.17623740322097275
6150,0.0,555.16406404075,-555.16406404075,0.0
4892,1.1428280830383302,556.576253075,-555.4334249919616,0.002053318075773192
6066,129.0389931640625,684.8150020642499,-555.7760089001874,0.1884289809461957
4631,0.0,555.80906637075,-555.80906637075,0.0
3554,0.0,555.888062105,-555.888062105,0.0
5373,0.0,556.13824668525,-556.13824668525,0.0
5013,0.0,556.14142764625,-556.14142764625,0.0
6238,0.0,556.2136576795,-556.2136576795,0.0
5478,0.0,556.24665132175,-556.24665132175,0.0
4749,0.0,556.2907846764999,-556.2907846764999,0.0
4064,145.7220234375,702.17078419675,-556.44876075925,0.20753074110975486
6785,192.625669921875,749.09463737275,-556.468967450875,0.25714463841353025
3553,0.0,556.5246540214999,-556.5246540214999,0.0
5814,0.0,556.5605293565,-556.5605293565,0.0
5636,0.0,556.60763644075,-556.60763644075,0.0
5550,0.0,556.6309407855,-556.6309407855,0.0
3578,0.0,556.66219561225,-556.66219561225,0.0
4653,0.0,556.7018990737499,-556.7018990737499,0.0
5350,0.0,556.71685213575,-556.71685213575,0.0
3457,0.0,556.867966265,-556.867966265,0.0
3502,0.0,556.9588176885001,-556.9588176885001,0.0
3332,0.513537197113037,557.52749370125,-557.013956504137,0.0009210975279133362
4462,0.0,557.0738347645,-557.0738347645,0.0
7951,0.0,557.101278577,-557.101278577,0.0
847,0.0,557.2035629595,-557.2035629595,0.0
5454,0.0,557.224241971,-557.224241971,0.0
2934,0.278357159614563,557.519592875,-557.2412357153854,0.0004992778059688657
4196,12.278052856445314,569.529190952,-557.2511380955547,0.021558250270479744
4390,0.0,557.29461211125,-557.29461211125,0.0
1376,19.636282470703126,577.41174485,-557.7754623792969,0.03400741777740739
6078,0.0,557.90417690375,-557.90417690375,0.0
4554,451.951134765625,1010.0040952334999,-558.052960467875,0.4474745562429281
3222,2.607011749267578,560.6842865702499,-558.0772748209823,0.004649696463878413
7809,65.603552734375,623.78122792925,-558.1776751948751,0.10517077092394493
3456,0.0,558.1783734295,-558.1783734295,0.0
5123,214.9035419921875,773.35147797725,-558.4479359850625,0.2778859908257955
3598,0.0,558.537031148,-558.537031148,0.0
1280,19.04565295410156,577.65844353175,-558.6127905776484,0.03297043977179277
7977,84.13188818359374,642.7897230335,-558.6578348499062,0.13088555251889666
4941,0.0,558.6919980504999,-558.6919980504999,0.0
5133,0.0,558.830103282,-558.830103282,0.0
1353,48.20463061523438,607.0932688847499,-558.8886382695156,0.07940234722810467
1259,134.73270458984376,693.709539075,-558.9768344851561,0.19422063097946904
8172,115.6832509765625,674.71045124825,-559.0272002716875,0.17145614180288185
3480,0.0,559.12805559375,-559.12805559375,0.0
3397,314.5344423828125,873.964931419,-559.4304890361875,0.35989366474033424
3623,0.0,559.500741429,-559.500741429,0.0
4323,0.0,559.505602895,-559.505602895,0.0
5183,0.0,559.5884702545,-559.5884702545,0.0
4893,0.0,559.5926613412499,-559.5926613412499,0.0
3624,0.0,559.7998177215001,-559.7998177215001,0.0
1424,11.474844177246093,571.39196985125,-559.917125674004,0.02008226359945357
37,143.286685546875,703.3086511612499,-560.021965614375,0.2037322946426986
3576,0.0,560.11739727075,-560.11739727075,0.0
1233,56.79372021484375,617.00859858325,-560.2148783684062,0.09204688598052652
3552,0.0,560.54114732275,-560.54114732275,0.0
4410,453.486833984375,1014.1135231835,-560.6266891991249,0.4471756101956079
4605,0.0,560.78587169125,-560.78587169125,0.0
7643,115.7840458984375,676.60055761275,-560.8165117143125,0.17112614588411254
4559,0.0,561.173653865,-561.173653865,0.0
3577,0.0,561.4087720172499,-561.4087720172499,0.0
4100,5.217352264404297,566.80538537675,-561.5880331123457,0.00920483889145043
7304,84.07488720703125,645.9971672805,-561.9222800734688,0.13014745471844683
5996,0.0,561.95657230075,-561.95657230075,0.0
3223,112.44087255859375,674.4872433545,-562.0463707959063,0.1667057064454974
1257,45.30059643554688,607.620093153,-562.3194967174531,0.07455414472211332
18,1.2203569221496582,563.83399221025,-562.6136352881003,0.00216439047103461
108,159.4210146484375,722.21754563075,-562.7965309823126,0.2207382185494658
6239,0.0,562.87924163475,-562.87924163475,0.0
4916,1.9762434692382813,565.0331620295,-563.0569185602617,0.00349757075963894
2935,84.04335791015625,647.110043805,-563.0666858948438,0.12987490857985654
3060,589.7884765625,1153.16842278025,-563.37994621775,0.5114504216384017
91,0.0,563.442705445,-563.442705445,0.0
3479,0.0,563.4755954127501,-563.4755954127501,0.0
4890,257.7792548828125,821.34472752225,-563.5654726394375,0.31385025791375654
19,0.0,563.5849171675001,-563.5849171675001,0.0
6800,77.11591333007813,641.202702532,-564.0867892019219,0.12026760477660645
4033,0.0,564.111313075,-564.111313075,0.0
5516,0.0,564.2220723199999,-564.2220723199999,0.0
5122,188.1771123046875,752.73403289025,-564.5569205855625,0.24999150275185256
7328,89.45351806640625,654.10781766525,-564.6542995988437,0.1367565338829645
1714,117.203421875,682.10929030175,-564.90586842675,0.17182498958682535
3371,262.37993359375,827.40782679675,-565.027893203,0.31711077026237994
4625,576.562005859375,1141.8972620685,-565.335256209125,0.5049158313157182
4772,5.156288177490234,570.58663653425,-565.4303483567599,0.009036819018007099
5420,0.11001759767532349,565.9860766759999,-565.8760590783246,0.00019438216241478526
3643,148.42122607421874,714.416157192,-565.9949311177813,0.20775177656932334
7256,85.07713037109374,651.08898202975,-566.0118516586563,0.13066897549886256
5815,1.9989738235473635,568.12842043375,-566.1294466102026,0.003518524594320909
2215,8.207981628417969,574.50386447325,-566.295882844832,0.014287078158571847
3984,0.0,566.54865656775,-566.54865656775,0.0
5902,0.0,566.57042979675,-566.57042979675,0.0
3455,0.0,566.6268430215,-566.6268430215,0.0
4703,0.0,566.888458602,-566.888458602,0.0
4917,0.0,567.046529069,-567.046529069,0.0
5229,0.0,567.15055163875,-567.15055163875,0.0
6329,73.19822998046875,640.4401697675,-567.2419397870312,0.1142936269796262
3404,2.1148109283447263,569.56718378375,-567.4523728554053,0.0037130139952632024
391,0.0,567.61217865175,-567.61217865175,0.0
4065,221.7759404296875,789.7362569945001,-567.9603165648126,0.2808227913871874
6314,0.0,568.4918079400001,-568.4918079400001,0.0
3917,0.0,568.614940363,-568.614940363,0.0
6413,0.0,568.85876125975,-568.85876125975,0.0
6245,0.0,568.92951690475,-568.92951690475,0.0
2899,92.6864013671875,661.82747243325,-569.1410710660625,0.14004616775180698
3481,0.0,569.2326215345,-569.2326215345,0.0
3629,0.0,569.2570959985,-569.2570959985,0.0
5656,128.9534169921875,698.25674251925,-569.3033255270625,0.18467908572175848
2074,129.67189453125002,699.04326042075,-569.3713658895,0.1854990981068928
5580,282.1822314453125,851.5902954875,-569.4080640421876,0.33135914372111974
1425,77.01361254882812,646.519258925,-569.5056463761719,0.11912036859932393
4003,176.7079453125,746.3002225925,-569.59227728,0.23677863107406397
3575,0.0,569.62704724625,-569.62704724625,0.0
2972,0.02869950485229492,569.863703075,-569.8350035701477,5.036205086772427e-05
6749,0.0,570.03301312875,-570.03301312875,0.0
5421,0.0,570.15703172075,-570.15703172075,0.0
5816,124.57285986328125,694.85328168275,-570.2804218194688,0.1792793715852065
1427,138.88031787109375,709.1642201029999,-570.2839022319062,0.19583661123665544
5157,0.0,570.34524176725,-570.34524176725,0.0
4604,10.885473754882813,581.32581228325,-570.4403385283672,0.01872525442041378
1738,117.69431933593751,688.2266211255,-570.5323017895624,0.17101099485581311
5324,0.9395066184997559,571.65012533375,-570.7106187152502,0.0016434993630198868
6559,3.5640860595703128,574.29596711975,-570.7318810601797,0.006206009196336798
3533,0.0,570.759501372,-570.759501372,0.0
3461,0.0,571.1876129415,-571.1876129415,0.0
3067,83.704404296875,654.90958296075,-571.2051786638749,0.1278106266068807
2359,12.684123107910157,584.0261740144999,-571.3420509065897,0.021718415459025003
1352,1.8208022384643554,573.20007279025,-571.3792705517857,0.0031765561829474537
3893,0.0,571.5115046825,-571.5115046825,0.0
5831,0.0,571.537494865,-571.537494865,0.0
5781,0.0,571.64243730375,-571.64243730375,0.0
4724,1.1487049255371093,573.00647052325,-571.8577655977128,0.002004697996662155
7568,35.61839916992187,607.50455369025,-571.8861545203281,0.058630670165234766
5729,542.609291015625,1114.51349939425,-571.904208378625,0.4868575309529058
393,159.309564453125,731.2206090965,-571.9110446433749,0.21786798984249192
6427,1.1322437133789063,573.0657886895,-571.9335449761211,0.0019757656690558715
6081,214.12373535156252,786.05789356025,-571.9341582086874,0.27240199078638005
3427,150.22982470703124,722.3202430965,-572.0904183894688,0.20798229862011308
2239,7.195666412353515,579.4636371305,-572.2679707181466,0.012417804912778652
6773,0.0,572.33575026625,-572.33575026625,0.0
7953,83.5898017578125,655.9838399035,-572.3940381456875,0.12742661715978026
225,68.1836787109375,640.67607576475,-572.4923970538125,0.10642457426418606
5517,0.0,572.49414480775,-572.49414480775,0.0
6221,0.0,572.53288987825,-572.53288987825,0.0
6317,0.0,572.7800081067501,-572.7800081067501,0.0
5493,0.0,572.7964882545,-572.7964882545,0.0
4008,0.0,573.1619718007499,-573.1619718007499,0.0
3551,0.0,573.17979950025,-573.17979950025,0.0
2875,82.22259692382812,655.46357871,-573.2409817861719,0.12544190015897796
5765,0.0,573.3790078630001,-573.3790078630001,0.0
4035,0.0,573.4301815064999,-573.4301815064999,0.0
3957,0.0,573.46560070575,-573.46560070575,0.0
4217,283.6482998046875,857.216406962,-573.5681071573124,0.3308946226065023
3430,0.0,573.5768305775,-573.5768305775,0.0
3439,77.24959716796876,650.82813526875,-573.5785381007812,0.11869431092952881
109,126.25028173828125,699.907019974,-573.6567382357188,0.18038150490702273
2287,4.260973785400391,578.0726411422501,-573.8116673568496,0.007371000588455223
6617,452.403150390625,1026.4144514475,-574.0113010568749,0.44076069789534156
7642,86.4065625,660.4662358925,-574.0596733924999,0.13082661561406034
6428,0.0,574.17912489675,-574.17912489675,0.0
4053,0.0,574.1797402665,-574.1797402665,0.0
5803,34.412424682617186,608.9071941625,-574.4947694798828,0.056515056737724195
6622,0.0,574.5739455145,-574.5739455145,0.0
2866,210.15105761718752,784.79984178575,-574.6487841685625,0.26777663062626106
4748,2.9920692596435545,577.7796597417499,-574.7875904821063,0.005178564534103459
7736,22.209813720703124,597.1465864315,-574.936772710797,0.03719323561109835
5780,0.0,574.9987587202501,-574.9987587202501,0.0
6213,0.0,575.15902349225,-575.15902349225,0.0
5277,0.0,575.32357726575,-575.32357726575,0.0
4725,0.0,575.48116935875,-575.48116935875,0.0
3405,0.0,575.6890077197501,-575.6890077197501,0.0
4773,0.0,575.764457656,-575.764457656,0.0
3884,7.409111114501953,583.320061838,-575.9109507234981,0.012701622293693704
7452,140.7202392578125,716.9533528445,-576.2331135866875,0.19627530648016647
4034,0.0,576.49215198025,-576.49215198025,0.0
3605,0.0,576.6182285565,-576.6182285565,0.0
5217,199.096744140625,775.71913790825,-576.622393767625,0.25666086364819424
7592,28.145451049804688,605.072025659,-576.9265746091953,0.04651586887137091
2050,129.21189990234376,706.169263246,-576.9573633436562,0.1829758196008538
6272,197.845462890625,774.8118774952501,-576.9664146046251,0.25534645038594084
5756,0.0,577.07411861075,-577.07411861075,0.0
5738,0.0,577.12370667925,-577.12370667925,0.0
3918,5.119173767089844,582.584158262,-577.4649844949101,0.008787011602880963
1208,11.984192016601563,589.70568972425,-577.7214977076484,0.020322327230525992
4678,0.0,578.15646745475,-578.15646745475,0.0
3956,8.534549407958984,586.813254101,-578.278704693041,0.014543893366025025
587,111.31111279296874,689.62820509575,-578.3170923027812,0.16140742476753334
5716,0.0,578.43258743075,-578.43258743075,0.0
2925,0.0,578.4850977175,-578.4850977175,0.0
5930,0.0,578.7315122887501,-578.7315122887501,0.0
4389,0.0,579.1867172457501,-579.1867172457501,0.0
5325,0.0,579.23462285075,-579.23462285075,0.0
6606,0.0,579.332536062,-579.332536062,0.0
1712,78.48360571289062,657.86167272625,-579.3780670133594,0.11930107627085947
177,123.7648212890625,703.18918308575,-579.4243617966874,0.17600501271926572
5055,338.09766992187497,917.531701652,-579.4340317301251,0.3684860903930075
5348,0.10934823036193847,579.55425356225,-579.4449053318881,0.0001886764345204084
7450,93.35011669921874,672.8448416935,-579.4947249942813,0.13873944002531707
3622,0.0,579.6001317565,-579.6001317565,0.0
2191,3.7165149688720702,583.36645475775,-579.649939788878,0.006370806775382021
345,141.6471005859375,721.4625648167499,-579.8154642308125,0.1963332642568673
5492,0.11167050170898438,580.431516924,-580.319846422291,0.00019239220865949975
1184,10.0689208984375,590.45599498975,-580.3870740913126,0.01705278795849893
343,0.0,580.6813825204999,-580.6813825204999,0.0
4461,0.0,581.305721667,-581.305721667,0.0
7641,53.86136743164063,635.211053362,-581.3496859303594,0.08479286854624796
4269,0.0,581.4345696820001,-581.4345696820001,0.0
4097,223.2110458984375,804.67204797175,-581.4610020733124,0.27739381053892415
8170,104.26994189453126,685.84954075425,-581.5795988597188,0.1520303441886569
2095,4.138279037475586,585.775959662,-581.6376806245244,0.007064610559980669
3836,6.289833801269532,588.216276936,-581.9264431347304,0.010693063142251035
3041,258.8790703125,840.8231783035001,-581.944107991,0.3078876471114221
55,0.0,582.025452338,-582.025452338,0.0
7280,66.57572631835937,648.7489299827499,-582.1732036643906,0.10262171255913731
7616,20.478330078124998,602.9496520375,-582.471321959375,0.03396358215808006
5929,0.0,582.62109175075,-582.62109175075,0.0
5757,0.0,582.676416467,-582.676416467,0.0
83,155.0292333984375,737.7175908255,-582.6883574270626,0.210147128272777
3967,121.27641796875,703.973522573,-582.69710460425,0.1722741181418508
6583,1.6402680664062501,584.34964358175,-582.7093755153437,0.0028069976282440916
5971,23.678410522460936,606.71697253775,-583.0385620152891,0.03902711075378817
4036,0.0,583.059006425,-583.059006425,0.0
3478,0.0,583.11776586075,-583.11776586075,0.0
5741,0.0,583.1970111422501,-583.1970111422501,0.0
4322,0.0,583.317794566,-583.317794566,0.0
5931,0.0,583.66650396375,-583.66650396375,0.0
6463,4.055055877685547,587.912888536,-583.8578326583145,0.006897375359274619
5928,0.0,584.43002096625,-584.43002096625,0.0
202,82.98630761718749,667.4223480995,-584.4360404823126,0.12433852077197344
4032,0.0,584.663226165,-584.663226165,0.0
441,99.1109716796875,684.029635955,-584.9186642753125,0.14489280335993346
8601,83.5499267578125,668.63884955625,-585.0889227984375,0.1249552380755413
5685,0.0,585.64179697325,-585.64179697325,0.0
36,135.41406396484376,721.1844331205,-585.7703691556562,0.1877662045354378
4438,0.0,585.790853082,-585.790853082,0.0
3557,0.0,586.031460631,-586.031460631,0.0
2026,129.331923828125,715.3647348977499,-586.0328110696249,0.1807915841222162
5885,0.0,586.07110552775,-586.07110552775,0.0
4712,190.410990234375,776.758149335,-586.347159100625,0.2451354905671149
610,79.92322900390624,666.35055233325,-586.4273233293437,0.11994171626947786
1426,100.90743359375,687.382189507,-586.47475591325,0.14679960433557726
4700,8.571681030273439,595.078878115,-586.5071970847265,0.014404277031342845
6659,259.0954072265625,845.8884814287501,-586.7930742021877,0.30629972225492064
5972,0.0,586.81001992175,-586.81001992175,0.0
1041,53.590931640625,640.415395451,-586.8244638103749,0.08368151661813676
1112,7.097731109619141,594.0518534165,-586.9541223068808,0.011947999247625948
2119,4.314162002563477,591.37965256875,-587.0654905661866,0.0072950802019128656
3894,5.141020477294922,592.610615808,-587.4695953307051,0.008675208191486993
3333,0.0,587.8281691795,-587.8281691795,0.0
3454,0.0,587.9437758365,-587.9437758365,0.0
3983,0.0,588.0191387125,-588.0191387125,0.0
1256,2.835273254394531,591.098979632,-588.2637063776054,0.004796613337690198
2924,0.5196380043029786,588.89319317525,-588.3735551709469,0.0008823977071610347
3837,0.0,588.542565291,-588.542565291,0.0
5552,110.0528583984375,698.867532181,-588.8146737825625,0.1574731307054936
6447,255.133931640625,843.9771087944999,-588.8431771538749,0.30229958689608016
6270,0.0,588.9161269635,-588.9161269635,0.0
3212,0.787769863128662,589.93535639625,-589.1475865331213,0.0013353494637201918
4026,439.103119140625,1028.41558006375,-589.312460923125,0.4269705041676197
3045,0.0,589.33743406875,-589.33743406875,0.0
6093,0.0,589.4817118895,-589.4817118895,0.0
6285,0.0,589.8336630792501,-589.8336630792501,0.0
79,0.0,589.92411881775,-589.92411881775,0.0
6439,4.078548187255859,594.1752385855,-590.0966903982442,0.0068642176845017605
1713,78.15202905273438,668.5357347785,-590.3837057257656,0.11690030146515279
5182,0.0,590.49331858375,-590.49331858375,0.0
3069,0.0,590.61899192025,-590.61899192025,0.0
4388,10.905236755371094,601.70230490075,-590.797068145379,0.01812397368005084
3581,0.0,590.799292953,-590.799292953,0.0
1761,69.61280419921874,660.516040204,-590.9032360047812,0.10539154215290113
415,0.0,591.02481391625,-591.02481391625,0.0
6786,67.44227099609375,658.596783304,-591.1545123079063,0.10240297645450276
367,0.0,591.17203658225,-591.17203658225,0.0
1088,5.5253713378906255,596.8011689592499,-591.2757976213593,0.009258311839884466
3885,0.0,591.40079756975,-591.40079756975,0.0
2877,0.0,591.81041648825,-591.81041648825,0.0
8169,75.62477294921875,667.948508406,-592.3237354567813,0.11321946509989388
6660,289.594552734375,882.184938982,-592.590386247625,0.3282696627538029
7760,7.576339508056641,600.288648998,-592.7123094899433,0.012621160683417692
4098,119.3467109375,712.45710615975,-593.11039522225,0.16751424013900618
5349,0.0,593.21686071125,-593.21686071125,0.0
4038,5.762407012939454,598.9802350895,-593.2178280765605,0.009620362519070549
2071,1.164469211578369,594.44676124,-593.2822920284216,0.0019589125310236445
5120,62.039668212890625,655.4045821365,-593.3649139236094,0.0946585815985509
8147,101.56412255859375,694.96068611775,-593.3965635591562,0.14614369480353834
875,112.130515625,705.60807225075,-593.4775566257499,0.15891331161846345
5909,0.0,593.575241836,-593.575241836,0.0
3812,6.203165054321289,600.0624094485,-593.8592443941787,0.010337533140402687
5397,0.0,594.210591406,-594.210591406,0.0
3931,137.387021484375,731.6021270062499,-594.2151055218749,0.1877892589771162
5576,77.46760009765624,671.69615186275,-594.2285517650937,0.11533131426686237
2910,0.5311999912261963,594.9541442357499,-594.4229442445237,0.0008928419029935642
3043,56.547416259765626,651.02683999175,-594.4794237319843,0.08685880934436345
5921,598.3696953125,1193.11477084375,-594.74507553125,0.5015189732231915
5927,0.0,594.7971883885001,-594.7971883885001,0.0
4913,316.324451171875,911.6857386785,-595.361287506625,0.34696654494499907
4677,0.0,595.4474018677499,-595.4474018677499,0.0
6761,299.7104931640625,895.4530742295,-595.7425810654374,0.3347026231243309
6943,0.2776244487762451,596.3653087797501,-596.0876843309738,0.00046552749501606235
6823,1.1533581886291504,597.9026597989999,-596.7493016103708,0.001929006616374435
6759,543.236234375,1139.99452202125,-596.7582876462501,0.47652530201223936
3259,125.71985302734376,722.8662319164999,-597.1463788891562,0.17391855823740762
57,137.83594580078125,734.9902355735001,-597.1542897727188,0.1875343901755319
6967,0.27881196975708006,597.472414472,-597.1936025022429,0.00046665245547247583
3534,0.5380304775238037,597.76310715825,-597.2250766807263,0.0009000730727286154
2263,5.04918601989746,602.335766105,-597.2865800851025,0.008382676732224138
2073,83.52729150390626,681.427682699,-597.9003911950938,0.12257689774283062
6127,4.9836049804687494,602.90977079975,-597.9261658192813,0.00826592172422775
6313,0.0,598.18551566825,-598.18551566825,0.0
6895,0.2772382764816284,598.7091409315,-598.4319026550183,0.0004630600354409621
248,0.0057230769619345655,598.63714983975,-598.6314267627881,9.560176734615297e-06
8171,98.315501953125,697.1870060662501,-598.8715041131251,0.14101740416367595
4414,0.0,598.973983225,-598.973983225,0.0
3632,374.83503515625,974.604690199,-599.76965504275,0.38460212488317913
2049,82.396828125,682.29620965575,-599.89938153075,0.12076401251856433
3574,0.0,599.9514127105,-599.9514127105,0.0
4119,280.5377216796875,880.65826327775,-600.1205415980626,0.31855457793241004
7231,0.1141908941268921,600.4055295225,-600.2913386283732,0.0001901896107244682
6919,0.8710404281616211,601.27825968325,-600.4072192550883,0.001448647797729844
4006,0.0,600.5611507635,-600.5611507635,0.0
1232,3.9868062896728516,604.94228920475,-600.9554829150771,0.00659039110709795
6312,0.0,601.43180719725,-601.43180719725,0.0
5932,0.0,601.50108068525,-601.50108068525,0.0
4702,0.0,601.5119445507501,-601.5119445507501,0.0
6080,73.07377612304687,674.85451157975,-601.7807354567032,0.10828078461490835
3908,7.399645202636718,609.64043024475,-602.2407850421132,0.012137720570022383
2072,42.510109375,644.7616233435,-602.2515139685,0.06593151293438725
5827,31.399197998046873,633.70644134525,-602.3072433472032,0.049548491067635786
4031,0.0,602.34392651075,-602.34392651075,0.0
586,71.71722094726563,674.3774068585,-602.6601859112343,0.10634582373541429
8000,6.301022155761719,608.9663807445,-602.6653585887383,0.010347077186282833
3033,121.2367060546875,724.0102961380001,-602.7735900833126,0.1674516322957478
3042,147.27412158203126,750.32039555625,-603.0462739742187,0.19628164482529886
5560,194.54608789062502,797.7116562025001,-603.1655683118751,0.2438802117708545
4647,783.1004882812499,1386.28760487525,-603.1871165940001,0.564890348122841
4676,8.603002441406248,611.80232899325,-603.1993265518437,0.01406173533451755
4630,0.0,603.251308222,-603.251308222,0.0
2874,139.637625,743.24757291875,-603.6099479187501,0.18787498257648513
3630,3.310157821655274,606.98183115475,-603.6716733330948,0.005453471004073396
5830,0.0,603.9415280595,-603.9415280595,0.0
4452,473.453072265625,1077.7046381435,-604.251565877875,0.4393161679640715
7303,0.0,604.3891283539999,-604.3891283539999,0.0
3933,0.0,604.4204344295,-604.4204344295,0.0
2047,0.5301197414398193,605.3735523065001,-604.8434325650602,0.0008756902883258599
4701,0.0,604.9102770595,-604.9102770595,0.0
7327,0.0,605.25330520325,-605.25330520325,0.0
1737,68.82585961914063,674.1879237085001,-605.3620640893595,0.10208705480582286
5396,0.33981363868713377,605.7776986,-605.4378849613129,0.0005609543548920924
2025,95.52002294921874,701.109012778,-605.5889898287812,0.1362413277708398
6211,0.501817642211914,606.2642384085,-605.7624207662881,0.000827720999512541
7,0.0,605.97447311425,-605.97447311425,0.0
8072,3.315337188720703,609.77890376375,-606.4635665750293,0.0054369496268572666
8577,66.06632104492188,672.6353842275,-606.5690631825781,0.09822010928339252
3044,0.10756689643859865,606.943635564,-606.8360686675614,0.00017722715909429608
3813,0.0,606.96425094375,-606.96425094375,0.0
6726,0.0,607.053789993,-607.053789993,0.0
3550,0.0,607.1880880792501,-607.1880880792501,0.0
4066,258.1528056640625,865.5526672354999,-607.3998615714374,0.29825198989950336
5767,17.187328735351564,624.69020814775,-607.5028794123984,0.027513363397834948
2048,32.06726940917969,639.576414157,-607.5091447478203,0.05013829254680689
4602,311.3748359375,918.97366605025,-607.59883011275,0.33882889913152847
5744,227.5111376953125,835.47449412225,-607.9633564269375,0.2723136840485144
4007,0.0,607.99002018625,-607.99002018625,0.0
6212,0.0,608.21043226675,-608.21043226675,0.0
5805,0.0,608.3175521145,-608.3175521145,0.0
5717,0.0,608.40165899925,-608.40165899925,0.0
3909,0.0,608.60677587475,-608.60677587475,0.0
6311,0.0,608.8125346119999,-608.8125346119999,0.0
6991,0.0,608.8521564395,-608.8521564395,0.0
6405,0.0,608.924961713,-608.924961713,0.0
1855,0.8630523986816405,610.50655905075,-609.6435066520684,0.0014136660523515047
3606,3.0419664001464843,612.79751290125,-609.7555465011035,0.004964064525621894
6391,4.415934600830078,615.14067997675,-610.72474537592,0.007178739331331891
8672,0.014065866887569427,610.97466772975,-610.9606018628624,2.3022013198702887e-05
6310,0.0,611.03986371725,-611.03986371725,0.0
4652,9.737661254882813,620.85555330825,-611.1178920533672,0.015684262123953133
6737,238.7457509765625,849.88353044375,-611.1377794671876,0.2809158456935743
5394,353.35753125,964.7045920245,-611.3470607745,0.3662857353484436
6631,1.9645463333129882,613.46023988825,-611.495693554937,0.003202402050487338
7135,0.11298715448379516,611.767485911,-611.6544987565162,0.00018468970139995776
4455,579.9420058593751,1192.1455925735,-612.2035867141249,0.4864691099691756
5577,126.965916015625,739.23571271525,-612.269796699625,0.17175295194751866
6608,164.00749609375,776.30012945,-612.29263335625,0.21126815475179597
874,78.3857578125,691.1838097990001,-612.7980519865,0.11340797713691676
2876,0.10757042741775513,612.99286818325,-612.8852977558323,0.00017548397840431922
6079,5.384315826416016,618.4775803072499,-613.0932644808339,0.008705757474725948
4558,0.0,613.1090146385,-613.1090146385,0.0
4459,56.69255126953125,669.85381591075,-613.1612646412187,0.08463421397072499
6104,88.33312255859374,701.49646336125,-613.1633408026562,0.12592098042721536
5947,8.449950225830078,621.8673528685,-613.4174026426699,0.013588026728312391
5926,0.0,613.86981260075,-613.86981260075,0.0
5958,0.0,613.91484369025,-613.91484369025,0.0
2024,36.312247314453124,650.2634009425,-613.9511536280469,0.05584236665631086
6261,0.0,614.0713177225,-614.0713177225,0.0
8146,69.984818359375,684.34850573475,-614.363687375375,0.10226488064289846
5684,0.0,614.44745859825,-614.44745859825,0.0
6328,111.26527099609375,725.96391161,-614.6986406139063,0.153265567424792
7279,0.0,614.8338708175,-614.8338708175,0.0
5180,1.636126594543457,616.6982176235,-615.0620910289565,0.002653042517611564
6765,0.0,615.0955040335,-615.0955040335,0.0
2911,66.870544921875,682.1443898795,-615.273844957625,0.09802989779870169
7087,0.5297340698242188,615.954537038,-615.4248029681758,0.0008600213767587146
7784,17.481235290527344,632.91356328925,-615.4323279987226,0.027620256977994213
6741,0.0,615.4579144812501,-615.4579144812501,0.0
3727,75.26497216796875,691.265712133,-616.0007399650312,0.10887994404763385
7904,11.200292236328124,627.4215755225,-616.2212832861719,0.017851302306825384
5101,439.217263671875,1055.4629515865,-616.2456879146249,0.4161370729266588
6189,0.0,616.44600870675,-616.44600870675,0.0
3442,527.910099609375,1144.4557692325,-616.5456696231249,0.4612761046258068
7664,13.229459167480469,629.831932804,-616.6024736365194,0.02100474500805067
5804,0.0,616.68926629375,-616.68926629375,0.0
7111,0.5301144218444824,617.88885014825,-617.3587357264055,0.0008579446301051517
4321,0.0,617.8105463652499,-617.8105463652499,0.0
103,0.0,618.0812745012499,-618.0812745012499,0.0
4037,0.0,618.21837570325,-618.21837570325,0.0
5853,0.0,618.60563367125,-618.60563367125,0.0
5176,261.8263076171875,880.97667090825,-619.1503632910624,0.297200046228302
6787,0.0,619.34043548625,-619.34043548625,0.0
417,108.7975048828125,728.158992195,-619.3614873121875,0.14941449037858232
3068,0.515551305770874,620.22217905375,-619.7066277479792,0.0008312364864574742
3645,0.0,619.825397405,-619.825397405,0.0
8480,0.30205075550079347,620.379201969,-620.0771512134992,0.00048688085296097006
7159,0.1130641393661499,621.02873926175,-620.9156751223838,0.0001820594314499774
224,0.5106029472351075,621.50800725725,-620.9974043100149,0.0008215548962383803
7640,1.7412290954589844,622.795503136,-621.054274040541,0.0027958279786791007
3919,121.817595703125,742.9006313462501,-621.0830356431251,0.1639756252709022
3370,170.9858603515625,792.0773524635,-621.0914921119374,0.2158701541003492
1785,72.58345678710937,693.69800079,-621.1145440028906,0.1046326450412383
4268,12.417843261718748,633.61607016675,-621.1982269050312,0.019598371674588916
512,0.24719790172576905,621.57409466525,-621.3268967635242,0.0003976965955461857
7832,14.042966186523437,635.4422170885,-621.3992509019765,0.022099517134329952
754,74.04421020507813,695.4704052385,-621.4261950334219,0.10646637087773639
3213,0.0,621.47031137875,-621.47031137875,0.0
8744,0.32203696823120115,621.92580937175,-621.6037724035189,0.0005178060837171346
5737,0.0,621.62674761275,-621.62674761275,0.0
6417,310.271435546875,932.0739340380001,-621.8024984911251,0.33288285819753716
6111,586.119349609375,1208.0602898500001,-621.9409402406251,0.48517392223609723
7255,0.0,622.05445891725,-622.05445891725,0.0
6259,3.2165903778076173,625.89682713125,-622.6802367534424,0.005139170280526012
8504,0.7847151832580567,623.5569166325,-622.772201449242,0.001258449968348418
6416,194.843458984375,817.778624088,-622.935165103625,0.23825941765524644
4051,160.59439990234375,783.56192523275,-622.9675253304063,0.20495431761782748
3475,155.76842724609375,778.8096578640001,-623.0412306179063,0.2000083402577508
3717,0.0,623.06073858725,-623.06073858725,0.0
5949,0.0,623.35542274325,-623.35542274325,0.0
4320,0.0,623.60153820825,-623.60153820825,0.0
5220,331.26508203125,955.01389483825,-623.748812807,0.34686938428313313
4303,58.966941894531246,682.8164714315,-623.8495295369687,0.0863584056262597
1760,27.531584716796875,651.5576890435,-624.0261043267031,0.04225502229120921
4460,8.631613006591797,633.14464515825,-624.5130321516582,0.013632924259829225
6655,0.9720043067932129,625.6039431195001,-624.6319388127068,0.0015537055287610927
536,0.24884440994262697,624.93612118625,-624.6872767763074,0.0003981917528980086
3738,101.41148876953125,726.16821083925,-624.7567220697188,0.13965288911872728
5899,31.80783935546875,656.6401442435,-624.8323048880312,0.04844029044808636
4030,0.0,624.8613596697501,-624.8613596697501,0.0
6487,5.6487314453125,630.6259081575,-624.9771767121875,0.008957341211779674
2901,0.0,625.08318935225,-625.08318935225,0.0
5736,0.0,625.407323815,-625.407323815,0.0
1064,4.288171295166015,629.925528415,-625.6373571198341,0.006807425790709513
3040,294.14654296875,919.8929036024999,-625.7463606337499,0.3197617260629435
6443,241.3388896484375,867.134092588,-625.7952029395626,0.2783178419958476
6296,192.100125,818.1789845879999,-626.0788595879999,0.23478985452302173
7063,0.0,626.269563133,-626.269563133,0.0
3765,0.0,626.296449777,-626.296449777,0.0
2023,0.5260431938171387,626.96939941375,-626.4433562199329,0.000839025307247837
609,33.36386328125,660.056085704,-626.69222242275,0.05054701252412193
3895,117.37928662109375,744.27592667075,-626.8966400496562,0.15770936860532128
5801,259.078654296875,886.08789979175,-627.009245494875,0.29238482329504706
6151,5.991323852539062,633.349953692,-627.358629839461,0.009459736766623218
6403,0.769801326751709,628.260527425,-627.4907260982483,0.0012252899743384177
1879,0.6319046173095704,628.1408790665,-627.5089744491904,0.0010059918680068584
5145,98.141447265625,725.7126635515,-627.5712162858749,0.1352345798268213
4453,509.410025390625,1137.0398371787498,-627.6298117881249,0.4480142280736363
6103,6.5526565856933585,634.29325887625,-627.7406022905566,0.010330641991957752
5219,273.3644296875,901.217008553,-627.8525788655,0.30332808501149755
3558,4.109355056762695,632.184699399,-628.0753443422373,0.0065002443971976815
4629,0.0,628.21772406525,-628.21772406525,0.0
5969,256.10180078125,884.9665289745,-628.8647281932499,0.28939151042088507
3609,533.384857421875,1162.274666885,-628.889809463125,0.4589146370990598
8648,0.01569289916753769,628.92646946225,-628.9107765630824,2.495188214292154e-05
5555,232.4269677734375,861.4408406565,-629.0138728830625,0.26981187393726785
5719,25.82432531738281,654.9940926310001,-629.1697673136173,0.03942680639183183
8336,1.5110168228149414,630.80801697025,-629.2970001474351,0.0023953671795056406
6404,0.0,629.545475837,-629.545475837,0.0
6117,0.0,630.205734383,-630.205734383,0.0
31,0.0,630.60736552675,-630.60736552675,0.0
6210,44.884350341796875,675.5953531335,-630.7110027917031,0.066436736231504
6441,99.26516357421875,730.08118303775,-630.8160194635312,0.1359645553734557
873,30.416572265625,661.29914569575,-630.882573430125,0.04599517845683692
8096,3.416656509399415,634.392308471,-630.9756519616005,0.005385715523960968
5553,140.514130859375,771.7152095095,-631.201078650125,0.18208029198569908
3787,174.327259765625,805.683724751,-631.3564649853749,0.2163718270505337
4626,390.942658203125,1022.6482543652501,-631.7055961621251,0.3822845794260858
5888,194.24163183593748,826.07651077225,-631.8348789363125,0.23513757995517257
369,101.44134912109375,733.29784488575,-631.8564957646563,0.13833580678061697
4413,0.0,631.9601025045,-631.9601025045,0.0
4283,420.11303125,1052.4243669549999,-632.3113357049999,0.3991859596203909
6799,1.151330436706543,633.539507284,-632.3881768472935,0.0018172985609453578
3764,5.200610321044922,637.76740069625,-632.5667903752051,0.008154399718789361
82,101.7022080078125,734.5523176105,-632.8501096026876,0.13845468243867948
2872,253.759765625,886.687397672,-632.927632047,0.28618853274001455
6469,240.5169404296875,873.584069369,-633.0671289393124,0.27532203091580376
8145,48.54165625,681.681873892,-633.140217642,0.07120866497688609
5766,0.0,633.332071964,-633.332071964,0.0
3582,4.147621337890625,637.48605944075,-633.3384381028593,0.006506214951622646
6283,3.1631649780273436,636.56343453525,-633.4002695572227,0.004969127664971234
5851,23.991328857421877,657.66386031325,-633.6725314558281,0.036479621686244114
6161,507.2375390625,1140.96513406975,-633.7275950072501,0.4445688334126802
1783,0.27871930503845216,634.06583418525,-633.7871148802116,0.00043957470907894126
3065,227.331544921875,861.1786571382501,-633.8471122163751,0.26397721631111315
5819,351.67012695312496,985.8216632465,-634.151536293375,0.356727935393791
4437,0.0,634.189006885,-634.189006885,0.0
5181,0.0,634.6605288935,-634.6605288935,0.0
8456,0.31102799224853517,635.25897335775,-634.9479453655015,0.0004896081831240338
6156,626.720361328125,1261.7008837825,-634.9805224543749,0.4967265767085224
5735,0.0,635.25776500525,-635.25776500525,0.0
585,32.88588757324219,668.1487175555,-635.2628299822578,0.049219412774359025
7808,3.8755714721679686,639.8957990795,-636.020227607332,0.006056566509244898
5731,59.858728271484374,696.34199190125,-636.4832636297657,0.08596168101551371
6738,64.51708081054687,701.49595354025,-636.9788727297031,0.09197070972822703
6327,191.4523974609375,828.652552748,-637.2001552870624,0.2310406171983629
8408,0.9437015914916992,638.2051069055,-637.2614053140082,0.0014786807247419188
2867,216.677623046875,854.1796340545001,-637.502011007625,0.2536675122593506
6778,403.41617578125,1041.1977517677499,-637.7815759864999,0.38745394398794497
6728,150.70801953125,789.22069081125,-638.5126712800001,0.19095801858080694
6138,231.7693564453125,870.3492463272501,-638.5798898819376,0.26629465947957276
5948,0.0,638.69892240475,-638.69892240475,0.0
4052,6.357228759765625,645.21915105,-638.8619222902345,0.009852820920717157
3462,4.064197937011719,643.190563618,-639.1263656809883,0.006318808391453166
6294,0.0,639.14495827825,-639.14495827825,0.0
3978,453.345404296875,1092.751380047,-639.4059757501251,0.41486600901159254
4578,205.2260595703125,844.98070287375,-639.7546433034375,0.2428766226606941
5959,12.152810363769532,652.06243027575,-639.9096199119805,0.018637495093825215
6141,0.0,640.1094911267501,-640.1094911267501,0.0
4040,356.1077109375,996.29581487875,-640.18810394125,0.35743170377906974
1736,20.994968505859376,661.461512715,-640.4665442091407,0.03174027221620841
1687,0.11451689291000368,640.7233853455,-640.60886845259,0.00017873062752270485
3398,202.5821533203125,843.3459374675,-640.7637841471875,0.24021240167283903
4319,0.0,640.83829364825,-640.83829364825,0.0
33,131.617365234375,772.4986912674999,-640.8813260331249,0.17037875474978628
1016,3.9500079956054686,645.548950823,-641.5989428273946,0.006118835735773144
3596,0.5149762115478516,642.12682449075,-641.6118482792021,0.0008019852015281831
6740,0.0,642.08377234975,-642.08377234975,0.0
680,0.3701066627502442,642.80507858725,-642.4349719244998,0.000575768105298565
6305,500.3090234375,1142.8539191615,-642.5448957240001,0.43777162996194635
272,0.04409997230768204,642.71540200175,-642.6713020294424,6.861508546662598e-05
5077,287.514970703125,930.28591134225,-642.770940639125,0.30906086708249425
6764,0.0,642.96308561725,-642.96308561725,0.0
6260,0.0,642.970531069,-642.970531069,0.0
4557,0.0,643.27820241725,-643.27820241725,0.0
3716,1.142746509552002,645.28018592875,-644.137439419198,0.0017709307254434278
2900,0.5202176818847657,645.520952123,-645.0007344411152,0.0008058881425428207
3429,0.0,646.7444161435001,-646.7444161435001,0.0
418,67.43659643554687,714.325429252,-646.8888328164531,0.0944059858148359
3597,0.0,646.895707503,-646.895707503,0.0
753,27.27363195800781,674.1850422835,-646.9114103254922,0.040454222812740505
3644,1.975331008911133,649.27462600325,-647.2992949943389,0.003042365936935412
5829,0.0,647.74438279225,-647.74438279225,0.0
3789,0.0,647.754497617,-647.754497617,0.0
4648,742.2655,1390.2664344485,-648.0009344485,0.5339016184768534
1951,1.1314638748168944,649.19770160775,-648.0662377329331,0.0017428648780979021
8624,0.32995650672912596,648.42329311175,-648.0933366050209,0.0005088597367266403
5901,0.0,648.1271876112501,-648.1271876112501,0.0
6414,0.0,649.0086053185,-649.0086053185,0.0
3570,434.730103515625,1083.919622701,-649.189519185375,0.4010722695759087
4412,12.330345458984375,663.12530829275,-650.7949628337656,0.018594291736708388
5578,137.28222314453126,788.33494122575,-651.0527180812187,0.17414199953757561
6222,0.0,651.1472380815001,-651.1472380815001,0.0
1040,1.9093134689331055,653.1016532955,-651.1923398265669,0.0029234552636261193
896,1.6140564270019533,652.99034967225,-651.376293245248,0.00247179215640827
6324,333.2729765625,984.86311353375,-651.5901369712501,0.33839522634602553
5828,0.0,651.67404047025,-651.67404047025,0.0
8600,0.5006097602844238,652.2818950585,-651.7812852982156,0.0007674745586370322
4050,288.25230859375,940.11070546,-651.8583968662499,0.30661528117169107
5933,0.0,651.88256744325,-651.88256744325,0.0
6284,0.0,651.894975385,-651.894975385,0.0
6092,0.0,651.95680251775,-651.95680251775,0.0
5730,323.703865234375,975.7630238625,-652.059158628125,0.331744344668102
4628,6.372720672607422,659.1337937975001,-652.7610731248926,0.009668326404907304
5852,0.0,654.130187468,-654.130187468,0.0
5579,159.95228173828124,814.20505881425,-654.2527770759688,0.1964520851476558
3713,242.608814453125,897.19849343125,-654.589678978125,0.27040706817828425
8288,1.549728073120117,656.5226641775,-654.9729361043799,0.0023605096294750565
6105,168.6359130859375,824.451246837,-655.8153337510626,0.20454322014596313
1903,2.6166186676025394,658.54562557975,-655.9290069121474,0.0039733293518207985
8432,0.9409201354980469,657.01228966825,-656.071369532752,0.0014321195339299254
3982,0.0,656.07948480425,-656.07948480425,0.0
4979,178.676259765625,835.3406126065,-656.664352840875,0.21389629194994841
107,94.0426015625,750.78822658325,-656.74562502075,0.1252584924849161
1759,0.11277710056304932,657.21715317725,-657.104376076687,0.00017159792596136892
5886,0.0,657.162201868,-657.162201868,0.0
6588,168.8381611328125,826.43464344175,-657.5964823089375,0.20429705151925392
5718,0.0,657.7639717755001,-657.7639717755001,0.0
201,23.31523828125,681.1021746015,-657.78693632025,0.034231630901280966
6246,0.0,657.9358629525,-657.9358629525,0.0
7976,3.935567916870117,662.19788672525,-658.2623188083799,0.005943190079312075
8168,1.866430160522461,660.39890260625,-658.5324724457275,0.0028262163221810612
608,0.10352984285354615,658.9548836795,-658.8513538366465,0.00015711218667709037
3261,0.0,659.2470813635,-659.2470813635,0.0
8120,2.6205146713256835,661.89364441925,-659.2731297479243,0.003959117434441939
9,116.82129296875,776.2969839675,-659.47569099875,0.1504853106876884
4556,12.236094543457032,671.79805039775,-659.5619558542929,0.01821394765584462
6091,6.233641082763672,665.8930958697499,-659.6594547869862,0.009361324080497242
6750,0.0,659.91021118025,-659.91021118025,0.0
5052,321.319240234375,982.2126269414999,-660.8933867071249,0.32713816855296285
5910,0.0,662.124807203,-662.124807203,0.0
6165,0.0,662.1284813154999,-662.1284813154999,0.0
8576,0.500455156326294,664.4487928902499,-663.9483377339236,0.0007531884487233435
7928,10.599937500000001,675.1197238275,-664.5197863275,0.015700826253755795
944,1.9609637222290037,666.553319498,-664.5923557757709,0.002941945770765818
3428,2.1203974227905276,667.9025588485,-665.7821614257094,0.0031747107291690817
3631,122.73800244140625,788.5416639382499,-665.8036614968437,0.15565189247294595
6774,0.0,666.113411307,-666.113411307,0.0
920,2.3895783309936522,668.6371377895,-666.2475594585063,0.00357380437365436
560,0.716756534576416,667.093917209,-666.3771606744235,0.0010744462136617122
3932,4.07287777709961,670.54162500975,-666.4687472326503,0.006074011842242271
1927,1.1301930923461916,667.60639971075,-666.4762066184038,0.001692903320194295
3525,0.0,667.0353192284999,-667.0353192284999,0.0
1711,0.11301186752319337,667.52058440775,-667.4075725402269,0.00016930094740697906
8240,0.8995378150939942,668.40566340075,-667.5061255856559,0.0013457962177811024
8312,0.8075600051879883,668.79329849575,-667.9857384905621,0.0012074881817698596
7952,5.114786071777344,673.3367895035,-668.2220034317227,0.0075961779363825765
200,0.10658660125732422,669.295064108,-669.1884775067427,0.00015925203518439958
5742,0.0,669.4785575745,-669.4785575745,0.0
1735,0.0,669.5200206585,-669.5200206585,0.0
4293,0.0,670.461759368,-670.461759368,0.0
8264,0.8745272521972657,671.428794446,-670.5542671938027,0.0013024869623239148
6621,0.0,670.8646593145,-670.8646593145,0.0
3260,1.4130419960021972,672.3059343865,-670.8928923904978,0.002101784205117656
3523,147.236453125,818.65300379325,-671.41655066825,0.1798520890571756
5900,0.0,672.491099795,-672.491099795,0.0
3444,578.492646484375,1251.35432983275,-672.861683348375,0.46229323879783935
752,0.10204489755630493,673.071281771,-672.9692368734437,0.00015161083256470445
5734,0.0,673.19049515575,-673.19049515575,0.0
728,0.6556217651367188,674.02130164075,-673.3656798756133,0.000972701845725137
5153,133.9819775390625,807.86473929075,-673.8827617516874,0.16584704203186598
3034,154.26720654296875,828.2220748385,-673.9548682955312,0.1862630942151441
4341,0.0,674.4414096854999,-674.4414096854999,0.0
3372,197.7369482421875,872.23722217725,-674.5002739350625,0.2267008824983439
6237,0.0,674.5874663432501,-674.5874663432501,0.0
3560,299.435556640625,974.2504665965,-674.814909955875,0.30734966684628845
584,0.10519666051864623,674.99028941175,-674.8850927512314,0.00015584914629583092
5743,23.574044677734374,699.287351259,-675.7133065812657,0.033711527316460155
4282,331.96308984375,1007.76882672075,-675.805736877,0.32940400686389965
8144,1.0628642234802246,676.932752748,-675.8698885245198,0.0015701178848200545
6739,0.0,676.2254170805,-676.2254170805,0.0
4281,213.72528027343748,890.1168521840001,-676.3915719105626,0.24010923903859324
3399,197.679466796875,874.4062071465,-676.7267403496251,0.22607280798692056
6471,140.32030810546874,817.0501599355,-676.7298518300313,0.17174013887324352
4649,579.85202734375,1256.62353255,-676.7715052062499,0.4614365495015442
4318,0.0,677.2380301802499,-677.2380301802499,0.0
3066,75.305787109375,755.00006449975,-679.694277390375,0.09974275573013171
5177,199.465099609375,879.32020184125,-679.855102231875,0.22684011917941327
3734,409.958677734375,1090.2121165855,-680.2534388511251,0.37603570087104987
3440,121.05650878906249,801.6617001117501,-680.6051913226876,0.15100697541267155
176,0.30745650482177733,681.0995001095,-680.7920436046783,0.00045141202470554696
6114,200.02420312499999,880.8402122425,-680.8160091175,0.22708341435580243
776,2.152047004699707,683.3445002745,-681.1924532698002,0.003149285610238968
6318,0.0,681.20419199025,-681.20419199025,0.0
6188,0.0,681.787767967,-681.787767967,0.0
105,82.8656826171875,764.7730108635,-681.9073282463124,0.10835330396305581
6446,198.7145361328125,880.87160847575,-682.1570723429375,0.2255885352589321
6089,235.311345703125,917.99704661975,-682.685700916625,0.25633126632951325
440,0.3077199773788452,685.05000450675,-684.7422845293712,0.00044919345289431306
3737,137.76240234375,822.6906192725,-684.9282169287501,0.16745347394153945
3736,249.4454951171875,934.8946881025,-685.4491929853125,0.26681667788342606
5937,412.1368984375,1097.772506956,-685.6356085184999,0.3754301510108677
6763,0.0,685.6897210884999,-685.6897210884999,0.0
704,0.6484328842163085,687.55639560825,-686.9079627240337,0.0009430977406581631
872,0.4991502742767334,687.80829028125,-687.3091400069733,0.0007257113364349181
4884,284.6799150390625,972.6648229402499,-687.9849079011874,0.29268038488924547
3477,0.0,688.43349636875,-688.43349636875,0.0
4338,457.23968554687497,1146.116466967,-688.876781420125,0.3989469642277579
106,60.45070727539063,749.89326718775,-689.4425599123593,0.08061241491269881
3788,6.3414833984375,699.30586984225,-692.9643864438125,0.0090682541972653
3400,152.1467314453125,845.84179622425,-693.6950647789374,0.17987610915493135
6762,32.64652709960937,726.4152133195,-693.7686862198907,0.04494196494795663
4457,476.07433984375,1170.180712713,-694.10637286925,0.4068383064810215
5820,365.90717578125,1060.33939833925,-694.432222558,0.34508495676880896
4289,385.736212890625,1082.1895657329999,-696.4533528423749,0.3564405209108753
5053,281.3868916015625,977.92826996825,-696.5413783666875,0.28773776150571906
6271,3.043035064697266,701.333733348,-698.2906982833027,0.004338925843238163
2869,238.3981337890625,936.8035994530001,-698.4054656639375,0.25448037739584145
6781,338.1381875,1038.263884062,-700.125696562,0.32567653788690537
3035,203.4101650390625,903.6851383085,-700.2749732694375,0.22508964261015954
5799,312.1142890625,1012.8476452365,-700.7333561739999,0.30815521981241917
6248,194.75650390625,896.22482236925,-701.468318463,0.2173076429350464
6618,122.28317333984376,825.145656776,-702.8624834361563,0.14819586358780745
5912,225.85723046875,929.27387172175,-703.416641253,0.24304700379365754
3499,154.3184951171875,857.88599492025,-703.5674998030626,0.1798822872165559
2871,247.6860830078125,951.3383890807501,-703.6523060729376,0.26035539571444055
3472,436.39524609374996,1140.1937380435,-703.79849194975,0.38273780248945993
3728,144.952009765625,849.073915731,-704.121905965375,0.17071777487135797
848,2.709762664794922,706.84744039575,-704.1376777309551,0.003833589125602817
6442,116.95996240234375,821.11777495125,-704.1578125489062,0.14243993471807107
5887,12.351979919433592,716.510492207,-704.1585122875664,0.01723907749647583
3501,0.0,705.26212080475,-705.26212080475,0.0
81,36.99315148925781,742.53128185125,-705.5381303619922,0.049820327228783684
2870,252.3128349609375,958.45225806725,-706.1394231063125,0.2632502898021068
6140,0.0,706.2899286935,-706.2899286935,0.0
5824,395.34541015625,1102.50001698425,-707.1546068279999,0.3585899353354004
4434,395.258494140625,1102.9893623745,-707.730868233875,0.3583520451469867
392,0.24163237953186034,708.6938744845,-708.4522421049681,0.00034095451913799575
4436,3.0106819305419923,711.47530757775,-708.464625647208,0.004231604237342251
344,0.3070333442687988,709.69713231925,-709.3900989749812,0.00043262587638307815
4072,146.48579248046875,856.7839810085001,-710.2981885280313,0.17097167495717197
6445,182.96313281250002,894.47439165525,-711.51125884275,0.20454820653878464
3608,289.588505859375,1001.5605298335,-711.972023974125,0.28913729819043393
3476,0.10564916753768921,712.158640365,-712.0529911974623,0.0001483506081386454
3464,264.632294921875,976.700963613,-712.068668691125,0.2709450533068028
3463,99.50652587890625,811.594577822,-712.0880519430938,0.12260619831065943
3619,150.962619140625,863.87972590525,-712.917106764625,0.17474957964511018
3396,199.4383564453125,912.9007684337499,-713.4624119884375,0.21846663199661806
4004,12.345720275878907,726.20028667325,-713.8545663973712,0.017000434295385183
6083,307.09891601562504,1020.956106026,-713.857190010375,0.3007954151037801
5821,410.151900390625,1124.6342467919999,-714.4823464013749,0.3646980351130852
5733,0.0,714.49014809075,-714.49014809075,0.0
6422,396.251982421875,1111.55799452825,-715.306012106375,0.35648340798768907
6620,0.0,715.5671177625001,-715.5671177625001,0.0
3621,0.0,715.59818835225,-715.59818835225,0.0
6116,0.0,716.2036067829999,-716.2036067829999,0.0
3584,263.662630859375,980.05454921225,-716.391918352875,0.2690285258124394
4005,0.0,716.7788674257499,-716.7788674257499,0.0
416,1.124458999633789,718.2753131345,-717.1508541348662,0.001565498601311014
6090,79.26807250976563,796.482794311,-717.2147218012344,0.09952264251836612
6468,176.5738134765625,895.83496006375,-719.2611465871876,0.19710529411231253
3453,0.0,720.0512723975,-720.0512723975,0.0
5054,229.577310546875,949.91578446225,-720.3384739153751,0.2416817512250916
6187,0.5023354949951171,721.127313243,-720.6249777480049,0.0006965975148541439
56,0.009985355734825134,721.12160680625,-721.1116214505153,1.38469789654507e-05
5934,0.0,721.213392501,-721.213392501,0.0
5178,99.33990966796875,821.6217255945,-722.2818159265313,0.12090711145105415
5345,112.48203662109376,835.00352565825,-722.5214890371562,0.1347084569465901
4456,484.06778125,1207.41265038275,-723.3448691327499,0.400913292316125
5076,188.9459501953125,912.3210995039999,-723.3751493086875,0.20710465875548836
3714,81.22868701171875,805.05598688625,-723.8272998745313,0.10089818377103471
6139,5.163802124023437,729.107664246,-723.9438621219766,0.007082358847895498
4458,322.2229873046875,1046.8617161085,-724.6387288038127,0.307798997746033
5800,260.877423828125,988.17045956775,-727.2930357396249,0.26400042729291745
368,0.0045556167261675004,728.57402007025,-728.5694644535238,6.252785021727041e-06
6086,439.5824140625,1168.99650572825,-729.41409166575,0.3760339843040157
5732,0.0,729.7625693939999,-729.7625693939999,0.0
3583,116.3301962890625,846.96949571325,-730.6392994241875,0.1373487436566411
6106,252.6705400390625,985.0736334647501,-732.4030934256875,0.25649913996160667
6779,321.56395117187503,1054.0186443385,-732.454693166625,0.30508374078013023
6309,0.0,732.6380813415,-732.6380813415,0.0
6607,1.640321578979492,737.70768673575,-736.0673651567705,0.002223538681037932
6186,72.73546337890625,810.083227628,-737.3477642490938,0.08978764256370902
80,0.10821033000946045,737.9961556495,-737.8879453194905,0.0001466272270315539
6320,190.080513671875,928.70835946925,-738.627845797375,0.20467190967876364
4039,116.21320849609376,854.9407378775,-738.7275293814063,0.13593130285109192
3559,81.96412353515625,822.87193872325,-740.9078151880938,0.09960738673714235
3730,170.06738671875,911.70009495175,-741.632708233,0.18653873951961336
3607,76.30443530273438,820.13871050025,-743.8342751975156,0.09303845097514472
4984,143.7055859375,887.6139737577499,-743.9083878202499,0.16190099527975607
6115,5.0854864501953125,749.09792287275,-744.0124364225547,0.006788813969612856
4451,301.615537109375,1046.029296428,-744.4137593186249,0.2883432976982518
6164,0.0,746.2385124135001,-746.2385124135001,0.0
6323,243.3826669921875,992.513853609,-749.1311866168124,0.2452184076443627
6088,272.06505566406247,1021.808377634,-749.7433219699375,0.2662583918403287
4885,295.6980341796875,1046.857741701,-751.1597075213124,0.2824624799705415
3036,223.943005859375,976.18222392075,-752.2392180613749,0.22940696945957556
6727,1.1502151641845704,753.63229004825,-752.4820748840654,0.0015262286102214401
6619,0.11208984231948851,752.62462161475,-752.5125317724305,0.00014893193625537885
6295,4.016747985839844,756.8513523194999,-752.8346043336601,0.0053071821411465455
4292,5.247422576904297,758.583640523,-753.3362179460956,0.006917394852292234
3524,2.6738589630126954,756.8143406655,-754.1404817024874,0.0035330447849711848
4000,312.111263671875,1066.6985263925,-754.5872627206251,0.29259557002934833
3712,226.19060546875,981.98340185275,-755.792796384,0.23034055851824578
4650,336.131654296875,1093.4288570532499,-757.2972027563749,0.3074106301669472
4216,277.5646650390625,1035.08145141775,-757.5167863786876,0.2681573168862461
6223,4.205472732543945,762.34274831575,-758.137275583206,0.005516511747922595
6415,3.1472163543701175,761.68591820025,-758.5387018458798,0.004131908277462463
4983,170.59227734375,929.5949709482501,-759.0026936045001,0.18351247854344757
8,0.31995079612731936,760.04308146,-759.7231306638728,0.00042096402626512676
6236,0.0,761.43694017925,-761.43694017925,0.0
3620,0.5136479530334472,762.18902255925,-761.6753746062166,0.0006739115064066755
104,0.5173815250396728,763.164099361,-762.6467178359603,0.0006779426925282983
5925,0.0,762.7840964385,-762.7840964385,0.0
3535,26.738267456054686,789.5939937215,-762.8557262654454,0.03386331156873301
4426,468.69719140625,1232.250082226,-763.5528908197499,0.3803588230882585
3546,350.976380859375,1115.6710302375,-764.694649378125,0.31458769747751963
3451,99.07111865234376,864.057178162,-764.9860595096562,0.11465805856555374
3450,230.246537109375,998.5353236775001,-768.288786568125,0.2305842681967595
5911,8.54768588256836,777.237804729,-768.6901188464317,0.010997516872652855
3452,2.873685836791992,772.032235579,-769.158549742208,0.0037222355500668726
4291,67.39870141601563,836.56233747175,-769.1636360557343,0.08056626304638698
6322,238.98237109375,1008.2229899255,-769.24061883175,0.237033248839501
3729,124.23381982421876,894.02516629975,-769.7913464755313,0.1389600923645648
3925,415.560859375,1186.00655216575,-770.44569279075,0.35038664690828514
32,0.31916209602355955,773.04821628225,-772.7290541862264,0.0004128618227018423
6084,355.511583984375,1128.36672037075,-772.8551363863751,0.3150674131478251
3731,197.1684599609375,970.36654267775,-773.1980827168125,0.20318967223834478
4450,203.38845703125,979.2799748230001,-775.8915177917501,0.20769183691346246
3039,210.87114843749998,989.8599578055,-778.988809368,0.21303129453985173
6753,185.943130859375,965.0096945175,-779.066563658125,0.19268524629657777
4886,289.1003232421875,1069.53460924325,-780.4342860010626,0.2703047853462506
5818,130.8305400390625,911.9168026815,-781.0862626424375,0.14346762721213868
3573,0.0,781.4575484685,-781.4575484685,0.0
4071,183.335818359375,964.937868865,-781.602050505625,0.18999753671707864
3500,2.8114104766845704,787.26163850175,-784.4502280250654,0.0035711259581552635
5922,284.77671972656253,1070.68664990875,-785.9099301821875,0.2659757824428436
5826,94.84716162109375,881.403113365,-786.5559517439062,0.10760928804911887
4095,196.5225703125,983.12446925625,-786.60189894375,0.19989591985364444
6247,5.022228225708009,793.53408427825,-788.511856052542,0.006328938250896912
6082,121.2418642578125,910.81653666075,-789.5746724029375,0.1331133760144474
5721,171.47261523437498,962.49866973625,-791.026054501875,0.1781536125168977
3038,204.72124316406249,996.450153754,-791.7289105899375,0.2054505608608223
3536,169.73716796875,962.75946985575,-793.022301887,0.17630277666121413
3037,205.4532265625,998.8108929267501,-793.35766636425,0.2056978230931944
3613,553.5655,1348.88283065975,-795.3173306597499,0.4103881278693853
4027,178.91575683593751,977.47910744175,-798.5633506058125,0.18303793430547727
6308,0.0,801.998077363,-801.998077363,0.0
4290,174.69747656250001,976.8397615604999,-802.1422849979999,0.1788394404672693
3571,138.47678076171874,941.267993795,-802.7912130332813,0.1471172732181102
3549,0.0,804.08410319975,-804.08410319975,0.0
6758,362.71439453125,1167.80403458225,-805.0896400510001,0.3105952569776879
6162,204.052630859375,1010.007322488,-805.954691628625,0.2020308428603185
6752,47.14227856445312,854.09212324175,-806.9498446772968,0.05519577716081309
6777,181.6791669921875,989.20754995425,-807.5283829620626,0.18366132245647407
6224,68.66708862304688,877.50424610925,-808.8371574862031,0.07825271370395746
4431,620.87227734375,1430.74527737125,-809.8730000275,0.433950254269262
6163,1.9327548065185545,813.965108897,-812.0323540904815,0.0023744934310060625
4304,90.83949462890625,907.200327339,-816.3608327100937,0.10013168182514327
6751,0.5310598545074463,817.171726796,-816.6406669414926,0.000649875462456064
6306,190.9784873046875,1007.9692177362499,-816.9907304315624,0.18946857082017685
4029,0.0,818.1799243275,-818.1799243275,0.0
3979,168.9740048828125,988.9758600512499,-820.0018551684375,0.17085756239105623
3981,0.0,820.107336266,-820.107336266,0.0
4340,13.705926818847656,833.836034959,-820.1301081401524,0.0164371965563762
6107,284.8923837890625,1105.50302637825,-820.6106425891876,0.257703847690673
5720,42.779450195312506,869.037870597,-826.2584204016875,0.04922622085122508
6776,76.37127197265625,906.39491867175,-830.0236466990938,0.08425827452818692
3465,291.4461708984375,1121.89185408,-830.4456831815626,0.2597809847524519
4287,371.098166015625,1204.78122457775,-833.683058562125,0.30802120595601556
5936,182.118150390625,1016.3235789119999,-834.2054285213749,0.17919307786442779
3733,263.4899638671875,1098.15164915625,-834.6616852890625,0.239939505467844
5725,358.577751953125,1194.220582741,-835.642830787875,0.30026090391931526
3572,0.5145710105895996,841.5949051305,-841.0803341199104,0.0006114236277349911
4887,220.53433496093749,1065.3144001145001,-844.7800651535626,0.20701338002210523
4744,171.293126953125,1017.0134905255,-845.7203635723749,0.16842758565197471
3466,384.962029296875,1232.2183654555,-847.2563361586249,0.31241380568301846
6319,5.445953369140625,853.5532385645,-848.1072851953594,0.0063803323761260165
3545,351.3531484375,1201.5241538559999,-850.1710054184998,0.29242287557640395
3061,290.8092666015625,1141.3840797925,-850.5748131909374,0.2547865100761211
5924,0.0,851.13899447425,-851.13899447425,0.0
6109,352.154716796875,1204.178744799,-852.0240280021251,0.29244389009973126
3735,192.86858203125,1044.901721608,-852.0331395767498,0.18458059534045348
6782,153.81167529296874,1008.8140814567499,-855.0024061637812,0.15246781143101557
3732,211.8390224609375,1067.9397843765,-856.1007619155625,0.19836232843994483
6235,0.10280065155029297,860.61930439175,-860.5165037401997,0.00011944962297063343
6775,1.153647834777832,863.47820500925,-862.3245571744721,0.0013360474262687687
6307,1.329391014099121,865.8543999405,-864.5250089264009,0.0015353516857512333
6234,197.2536669921875,1066.2773369625,-869.0236699703124,0.184992834386887
4339,184.98815625,1054.36553798425,-869.3773817342501,0.17544973674709916
4427,459.16996679687503,1329.25946585825,-870.0894990613749,0.34543291076356886
3540,369.453416015625,1240.8854154695,-871.431999453875,0.2977337078122602
4912,165.2304453125,1037.644024243,-872.4135789305001,0.1592361554568828
6085,283.32094921875,1167.24066979,-883.9197205712501,0.24272710530810715
5723,172.01255566406252,1057.33366179925,-885.3211061351874,0.16268521632865252
3980,11.065947204589843,897.53366082975,-886.4677136251602,0.012329283764165831
5724,225.7946728515625,1112.8371152445,-887.0424423929375,0.20290001973833646
3611,397.99112109375,1289.2544066295,-891.2632855357499,0.3086986701294434
6225,140.80277392578125,1040.379061419,-899.5762874932187,0.13533795422449077
6780,176.75297265625,1076.9764042274999,-900.2234315712499,0.16411963326059384
4028,12.374176208496092,914.68486983225,-902.3106936237539,0.013528349055601109
5722,127.8992294921875,1030.309911402,-902.4106819098124,0.12413665825461316
3548,0.5131513576507568,903.3616738075,-902.8485224498493,0.0005680464114886275
5923,25.275101684570313,928.43196131875,-903.1568596341797,0.02722342908299493
4306,294.9556533203125,1198.32171364375,-903.3660603234375,0.24614062293613703
5935,15.444450744628906,922.4414191815,-906.9969684368712,0.01674301522755781
3544,356.551658203125,1271.1479221142502,-914.5962639111251,0.28049580361158194
3537,166.859572265625,1084.17701694275,-917.317444677125,0.1539043620222136
6756,266.030294921875,1190.328960708,-924.2986657861251,0.2234930876084446
4305,140.4513583984375,1070.180401664,-929.7290432655626,0.13124082448978874
3547,65.61093774414063,999.6902107052499,-934.0792729611093,0.0656312695432147
4288,215.67202148437502,1158.15654510225,-942.484523617875,0.18622009452022215
6233,238.297087890625,1183.3690169210001,-945.0719290303751,0.20137174818830123
6754,122.30008251953124,1070.00340510325,-947.7033225837189,0.11429877869728003
6110,264.8699912109375,1223.5833562715,-958.7133650605624,0.21647073706655987
4454,216.178634765625,1177.70292333,-961.524288564375,0.18355956353645797
3471,272.8927197265625,1238.5736147785,-965.6808950519376,0.22032821969571584
6087,158.4491279296875,1124.535672017,-966.0865440873125,0.14090182439885315
6755,178.877982421875,1150.87394036525,-971.9959579433751,0.1554279543506537
6108,194.294990234375,1169.161702695,-974.866712460625,0.16618316321885004
3542,285.8463720703125,1261.00450199225,-975.1581299219374,0.22668148400106805
3539,224.656078125,1205.6534041115,-980.9973259865001,0.18633553985958637
3538,187.98681640625,1169.496258779,-981.5094423727501,0.1607416995431639
3569,223.82828515625,1205.39473753525,-981.566452379,0.18568878559088256
4317,0.0,990.56084991175,-990.56084991175,0.0
3612,343.003939453125,1337.90658603025,-994.9026465771251,0.25637360842545104
4315,186.9999287109375,1189.8540532085,-1002.8541244975626,0.157162072146177
3470,287.958025390625,1302.73766014525,-1014.779634754625,0.22104068530380716
6757,163.9354169921875,1187.01004631,-1023.0746293178125,0.1381078596290719
3541,203.884283203125,1253.5617195577502,-1049.6774363546251,0.16264399260086712
3543,237.0669052734375,1297.16024939825,-1060.0933441248126,0.18275837946826842
6229,333.8187890625,1397.7552511234999,-1063.936462061,0.23882492199929514
4309,669.8477734375,1745.45480078625,-1075.6070273487499,0.38376689717315876
4316,13.827991760253907,1092.319051778,-1078.491060017746,0.012659297414145051
3467,218.166978515625,1307.67392144325,-1089.506942927625,0.16683591740363157
6226,120.29882373046875,1211.995515337,-1091.6966916065312,0.0992568224130453
6227,151.55536328125,1274.9876836,-1123.43232031875,0.11886809975642802
3469,208.3842314453125,1372.56270121175,-1164.1784697664375,0.15182128372679934
4314,164.7205625,1333.8529925247499,-1169.13243002475,0.1234922913541773
6228,172.5709033203125,1353.114055824,-1180.5431525036875,0.12753611009360674
4307,177.080115234375,1361.360041286,-1184.2799260516251,0.13007588715254306
3468,200.08847265625002,1384.72639869375,-1184.6379260375002,0.14449675596601763
4308,345.34623046875,1573.73913758225,-1228.3929071134999,0.21944312243505965
4313,209.1175166015625,1483.3320512525,-1274.2145346509374,0.1409782228355472
4311,499.74115625,1788.6322428575002,-1288.8910866075003,0.279398494557059
4310,459.9786484375,1802.8117980795,-1342.833149642,0.2551451286664315
4312,248.47969140625,1622.9920352097502,-1374.5123438035002,0.15309976011129192
