Hour,Load (kW)
1,397.31269585675005
2,427.27896929100007
3,439.81166415699994
4,450.6476100777501
5,478.5407099212501
6,539.99768780175
7,631.4744731142499
8,789.5430814599997
9,809.7969839675003
10,805.513099135
11,816.1496008524998
12,791.8338043714998
13,767.1535345707499
14,702.8791387824997
15,663.1580315674998
16,631.4525937292501
17,591.25519555075
18,633.33399221025
19,637.0849171675001
20,615.6952317399999
21,610.3538965712501
22,596.13389182925
23,531.6272465174999
24,509.4518219365002
25,524.0684966270002
26,528.44395254925
27,533.79786090775
28,544.6890326967501
29,577.2624005874999
30,653.9999206857499
31,752.1073655267501
32,898.5482162822499
33,901.9986912674999
34,885.4356792085003
35,888.2646886017498
36,862.6844331205002
37,848.8086511612505
38,786.8739624485002
39,750.0760053354995
40,723.2540432349999
41,680.0553493205
42,718.3553200632504
43,716.9108670612503
44,684.6808650867499
45,677.79862070975
46,667.2785382494998
47,604.9532731037501
48,584.8250051330001
49,595.49650995475
50,601.078469372
51,607.6666248957501
52,612.7211872185002
53,638.9585585657501
54,704.3343040047497
55,799.5254523380002
56,942.6216068062497
57,960.4902355735
58,956.3170132597502
59,965.15235962725
60,944.3709386317505
61,929.2905487407498
62,871.7514499360001
63,836.4840163210004
64,807.7122869707503
65,764.5514293137502
66,805.7684755172502
67,806.2242055905002
68,774.0406677989997
69,768.3261287299999
70,761.3643412552503
71,703.5817143140002
72,687.4193693974996
73,693.3518454847499
74,699.5943912057504
75,711.4822292655002
76,724.0274312855
77,754.9493014817497
78,810.5590798689997
79,903.4241188177506
80,1055.4961556495007
81,1064.03128185125
82,1060.0523176104998
83,1067.2175908255003
84,1046.6183239332493
85,1028.80910964325
86,969.57800672075
87,934.2561488717497
88,906.6559011092502
89,867.7886630935002
90,912.2199336000003
91,924.942705445
92,896.8386735264999
93,887.1910517979995
94,876.4657267342498
95,813.6058915825001
96,793.9317264110001
97,810.3922125154999
98,822.6886332955004
99,834.7255164137498
100,843.2278298787497
101,875.0265879357502
102,937.5838099822498
103,1027.5812745012497
104,1176.6640993610004
105,1182.2730108635
106,1171.3932671877499
107,1176.2882265832502
108,1151.7175456307498
109,1133.407019974
110,1068.766993496
111,1027.9408644664998
112,999.4536117089999
113,958.2156494570002
114,980.6732133185003
115,1007.2033860180001
116,986.1083983770005
117,979.5074418837498
118,964.2893441000001
119,902.7226539745
120,884.8382682794997
121,949.3703293835003
122,886.5573927635002
123,857.0877017725004
124,856.2872532614996
125,875.3826312890002
126,880.7449258015002
127,916.76847592975
128,1020.6814578307502
129,979.8553982367496
130,913.03434500425
131,900.4936728474994
132,893.9197122942497
133,896.2326502172492
134,895.6516577495003
135,886.7522559354999
136,883.2289596827503
137,892.6698449527503
138,950.1682236067503
139,995.2244988322507
140,1004.83410043025
141,1021.1221951767495
142,1019.1105738707499
143,961.0989866975003
144,969.6278790709999
145,929.22595603925
146,921.0193929645003
147,928.8732454389999
148,935.5933942994994
149,955.1992426957501
150,973.4839734267503
151,984.1652307804998
152,1046.8856827855004
153,998.013687210001
154,965.3249095752495
155,957.0369996745003
156,954.5724344637506
157,947.5549281675003
158,940.61329498525
159,935.8690897045002
160,937.2613159745006
161,941.343911202
162,995.2980124389999
163,1042.9252528129998
164,1045.0941879362504
165,1053.5086891700003
166,1054.1628957359994
167,1016.7583578574994
168,990.7192205850004
169,970.4040810309998
170,1056.48627597275
171,1070.1438542327498
172,1077.2317132105
173,1102.6613308722494
174,1159.0611096112498
175,1247.1822160694999
176,1382.5995001095002
177,1408.6891830857496
178,1409.7639276107507
179,1424.379102899249
180,1396.9931151027502
181,1377.4084763065
182,1323.8532533530006
183,1292.6652142645
184,1259.6777075169996
185,1219.172320285
186,1232.4942932302492
187,1255.7084755854999
188,1222.1912461705008
189,1211.3593739930004
190,1200.5874019882497
191,1155.3232293207495
192,1130.7920089622505
193,1132.6837672452502
194,1136.9795772832504
195,1145.7518368295
196,1155.6861052677493
197,1183.8870721117503
198,1245.79275489025
199,1337.1118909385
200,1466.7950641080001
201,1482.6021746014997
202,1472.9223480995
203,1490.0700981885002
204,1474.0939055427502
205,1467.510332587249
206,1422.9058742944999
207,1392.4788140249996
208,1359.3477677670005
209,1307.8565183609994
210,1312.2074761237502
211,1330.3686217402503
212,1289.4497700082504
213,1279.996183572
214,1268.1531970352491
215,1222.5006282132492
216,1207.1601036289992
217,1212.0773034914994
218,1217.0167221272502
219,1226.386152533501
220,1233.6563152507508
221,1253.1619320575
222,1298.3044958489997
223,1387.8308028200001
224,1515.0080072572505
225,1538.17607576475
226,1553.4184636837504
227,1580.0832929642493
228,1567.9231940070001
229,1561.229091641
230,1515.6735460660004
231,1486.7791230197497
232,1456.0026565302499
233,1402.5539534707493
234,1409.7437390125006
235,1425.2427335834998
236,1380.602792247501
237,1365.5893420107507
238,1358.9201316889996
239,1315.4346988825
240,1299.4935850024997
241,1300.7402908837503
242,1307.1704539300006
243,1313.2042209567496
244,1320.3029999522512
245,1341.4373726980002
246,1384.5739520450002
247,1478.2167712832509
248,1588.1371498397502
249,1619.626017583251
250,1634.8194972610008
251,1662.0200447557486
252,1652.3672195462511
253,1646.6828643260005
254,1622.0430738232494
255,1596.33395356775
256,1571.1442325597495
257,1528.0792924604993
258,1527.3560761795
259,1534.0981811640013
260,1495.1849368997505
261,1483.4529814674986
262,1473.1805759875003
263,1420.394442849249
264,1408.6135910675011
265,1420.9349369339989
266,1425.7970541867505
267,1431.6379596307495
268,1440.741244423501
269,1460.6088135247487
270,1502.34007750325
271,1605.1272258842503
272,1728.2154020017495
273,1748.9907849689987
274,1768.6074833552505
275,1798.7402817872503
276,1786.758219612
277,1776.7501345402502
278,1722.265423761749
279,1686.8990518670003
280,1658.405382343749
281,1612.822764326249
282,1621.2703284525
283,1639.2940302927498
284,1601.2170133027491
285,1593.0342941837491
286,1586.8199703685004
287,1534.5690219337494
288,1533.863150022251
289,1585.46425921975
290,1531.9320012012497
291,1508.0288841325
292,1516.29095327025
293,1532.33718130175
294,1537.2380826787507
295,1568.7943078762505
296,1655.5751661412496
297,1609.168863597751
298,1551.941156873499
299,1540.6409691335004
300,1542.4826341382498
301,1549.3679006832506
302,1552.7186997682488
303,1551.8337121120007
304,1549.1986270792497
305,1553.2451913884997
306,1607.8970631817506
307,1648.1370947042503
308,1659.1312314860006
309,1673.3432402829997
310,1673.9754890382508
311,1621.0110588552486
312,1616.2249900695003
313,1581.1092319602492
314,1568.5089756859984
315,1576.7451386510004
316,1582.2136424487496
317,1609.198804785751
318,1629.5577871304993
319,1645.9695950265004
320,1722.8812823539986
321,1671.793208121501
322,1636.102794218251
323,1621.92943839025
324,1620.2919137392491
325,1617.3977964450003
326,1613.5044673077487
327,1615.9130815680003
328,1619.3062654427513
329,1622.848947254748
330,1677.2757324292518
331,1720.6685348102492
332,1722.0053159727488
333,1730.7492438335005
334,1734.4602312055
335,1698.6480716317503
336,1681.7344157117484
337,1666.0329180222511
338,1751.9400410289998
339,1758.6009680545003
340,1768.9592117409998
341,1797.7919138514985
342,1861.6232423685015
343,1950.1813825205002
344,2083.19713231925
345,2098.9625648167494
346,2091.1809320135003
347,2108.8339063652493
348,2085.65593151825
349,2073.994092008751
350,2020.4490528210017
351,1986.095894900999
352,1957.05104704725
353,1907.7558781054995
354,1920.830299642999
355,1939.7136487027515
356,1902.6943703402503
357,1895.1969100890005
358,1887.6552493972492
359,1834.6899088279995
360,1812.2555589200012
361,1823.5727866337497
362,1828.2378406357495
363,1838.785354164752
364,1849.7710707554997
365,1880.8373820382487
366,1953.7092466782494
367,2056.6720365822503
368,2198.0740200702503
369,2206.7978448857502
370,2190.2502695719995
371,2192.487701044999
372,2171.780917132
373,2157.23656597175
374,2104.1297589029996
375,2070.21467453325
376,2040.3103840389992
377,1990.8371155575003
378,2000.4020494345
379,2021.0164780975015
380,1981.6601170952486
381,1970.457858249249
382,1962.6095567017499
383,1913.692192936501
384,1900.2589145577508
385,1907.6831866292505
386,1918.9072538812495
387,1930.517120339501
388,1941.0607780379987
389,1972.5949921054987
390,2036.4060406320016
391,2129.1121786517497
392,2274.1938744844992
393,2300.7206090965005
394,2301.6353353225013
395,2319.6536593015003
396,2301.4487724712512
397,2287.6243494737487
398,2235.3047505994996
399,2197.0922477249987
400,2163.5965415725
401,2115.4885837112506
402,2129.719686797751
403,2159.99341602175
404,2126.437017795249
405,2115.6140091762504
406,2103.413916140999
407,2051.4369870309993
408,2025.8052035242508
409,2028.7283968384995
410,2036.0728346875003
411,2048.87275739675
412,2059.7098707475
413,2089.6162643525
414,2154.7771360164998
415,2248.52481391625
416,2379.7753131344975
417,2393.6589921949994
418,2383.825429252
419,2396.622310805252
420,2368.245860865251
421,2346.59200211175
422,2290.9844263640007
423,2254.3306091969985
424,2222.462605371749
425,2175.2115891712497
426,2185.56668442075
427,2203.1330403052507
428,2166.826923059499
429,2159.150008513501
430,2154.226052017
431,2108.13865943725
432,2086.379234597001
433,2090.9892991620004
434,2097.3325904920002
435,2111.198824406
436,2123.4283712919996
437,2157.3249990527497
438,2216.5956236010015
439,2308.376209128749
440,2442.5500045067506
441,2445.5296359550016
442,2447.6666026404987
443,2458.4850054902504
444,2439.2601569754997
445,2429.037017396498
446,2381.231945698499
447,2350.5743401542522
448,2322.3660342155013
449,2272.0078500997506
450,2262.5665347162503
451,2292.889703574501
452,2252.7864748215
453,2236.9124227355014
454,2227.122753639
455,2187.2745518172496
456,2173.961847619
457,2202.00929017675
458,2140.2870983440007
459,2127.2485729572495
460,2131.85200922475
461,2146.951520772749
462,2153.840226876751
463,2187.3975017394996
464,2266.039079511251
465,2211.8105608962474
466,2170.743946761
467,2168.2193736207487
468,2181.3377993562503
469,2196.3387985485015
470,2199.6299477499983
471,2195.756563778751
472,2195.385175062751
473,2198.53628701825
474,2228.7601477752496
475,2283.1470168652495
476,2287.5615826772496
477,2293.22679890875
478,2285.0536826837515
479,2241.122698322252
480,2229.8165039960027
481,2210.5601821977493
482,2194.910450899999
483,2196.0251657770004
484,2199.9163354547495
485,2220.6088861972516
486,2233.52949717825
487,2250.938395341
488,2310.7437583710007
489,2249.6654880470014
490,2235.199975358001
491,2239.1169645164996
492,2251.049375561251
493,2257.4283160997506
494,2259.297282828003
495,2263.3808215357503
496,2271.3700140359997
497,2271.485361164
498,2299.835318365751
499,2351.9541410904985
500,2349.084212999499
501,2347.6913561494994
502,2338.986792978499
503,2301.445795209501
504,2291.960800935999
505,2282.275443475
506,2363.7798572947513
507,2370.770262802749
508,2383.9016608580005
509,2406.3047139969995
510,2448.140850042752
511,2539.412180131249
512,2667.074094665248
513,2678.940781546249
514,2707.5256090255007
515,2732.9498574022473
516,2717.6484124145004
517,2709.4524802957526
518,2664.12483447725
519,2629.0019197872457
520,2599.5012289809993
521,2551.489810742748
522,2538.6981038534996
523,2585.139826551749
524,2544.966890434501
525,2532.347348986001
526,2518.078071243748
527,2473.851840589747
528,2457.506853044248
529,2459.2913970317486
530,2462.3461664100014
531,2469.6532396082503
532,2480.3695881105023
533,2497.190362741501
534,2538.5469965680018
535,2641.8843949557513
536,2766.436121186251
537,2776.151484918498
538,2810.896597483748
539,2838.2747009585014
540,2831.4264106757514
541,2824.123986514253
542,2777.8499776745
543,2751.4811682452496
544,2719.967711618498
545,2666.3330153187476
546,2647.690010230249
547,2686.5841713780023
548,2642.4138921387503
549,2630.5935204719985
550,2623.9254471769987
551,2573.1178254657516
552,2559.4285813127476
553,2565.9765578509987
554,2571.314804413752
555,2584.509981001252
556,2595.5850420797483
557,2622.7915102535007
558,2668.973685039002
559,2766.246572952002
560,2904.5939172089993
561,2905.163357444251
562,2914.740419331247
563,2932.8196701005004
564,2920.429180094752
565,2916.1799314019977
566,2867.362493267
567,2835.214287262999
568,2804.538912162748
569,2749.537733476749
570,2730.6863511442507
571,2774.0235987177502
572,2737.8282968265003
573,2725.145387650252
574,2717.504261370751
575,2672.0775060492497
576,2655.8673971062512
577,2663.8158198245
578,2665.4963035285
579,2678.682262858497
580,2688.277033030249
581,2721.5355901750017
582,2780.285669730746
583,2874.3105413895037
584,3008.4902894117504
585,3005.6487175555003
586,3015.8774068584976
587,3035.1282050957484
588,3011.1765167777494
589,3002.197257910751
590,2953.8804239307515
591,2919.352953434002
592,2891.6344666855
593,2845.4596923305003
594,2826.9545772482484
595,2869.2565970547475
596,2828.532224865
597,2816.6239983074997
598,2808.167883155
599,2765.880152222251
600,2748.4623109067497
601,2752.5914545900027
602,2759.104961370997
603,2769.549266761249
604,2780.1985346889996
605,2807.998359715002
606,2862.118505101751
607,2958.6888837097513
608,3088.4548836794984
609,3093.556085703999
610,3103.850552333247
611,3111.188139184751
612,3101.8393643602526
613,3094.066446073999
614,3044.71204137275
615,3016.992710301504
616,2989.483370058501
617,2933.9870214982484
618,2917.487205369
619,2957.4778201389986
620,2917.5256419844995
621,2904.6346574462514
622,2894.8211080915016
623,2855.8657867507513
624,2837.1486474510016
625,2856.48232532
626,2793.4639568722478
627,2786.2305982185007
628,2790.2569885820026
629,2800.402864918497
630,2807.2213468249993
631,2844.6617526860027
632,2908.3682117367516
633,2856.190617580002
634,2832.2181555812476
635,2838.195232445747
636,2849.374953752503
637,2861.378657053749
638,2867.457227084252
639,2866.461220871752
640,2859.0562100444995
641,2859.388892887499
642,2887.8818091489998
643,2954.0425390432492
644,2963.7370311654995
645,2971.6261219042512
646,2959.7920865617484
647,2916.073779659998
648,2904.1045170957495
649,2887.8997838477485
650,2865.2405921590002
651,2869.56658494225
652,2877.7885174214975
653,2892.050346156246
654,2902.508370624752
655,2918.4073246512544
656,2983.6836722447492
657,2919.434124797251
658,2914.6888294432497
659,2914.271728417248
660,2923.576132403001
661,2931.0391931152503
662,2940.1726839675025
663,2943.3023282592526
664,2944.67968639975
665,2948.7586957272533
666,2975.394319613999
667,3042.400977346501
668,3037.7090086832513
669,3034.12579713425
670,3027.9540637275013
671,2985.284159956751
672,2977.5875782305015
673,2970.232197139499
674,3053.2847544112497
675,3064.432425304751
676,3070.8890790062505
677,3093.5304511182494
678,3141.5129994272497
679,3233.4981926264995
680,3360.3050785872524
681,3364.3617616517513
682,3395.283513996499
683,3425.485477163251
684,3416.96608123375
685,3408.7447797667514
686,3360.416881170748
687,3331.6932918399993
688,3299.854779374249
689,3243.151127620247
690,3224.5369987595
691,3263.253854767252
692,3220.7610205182477
693,3210.8525172615005
694,3204.538835303001
695,3151.8725194474973
696,3137.673546239249
697,3148.625828002002
698,3163.1823293477487
699,3172.938428001752
700,3185.1979034895007
701,3212.6560241864986
702,3266.7269387837487
703,3358.864115680252
704,3501.056395608249
705,3495.489624398999
706,3508.59538825225
707,3528.2024156642497
708,3509.2194924994997
709,3497.398561439502
710,3447.57289814575
711,3414.2405843042516
712,3385.3325305695002
713,3338.8478135515
714,3305.8027877362492
715,3363.589661467498
716,3323.987178755753
717,3315.5655113107487
718,3304.7200978047476
719,3254.824185152252
720,3238.0314574589997
721,3244.5898242735016
722,3255.2266648222503
723,3263.8712164769995
724,3276.5076749472496
725,3307.868728203501
726,3370.4850330135005
727,3454.1625231702506
728,3583.521301640747
729,3585.284258753252
730,3594.806344712749
731,3611.8768858759977
732,3592.397716481251
733,3581.38990391375
734,3530.5435110707526
735,3497.342424598251
736,3467.3559818672475
737,3417.4158468625014
738,3381.8714941274993
739,3438.4730867822495
740,3399.311860970998
741,3390.748738211002
742,3380.300990272503
743,3338.7473609545
744,3323.830042954503
745,3325.1638897119988
746,3331.9512864120034
747,3342.6255202969996
748,3354.99954212225
749,3391.7490262380006
750,3456.658537640501
751,3542.8241246120015
752,3678.571281771001
753,3683.685042283501
754,3708.9704052384973
755,3729.9405588605005
756,3713.5458886937513
757,3700.3977582275015
758,3643.4427185392487
759,3612.402368080999
760,3583.8388284200005
761,3537.8721907132494
762,3507.9613438279976
763,3566.0110424527497
764,3524.9393770707475
765,3513.187483744502
766,3500.8526781042524
767,3445.1727287575013
768,3441.3235585695
769,3444.2189364180012
770,3450.7252540239983
771,3459.3933602257516
772,3469.686618441499
773,3495.2062210757504
774,3541.7847905389995
775,3635.8125400512527
776,3784.8445002744993
777,3775.686351726999
778,3795.4947507734996
779,3821.6808926134972
780,3802.788381880251
781,3790.8685341365017
782,3738.6826018645
783,3707.921789547751
784,3677.8675936175
785,3627.4675445747534
786,3597.0214507025
787,3655.643378651751
788,3619.159483575498
789,3611.16505975575
790,3605.604956362997
791,3553.295369136248
792,3533.675848896501
793,3582.2031922345004
794,3518.7926798304993
795,3494.343288480501
796,3500.4469870310018
797,3519.0382055940004
798,3523.239624966
799,3555.573605819752
800,3636.6965818775016
801,3578.4582046947507
802,3542.682104337
803,3543.3345566377498
804,3549.637144648
805,3557.1221208054985
806,3564.0817730730005
807,3558.2606102327504
808,3556.7423140897517
809,3558.701936006751
810,3566.5418791685006
811,3646.7638754042487
812,3650.794335420249
813,3660.3109970222486
814,3658.385782267502
815,3605.8780452410006
816,3595.632692697248
817,3575.789748409999
818,3564.113901729499
819,3571.4058355889983
820,3579.7552482162496
821,3604.1970011937497
822,3624.1908665015008
823,3642.5291842469996
824,3708.994425831751
825,3653.1205590917502
826,3647.632907916751
827,3644.442224668003
828,3644.803468445751
829,3645.256193221253
830,3633.482912961503
831,3619.925531068752
832,3624.0273937485035
833,3624.3728932677514
834,3635.604016378498
835,3720.352598514751
836,3725.301086799751
837,3727.9489129857525
838,3728.6073627020032
839,3683.8232183182486
840,3678.1978535840003
841,3674.6781706699994
842,3757.752567905501
843,3764.36716312825
844,3773.761781582249
845,3797.948965209251
846,3846.1698656839985
847,3942.7035629595025
848,4096.347440395749
849,4058.645525057749
850,4091.1323335812485
851,4115.852218899251
852,4099.953372921498
853,4090.3202786295024
854,4038.7734223982497
855,4011.9080698537505
856,3979.5892845672493
857,3930.211405085002
858,3898.9875449852493
859,3951.958221467748
860,3908.4814081782506
861,3897.1134347027505
862,3884.7625694499993
863,3834.8817883459988
864,3822.059616789999
865,3830.621517841
866,3835.548518059499
867,3846.673831911999
868,3854.5689656582476
869,3880.30497616525
870,3937.7840466972493
871,4028.362138344501
872,4173.308290281249
873,4150.799145695748
874,4184.6838097989985
875,4203.108072250751
876,4189.62020063675
877,4175.05819022775
878,4118.036331556999
879,4084.007216981499
880,4056.9752900682497
881,4004.5291240557485
882,3968.6145620329985
883,4035.550288123502
884,3994.951346921999
885,3983.6439200115015
886,3973.8486090870015
887,3921.824580461249
888,3906.009271153499
889,3908.025227656751
890,3916.687361459749
891,3923.6646639715
892,3934.9525454479995
893,3958.0451733617524
894,3998.466224874751
895,4098.025384238749
896,4234.490349672249
897,4219.861963731249
898,4263.377578773751
899,4293.196911405001
900,4276.76887001775
901,4268.1193581985
902,4216.268352355997
903,4186.953602935502
904,4155.338937058999
905,4106.304929860748
906,4067.923303251252
907,4132.3600559139995
908,4093.2807929192527
909,4083.82357879325
910,4075.507526852
911,4022.746402276751
912,4007.1458932912496
913,4014.445352587002
914,4022.2426499830003
915,4029.437804960754
916,4037.4213271955
917,4063.048139192747
918,4106.542822678001
919,4206.644423334752
920,4346.137137789501
921,4336.1346499
922,4365.7585511444995
923,4385.572479259252
924,4371.077563300754
925,4361.11200769975
926,4307.738747835249
927,4278.394473018252
928,4252.858045677498
929,4202.5903123025
930,4160.2876951055
931,4225.26880764475
932,4181.916942026
933,4169.366398445998
934,4160.2554001417475
935,4111.172410823251
936,4093.5020195640022
937,4098.657390331501
938,4105.482546729001
939,4118.540524432501
940,4133.02752330025
941,4162.9793582682505
942,4215.489834346501
943,4308.922561395249
944,4440.053319498002
945,4427.913274568501
946,4463.006015784999
947,4492.438093695997
948,4479.904921801751
949,4473.030278767249
950,4422.432247265748
951,4394.021156139498
952,4361.345631594248
953,4307.451545873
954,4263.500623248748
955,4323.2355847624995
956,4281.54288162525
957,4268.262500013499
958,4261.919866618498
959,4209.312635170501
960,4196.584735437751
961,4218.862166463498
962,4158.387184722502
963,4153.310564616998
964,4160.775423598752
965,4171.808450557249
966,4180.5682466015005
967,4215.855872492251
968,4278.1797513237525
969,4213.677674710498
970,4202.439564991747
971,4207.978237766003
972,4216.3393694162505
973,4226.066157397753
974,4232.228288999001
975,4227.731762278751
976,4229.655859212247
977,4230.179667719501
978,4230.635053823001
979,4304.296795466249
980,4323.4763758650015
981,4331.541584255003
982,4321.347372686747
983,4265.54686113975
984,4257.021657013004
985,4250.187909668251
986,4225.3358304885005
987,4227.136337211753
988,4233.532420191499
989,4240.986600468247
990,4253.413456442999
991,4287.6512745397495
992,4346.294968005001
993,4270.69242935575
994,4272.242950767502
995,4273.677690612752
996,4281.77952762625
997,4283.58073809625
998,4283.663036348501
999,4282.736886504249
1000,4287.768665523747
1001,4287.616878571249
1002,4286.422736731498
1003,4362.518582424001
1004,4379.837121984499
1005,4383.717401077997
1006,4367.605493534997
1007,4323.467361619748
1008,4319.53306344575
1009,4317.947963173501
1010,4402.131007566004
1011,4405.481879093253
1012,4413.769573426756
1013,4435.1932093185005
1014,4474.734080941748
1015,4578.587844578001
1016,4707.048950823003
1017,4697.2002505232485
1018,4746.7650257444975
1019,4783.946897486996
1020,4776.718383007001
1021,4780.673986681502
1022,4733.11853367126
1023,4705.088325218995
1024,4664.194896009747
1025,4604.334028536249
1026,4552.491989753496
1027,4594.2422654375
1028,4560.885406282002
1029,4552.495092957
1030,4546.912797039003
1031,4493.133814466
1032,4480.990606154996
1033,4488.613607462001
1034,4498.077904050501
1035,4505.323398496752
1036,4516.818195967497
1037,4540.659050958253
1038,4588.429966553001
1039,4678.369693507997
1040,4810.601653295501
1041,4801.915395451003
1042,4841.314681162746
1043,4867.739021147253
1044,4852.861193296754
1045,4842.5401181715
1046,4785.814028261004
1047,4749.358954473003
1048,4720.737120418748
1049,4666.272248891754
1050,4629.361587673999
1051,4684.963006195251
1052,4659.372072960506
1053,4645.942966080004
1054,4635.244515760746
1055,4586.248290186006
1056,4574.326971993999
1057,4575.348210328752
1058,4582.38489228175
1059,4592.406091865001
1060,4602.030712005745
1061,4625.952026311001
1062,4672.500133174003
1063,4765.2922476112435
1064,4883.425528415004
1065,4879.761686581751
1066,4917.146314021751
1067,4940.019771536996
1068,4922.455502082002
1069,4915.5954484735
1070,4863.823881652755
1071,4835.185336204253
1072,4803.720929386254
1073,4756.499504586755
1074,4715.258426060999
1075,4764.3430949894955
1076,4738.197440225254
1077,4729.086076260998
1078,4715.175060221501
1079,4676.806041507005
1080,4659.361810471504
1081,4659.982236219497
1082,4664.0788977255
1083,4669.399291526502
1084,4677.263961718245
1085,4695.569656429248
1086,4737.904103122501
1087,4836.0663844374985
1088,4946.301168959254
1089,4943.9621466744975
1090,4992.723086991496
1091,5028.4276969815
1092,5035.485871966753
1093,5042.959362531246
1094,4999.847539695749
1095,4967.968553705003
1096,4936.5153543355
1097,4878.364765313996
1098,4827.9714422544985
1099,4870.483653726998
1100,4836.855031592499
1101,4818.076902820003
1102,4809.713558519
1103,4770.738101369248
1104,4752.974209001748
1105,4756.099458743
1106,4760.855725391993
1107,4766.24885790525
1108,4776.649731577499
1109,4798.118077000501
1110,4834.910985342252
1111,4934.456124937003
1112,5039.551853416502
1113,5064.765250724997
1114,5135.2867995142515
1115,5185.150074364251
1116,5181.964698857996
1117,5184.7163910197505
1118,5138.88016244875
1119,5101.855901160253
1120,5054.017402223503
1121,4985.214282347256
1122,4934.761240312004
1123,4976.571036939005
1124,4939.934805706995
1125,4926.623318456256
1126,4917.129307323501
1127,4869.936794842745
1128,4856.618678881255
1129,4867.998040337991
1130,4811.413141089498
1131,4809.152545409748
1132,4815.396078900743
1133,4826.040148179749
1134,4834.64213695125
1135,4873.220400780254
1136,4914.756609318505
1137,4863.335418277997
1138,4857.779100639496
1139,4862.854097355998
1140,4873.532598329251
1141,4884.573764337503
1142,4892.3167628257515
1143,4889.462866412749
1144,4888.914850731755
1145,4895.598016569
1146,4892.367076966249
1147,4966.032116668746
1148,4986.737867899499
1149,4994.596107070751
1150,4982.484197404499
1151,4936.019473270747
1152,4922.390157840996
1153,4905.246603859499
1154,4885.181468695255
1155,4888.206952116759
1156,4896.285763166501
1157,4910.416262488747
1158,4922.524613835993
1159,4940.237199046247
1160,4990.533770792756
1161,4923.714562350244
1162,4929.682496655999
1163,4931.668274173749
1164,4944.208857356244
1165,4949.9691805529965
1166,4949.4604025795
1167,4951.865888930756
1168,4955.076785351001
1169,4961.23082594975
1170,4955.577449760995
1171,5026.573416381504
1172,5038.9645853864995
1173,5038.419165037
1174,5027.430497464752
1175,4989.570704128002
1176,4978.763793747752
1177,4969.172203757996
1178,5050.014494840496
1179,5055.2306644715
1180,5064.729094968254
1181,5083.904072772501
1182,5124.623267027998
1183,5220.816652779496
1184,5323.955994989747
1185,5339.793528492746
1186,5389.1267973705
1187,5417.792244839251
1188,5404.65957927125
1189,5399.832135343755
1190,5349.6157037615
1191,5320.862400633246
1192,5289.142495905751
1193,5238.832962210499
1194,5199.647671639003
1195,5250.340249697748
1196,5227.063807782247
1197,5213.6169950602525
1198,5204.79760885575
1199,5157.619189492751
1200,5142.184432987751
1201,5144.286371268744
1202,5148.522924255498
1203,5154.2031613205
1204,5160.843409208252
1205,5180.9100957810015
1206,5223.406571522248
1207,5321.904255760752
1208,5419.205689724258
1209,5434.747684758999
1210,5479.860143114498
1211,5509.487979632997
1212,5500.026135838744
1213,5497.100580414002
1214,5454.894801562505
1215,5438.303561425746
1216,5425.958339174751
1217,5368.64591254025
1218,5323.117564054755
1219,5359.102033093994
1220,5324.753083271752
1221,5305.671303507
1222,5298.495533657002
1223,5251.106423772747
1224,5241.828768825504
1225,5243.864390455751
1226,5250.654367012495
1227,5256.821204632499
1228,5267.593811083499
1229,5287.588902776753
1230,5327.239939630997
1231,5428.0834554337525
1232,5530.442289204748
1233,5546.508598583246
1234,5607.435588338001
1235,5648.278031586746
1236,5644.102034317993
1237,5641.176379378997
1238,5596.493906957493
1239,5578.4611496702455
1240,5548.710220418005
1241,5488.852229348252
1242,5440.652142186007
1243,5476.597998010749
1244,5431.934854512253
1245,5410.740474213501
1246,5397.393287653248
1247,5351.044762389502
1248,5334.235476386003
1249,5335.708195138752
1250,5342.219508836748
1251,5351.242310878743
1252,5359.832220664998
1253,5379.258971976753
1254,5420.065396348245
1255,5516.812773032501
1256,5612.598979631999
1257,5633.120093153003
1258,5689.623106247499
1259,5727.209539074992
1260,5728.792848050493
1261,5733.696122230501
1262,5699.235315898246
1263,5679.818035291754
1264,5657.471747615496
1265,5606.991461615249
1266,5554.664860050503
1267,5556.215055241755
1268,5531.8648953835045
1269,5505.058519012752
1270,5493.364406641751
1271,5444.373728988247
1272,5428.97825953325
1273,5429.468148364249
1274,5433.187234822002
1275,5438.584672464749
1276,5448.9022749049955
1277,5468.522153183244
1278,5503.510466201499
1279,5604.693755164496
1280,5695.158443531749
1281,5719.2710110855
1282,5772.697381189249
1283,5822.89761815525
1284,5830.354389169746
1285,5843.4040860272535
1286,5804.992146430996
1287,5776.952811316749
1288,5736.353760220748
1289,5671.0161308185025
1290,5620.884812855751
1291,5629.211987187002
1292,5612.603283481507
1293,5591.1271220705
1294,5581.193517608754
1295,5538.994523984501
1296,5523.479421564005
1297,5535.397043763495
1298,5472.27884320275
1299,5467.184921956002
1300,5474.834333828503
1301,5487.886212163998
1302,5495.072775601001
1303,5540.914844715755
1304,5573.431900454999
1305,5534.662054524499
1306,5526.240355383746
1307,5532.348601740495
1308,5554.2230834095035
1309,5578.137059548752
1310,5596.547473744998
1311,5600.375850660496
1312,5595.345339034747
1313,5593.74762493425
1314,5585.432159780499
1315,5624.616894752995
1316,5663.163174354753
1317,5664.397350391002
1318,5647.407815354748
1319,5598.752439456499
1320,5583.8130327232475
1321,5565.178171398502
1322,5540.5560946294945
1323,5545.02475694875
1324,5552.464969028001
1325,5565.079266980247
1326,5575.176225017999
1327,5604.667487993246
1328,5636.865514780248
1329,5585.67860958325
1330,5593.750370078748
1331,5593.448164968504
1332,5600.205225410255
1333,5607.187989186746
1334,5610.315357879504
1335,5607.846836548753
1336,5611.059049107254
1337,5611.20156064225
1338,5613.066501411
1339,5664.070181052254
1340,5705.447249097001
1341,5712.151196155251
1342,5698.578128972002
1343,5661.246766000006
1344,5651.720621944996
1345,5642.6973225554975
1346,5724.043043642503
1347,5728.757758199498
1348,5739.7380425737465
1349,5757.887996546751
1350,5800.184541049245
1351,5899.0178684990005
1352,5978.700072790247
1353,6016.593268884745
1354,6062.416948053998
1355,6088.219221290743
1356,6075.8276140972475
1357,6079.701324616251
1358,6042.5875948555
1359,6026.047843536749
1360,6031.098151196503
1361,5970.210632679745
1362,5914.930115063251
1363,5922.966592327246
1364,5887.075906393999
1365,5865.582247234748
1366,5861.573123570247
1367,5826.625043652503
1368,5811.363463100252
1369,5814.121054414505
1370,5819.020794071749
1371,5824.2515980994995
1372,5833.636291611253
1373,5858.444287719999
1374,5904.4385276025
1375,5997.665009480744
1376,6078.911744850008
1377,6143.691722820253
1378,6187.742522919004
1379,6219.8909569935
1380,6218.183624387247
1381,6225.244061002755
1382,6220.385313667247
1383,6208.428333777997
1384,6186.247050305001
1385,6113.105265204002
1386,6051.433879030748
1387,6053.8803068194975
1388,6040.976238516748
1389,5970.231627965503
1390,5947.776727374501
1391,5920.527964573005
1392,5907.010677442752
1393,5906.3822434535
1394,5910.252442707746
1395,5918.637761827504
1396,5925.509977026755
1397,5947.4032465400005
1398,5989.050221600253
1399,6087.162516513499
1400,6168.092371093751
1401,6236.649437876745
1402,6286.5986065357465
1403,6317.779348302
1404,6302.736533758504
1405,6286.6808517499985
1406,6235.174084055003
1407,6208.389233770754
1408,6185.172196522748
1409,6140.601499948746
1410,6092.679682005002
1411,6089.995691939497
1412,6092.769076830253
1413,6078.422600450501
1414,6069.678653118505
1415,6026.0779312955
1416,6010.282606940507
1417,6011.614172764502
1418,6015.494421697496
1419,6021.976537305748
1420,6029.96359895975
1421,6054.067546697748
1422,6092.837066870002
1423,6187.8407347815
1424,6264.891969851247
1425,6344.019258925
1426,6388.882189506996
1427,6414.664220103004
1428,6400.528221838001
1429,6381.465367902998
1430,6326.798773326995
1431,6296.875645334001
1432,6278.393957186503
1433,6226.773480512
1434,6177.518485232001
1435,6174.129556672751
1436,6175.8986055822525
1437,6167.930314781753
1438,6157.813657093249
1439,6119.350046753254
1440,6101.660646823258
1441,6104.880555744501
1442,6110.023078217251
1443,6119.280563245999
1444,6125.740405615504
1445,6149.3565473222525
1446,6197.54736402525
1447,6293.7573213954975
1448,6370.575148024497
1449,6429.393356267497
1450,6479.2077034704935
1451,6509.077045127748
1452,6501.986351354498
1453,6501.10005002725
1454,6460.085647869256
1455,6425.877238470253
1456,6395.520999328496
1457,6340.884598076504
1458,6290.215466750003
1459,6305.064680310499
1460,6292.153083513999
1461,6252.31657590375
1462,6250.133006497502
1463,6213.7240016079995
1464,6196.875742302498
1465,6217.920988424747
1466,6154.618673087005
1467,6146.933833921255
1468,6156.241769381004
1469,6168.256054940249
1470,6177.489386316251
1471,6214.463365444003
1472,6224.232521277501
1473,6200.009763628504
1474,6188.560309456499
1475,6194.726502729755
1476,6208.001564840746
1477,6222.130092912999
1478,6225.316571402503
1479,6226.244639135002
1480,6228.4784198934985
1481,6230.72176131325
1482,6226.7500667865015
1483,6269.515355356
1484,6316.422429145494
1485,6328.505879362751
1486,6314.699551455997
1487,6272.257789712754
1488,6261.989940453251
1489,6240.809634083501
1490,6221.560653648249
1491,6225.79031375625
1492,6232.740302254746
1493,6250.967534823504
1494,6268.082972629997
1495,6283.078639445252
1496,6291.978677071753
1497,6255.670352153498
1498,6259.37956761025
1499,6260.862234379746
1500,6274.129214028998
1501,6276.404439884498
1502,6278.092865152251
1503,6282.002459403498
1504,6284.342887730002
1505,6288.100309912251
1506,6292.399121566249
1507,6335.985562330745
1508,6372.571449874746
1509,6376.941770727506
1510,6372.6673308172485
1511,6335.806526124749
1512,6327.958559439
1513,6313.177464054259
1514,6398.525181547502
1515,6411.19446536125
1516,6423.042592726495
1517,6448.568752303751
1518,6494.360136326502
1519,6584.844121221496
1520,6664.442542123252
1521,6734.137902422256
1522,6782.071429746749
1523,6812.41278483675
1524,6803.243031854751
1525,6786.145914680752
1526,6739.00703883525
1527,6706.372266997
1528,6674.49822529675
1529,6625.121737392001
1530,6571.025711814499
1531,6565.696151289004
1532,6578.234733092254
1533,6560.9364287934995
1534,6553.788320053497
1535,6502.680822516751
1536,6487.992415299748
1537,6492.207797249249
1538,6497.188221909994
1539,6502.652939393247
1540,6509.961193388
1541,6532.690064640498
1542,6574.419603482994
1543,6659.206977916495
1544,6746.9796738835
1545,6788.764516304994
1546,6836.9400501979935
1547,6864.696165641248
1548,6854.675209423753
1549,6850.6534742839995
1550,6796.912424084251
1551,6765.6367194455015
1552,6740.512810593006
1553,6692.225114518006
1554,6653.482357707253
1555,6661.847727304494
1556,6677.910276269498
1557,6664.981977871745
1558,6654.833641231004
1559,6607.674371251256
1560,6592.361805128757
1561,6594.535662496753
1562,6601.424941214503
1563,6611.950027971001
1564,6623.021881919247
1565,6651.231736693246
1566,6705.796187892752
1567,6789.721155368745
1568,6855.152869456254
1569,6902.734547915248
1570,6944.5294647305
1571,6966.9388561695
1572,6950.234542245748
1573,6940.253840659254
1574,6895.766728339501
1575,6862.74591541125
1576,6834.4334683927555
1577,6788.390860757749
1578,6750.673306234007
1579,6757.896319004505
1580,6776.256401620497
1581,6765.545530741246
1582,6759.994958676004
1583,6713.527707641252
1584,6696.249636549753
1585,6701.915569608751
1586,6710.3298749535
1587,6724.919113173751
1588,6734.772499824502
1589,6762.9327844545
1590,6814.9716735485
1591,6899.426644843503
1592,6974.942592156248
1593,7007.253274401247
1594,7037.759526990248
1595,7060.142650648998
1596,7045.197392165996
1597,7035.259964834004
1598,6981.850913138247
1599,6950.234742279499
1600,6917.506312707502
1601,6872.418842046244
1602,6832.781250128496
1603,6847.326501271756
1604,6872.221973208501
1605,6864.884574903502
1606,6862.639776710249
1607,6815.847271169501
1608,6795.231881659255
1609,6800.876312477249
1610,6808.716468757751
1611,6820.030811942498
1612,6830.797746253
1613,6862.221318645249
1614,6923.783179269
1615,6998.533538336006
1616,7071.664316415254
1617,7109.274301529499
1618,7131.263599597754
1619,7149.183979273001
1620,7137.354586533
1621,7130.866688936746
1622,7077.771664510995
1623,7049.933055298501
1624,7023.6723550355
1625,6964.030147372003
1626,6922.191551433
1627,6925.604738315746
1628,6940.162353658752
1629,6931.463830208504
1630,6928.0389487882485
1631,6888.552641974004
1632,6876.17713258525
1633,6895.524020575002
1634,6834.5751377659935
1635,6825.720117435502
1636,6830.007162978503
1637,6843.80793544925
1638,6855.762295946005
1639,6884.4879964982465
1640,6895.632411299754
1641,6876.553389088248
1642,6862.591173433497
1643,6872.193404720255
1644,6886.386194106247
1645,6892.34317231375
1646,6886.032153089748
1647,6883.850034167746
1648,6876.804003845755
1649,6884.4912099215
1650,6885.692046943002
1651,6920.441518256002
1652,6988.888888045999
1653,6998.911441932744
1654,6990.231043274503
1655,6945.420764153496
1656,6932.064792696749
1657,6909.400243798998
1658,6893.058807376752
1659,6896.2740970952555
1660,6910.711536428001
1661,6924.506584382755
1662,6943.4452938832455
1663,7019.248824889498
1664,6948.189365399744
1665,6937.188647924997
1666,6935.5274787209955
1667,6941.489732768502
1668,6941.7593683190025
1669,6938.132521545746
1670,6939.008128872002
1671,6941.569985834999
1672,6945.217568547004
1673,6946.479701549997
1674,6942.960549977495
1675,6978.617324056495
1676,7047.1522169717455
1677,7048.197116492501
1678,7020.338092576995
1679,7005.152063335245
1680,6995.056538143749
1681,6996.999052426495
1682,7083.205666793998
1683,7091.403802355251
1684,7118.214268006755
1685,7166.38854981125
1686,7260.619211529247
1687,7386.223385345498
1688,7387.555781899753
1689,7415.2796683269935
1690,7438.576467779505
1691,7425.525508264244
1692,7413.249106483746
1693,7357.321846998995
1694,7324.949811671502
1695,7299.97747825725
1696,7244.390822909248
1697,7208.301619285247
1698,7179.974899809249
1699,7172.004144534748
1700,7222.95318484
1701,7215.280832875001
1702,7177.711818128749
1703,7161.193731615251
1704,7166.416508693996
1705,7175.746476493753
1706,7182.731728238253
1707,7190.879328365499
1708,7217.9179310995
1709,7270.4929047362575
1710,7366.3433288392525
1711,7509.020584407751
1712,7503.361672726253
1713,7518.035734778494
1714,7535.609290301747
1715,7521.877005303249
1716,7516.004213436003
1717,7467.904868862503
1718,7436.353743827003
1719,7408.740124158004
1720,7365.193818548753
1721,7318.389286532001
1722,7281.619633048503
1723,7270.885845676004
1724,7324.733423463498
1725,7314.883918494003
1726,7271.522541032002
1727,7256.872553171747
1728,7263.102284536252
1729,7268.540467822502
1730,7279.411924984253
1731,7289.659469039254
1732,7318.509268012999
1733,7366.166411981251
1734,7463.2658727535
1735,7607.020020658505
1736,7602.961512715003
1737,7619.687923708499
1738,7637.726621125501
1739,7615.5253885024995
1740,7606.1325076745015
1741,7555.493831598749
1742,7519.305053475751
1743,7489.990499012498
1744,7440.2101002304935
1745,7396.374490361001
1746,7362.4244153012505
1747,7349.816253945997
1748,7402.6220096749985
1749,7397.512097529
1750,7371.394100428752
1751,7354.890106668004
1752,7358.444015034994
1753,7363.918092074502
1754,7376.820337033746
1755,7385.1364696414985
1756,7408.510671078505
1757,7458.936304616498
1758,7554.528031339003
1759,7690.717153177249
1760,7689.057689043491
1761,7702.016040204002
1762,7717.3735158345
1763,7703.149716770497
1764,7694.725250873253
1765,7648.388645224005
1766,7623.803561610752
1767,7636.606170983503
1768,7590.730968734749
1769,7542.623594990499
1770,7502.656115108751
1771,7482.96417217475
1772,7521.960658128002
1773,7487.113616053499
1774,7453.441907357003
1775,7439.468050102504
1776,7444.033713799253
1777,7447.702302466994
1778,7453.783339907494
1779,7464.161492290003
1780,7486.3783157789985
1781,7531.565735581256
1782,7620.600861107246
1783,7763.565834185248
1784,7779.71396464775
1785,7831.198000790005
1786,7850.271636430744
1787,7847.058529149755
1788,7834.730919824003
1789,7783.075473797759
1790,7755.452551943004
1791,7727.814572276746
1792,7671.096200984749
1793,7628.1055519605015
1794,7589.848067955252
1795,7561.000343846745
1796,7600.510596331747
1797,7590.7347041870025
1798,7550.912497854249
1799,7534.672066845251
1800,7538.153833988253
1801,7548.389778322247
1802,7481.730189248246
1803,7489.81703868175
1804,7498.959490875251
1805,7507.989699463748
1806,7545.845322289501
1807,7609.264380400499
1808,7540.295489937003
1809,7530.819013011252
1810,7542.3316210124985
1811,7556.671508823253
1812,7558.6679796005
1813,7559.09511070125
1814,7567.044873599501
1815,7573.398242078996
1816,7578.137409613749
1817,7573.573144111253
1818,7558.0522747127525
1819,7586.65348320675
1820,7654.85435655525
1821,7643.017682647506
1822,7605.718068435498
1823,7592.252698179003
1824,7582.081769818003
1825,7574.990499514756
1826,7557.319890930503
1827,7562.721289873251
1828,7571.502072424252
1829,7585.288563330252
1830,7609.475187956498
1831,7678.996962046997
1832,7598.424363882503
1833,7606.064598874499
1834,7601.016016067744
1835,7604.086321905003
1836,7609.944261259005
1837,7613.722554721749
1838,7644.351828800997
1839,7666.117627689002
1840,7673.954625651003
1841,7673.072026754501
1842,7672.403325629497
1843,7646.919066932251
1844,7706.763687671997
1845,7691.603364596754
1846,7668.746555953004
1847,7658.506842116749
1848,7649.2097761862515
1849,7649.1098535005
1850,7734.112845251999
1851,7744.513965899254
1852,7763.012684978248
1853,7804.61807715825
1854,7903.96269170325
1855,8028.006559050753
1856,8021.488032011503
1857,8072.492530578998
1858,8101.639188343495
1859,8092.6679697262525
1860,8099.629247759498
1861,8074.264588140503
1862,8044.404068467251
1863,8017.330243472251
1864,7957.302794044002
1865,7911.550604755749
1866,7840.85176883225
1867,7815.672810919245
1868,7886.68159170375
1869,7879.869337298994
1870,7839.567433747756
1871,7826.179818245753
1872,7830.447179754251
1873,7834.928201104502
1874,7841.985700174748
1875,7850.756144687756
1876,7871.733083437756
1877,7916.329849074496
1878,8010.011797256753
1879,8141.640879066501
1880,8163.0223027207485
1881,8218.219399194752
1882,8243.805076730994
1883,8234.518294064505
1884,8212.625082506747
1885,8161.367899899248
1886,8144.285113799504
1887,8105.163737463749
1888,8032.6217127942455
1889,7992.461622755748
1890,7956.7307869592505
1891,7922.610854669247
1892,7988.4497498162555
1893,7983.901655628248
1894,7941.308951625498
1895,7924.8233172477485
1896,7928.112558502747
1897,7938.4693297452495
1898,7947.42214801075
1899,7958.7213864925
1900,7990.7145495675
1901,8042.6582016057555
1902,8136.261558821997
1903,8268.045625579749
1904,8254.762669705
1905,8289.7195640575
1906,8305.582031716
1907,8288.551046938002
1908,8278.898295544253
1909,8227.221075326752
1910,8191.232727759251
1911,8162.308243986251
1912,8110.139871562998
1913,8071.620784434505
1914,8038.858188125493
1915,8020.516716571254
1916,8091.210700055498
1917,8085.673176915249
1918,8053.228107291502
1919,8037.324897196749
1920,8042.593205527001
1921,8047.170226282751
1922,8052.02114616725
1923,8060.545353158495
1924,8084.964206281254
1925,8142.931412967
1926,8240.31834923125
1927,8373.10639971075
1928,8357.956407870748
1929,8375.847733390248
1930,8388.338118405247
1931,8373.999209519498
1932,8367.842917249001
1933,8317.782962201503
1934,8311.620139698249
1935,8303.54818544475
1936,8250.008031179
1937,8202.382960207246
1938,8161.715353642505
1939,8133.552199594249
1940,8201.489350636255
1941,8158.901293732754
1942,8131.444812857495
1943,8115.200337261253
1944,8120.678003902257
1945,8125.038847609999
1946,8133.130407272499
1947,8143.786188174504
1948,8168.061982445002
1949,8219.666986679249
1950,8317.008716830747
1951,8450.69770160775
1952,8468.079401107752
1953,8499.868851738258
1954,8523.180100986494
1955,8509.891453101996
1956,8505.168278507246
1957,8458.636466512748
1958,8427.517990939505
1959,8397.886207654248
1960,8340.510388935
1961,8292.511328537252
1962,8220.370124542249
1963,8196.834469688498
1964,8267.059938865501
1965,8262.6372655735
1966,8224.51665832125
1967,8209.36660784325
1968,8214.40952997625
1969,8225.855228048998
1970,8156.589523027503
1971,8164.101263795744
1972,8175.4504867555015
1973,8184.9190843257475
1974,8222.425968250496
1975,8265.925107835752
1976,8214.414892722503
1977,8209.003744029245
1978,8216.029746479251
1979,8227.022285731
1980,8238.485809758251
1981,8244.121643555
1982,8244.603847730503
1983,8244.661606948746
1984,8247.1571565815
1985,8247.5388892415
1986,8239.488508797751
1987,8257.940454589745
1988,8344.658891697749
1989,8338.19392448275
1990,8294.918861934751
1991,8287.716998669499
1992,8286.285356699751
1993,8268.660404677752
1994,8259.499984655997
1995,8262.861716645499
1996,8280.0433900745
1997,8290.471640879003
1998,8304.487370074754
1999,8355.553518154247
2000,8289.462452430747
2001,8295.490594656754
2002,8295.086838133248
2003,8298.8310374125
2004,8296.096295482497
2005,8291.15944038275
2006,8291.118280121247
2007,8293.344709169749
2008,8296.048292562757
2009,8296.550155334247
2010,8287.299920004005
2011,8307.499271267503
2012,8396.283371180249
2013,8391.554174649998
2014,8356.314269806502
2015,8346.754538790005
2016,8339.44473710375
2017,8343.977309854748
2018,8431.94562807075
2019,8440.636422126996
2020,8463.350835067004
2021,8512.924315430992
2022,8599.440240514
2023,8716.469399413747
2024,8743.763400942498
2025,8798.609012777999
2026,8816.86473489774
2027,8801.577085088258
2028,8789.344234158754
2029,8738.545085826498
2030,8709.354870902
2031,8676.92244148
2032,8626.179076109993
2033,8576.741677126749
2034,8521.098675279503
2035,8498.051748877251
2036,8566.56469933674
2037,8552.366877592503
2038,8513.331228374753
2039,8500.333138850005
2040,8502.076013582253
2041,8504.449593326253
2042,8511.571695019264
2043,8518.86723486924
2044,8540.389703711498
2045,8586.136272839003
2046,8675.835018455253
2047,8790.873552306495
2048,8829.076414157016
2049,8875.79620965574
2050,8903.669263246009
2051,8891.458584631266
2052,8882.37259683049
2053,8831.600811718752
2054,8799.965558954998
2055,8770.972140344506
2056,8719.094342135495
2057,8674.998726445749
2058,8603.279689017756
2059,8579.532018236752
2060,8651.5703109775
2061,8643.278589333238
2062,8609.380669358241
2063,8596.207453238498
2064,8600.20841863824
2065,8603.374167644759
2066,8610.211175680493
2067,8616.976004884988
2068,8639.159846063993
2069,8684.2081481585
2070,8774.019253729251
2071,8875.946761240008
2072,8930.261623343495
2073,8970.927682699004
2074,8992.543260420754
2075,8987.118327826007
2076,8989.815700484756
2077,8955.92176648101
2078,8941.279779355
2079,8946.027226711754
2080,8892.731439153504
2081,8839.832800379247
2082,8789.349072241
2083,8720.777876560001
2084,8768.768467408741
2085,8733.680655001992
2086,8697.901912899742
2087,8682.002568017988
2088,8683.949522567997
2089,8688.577902569505
2090,8692.163876862995
2091,8699.91001322649
2092,8720.312323408003
2093,8760.251493470754
2094,8858.635665601008
2095,8963.275959662004
2096,9004.43286330751
2097,9056.670360535503
2098,9092.9291074135
2099,9101.731512551753
2100,9113.71661301399
2101,9071.088149782749
2102,9043.940911673013
2103,9017.450378759495
2104,8958.003150543738
2105,8901.55516902476
2106,8853.472018561006
2107,8804.492961661495
2108,8862.881529682247
2109,8824.084946446006
2110,8793.533708793491
2111,8781.927036557745
2112,8781.446396148507
2113,8788.643465307743
2114,8792.403652564246
2115,8800.521451976754
2116,8820.788377647748
2117,8860.374708230502
2118,8959.071919238002
2119,9064.879652568754
2120,9108.936743026998
2121,9163.151284917256
2122,9195.392373173505
2123,9199.261769124254
2124,9199.7278734555
2125,9153.315068453498
2126,9124.51271792949
2127,9094.771228443758
2128,9032.310744887258
2129,8982.092962623237
2130,8901.411346650739
2131,8857.664086155004
2132,8913.3371093125
2133,8924.250119082508
2134,8892.860623840745
2135,8877.470891740242
2136,8882.1106429215
2137,8894.4454687145
2138,8823.37166672301
2139,8827.729206521002
2140,8838.33845276775
2141,8847.1278155825
2142,8883.49198811551
2143,8917.408096333484
2144,8878.2566950405
2145,8871.022875655
2146,8882.161274272
2147,8896.246583577244
2148,8909.046503907748
2149,8917.770435142744
2150,8921.229424599755
2151,8922.116162213259
2152,8926.05934184425
2153,8929.897673993
2154,8916.374766972996
2155,8921.308268673256
2156,8995.086110893504
2157,8997.939356251005
2158,8952.275149465238
2159,8941.380684135
2160,8935.871519724999
2161,8922.475057687996
2162,8912.628713081493
2163,8919.107501032246
2164,8931.026086426
2165,8943.460718232245
2166,8962.691161734247
2167,9007.743511560511
2168,8947.408666328747
2169,8952.946959328743
2170,8962.261602811248
2171,8967.472540162487
2172,8973.028596139011
2173,8976.144008280247
2174,8982.091121978507
2175,8988.922087745006
2176,8992.915085709508
2177,8994.345138120245
2178,8978.454805052494
2179,8976.227132220245
2180,9044.966611789998
2181,9055.909308801503
2182,9016.329005801004
2183,9007.523296860994
2184,8998.552371823995
2185,8998.773441832493
2186,9084.140492273998
2187,9093.819701509738
2188,9116.812888449747
2189,9154.604011741001
2190,9253.681107874745
2191,9344.866454757743
2192,9380.600902271253
2193,9456.587730521504
2194,9496.371445336003
2195,9496.96878260775
2196,9496.472807231003
2197,9456.445056493507
2198,9411.262348280992
2199,9381.797087524761
2200,9324.663352561247
2201,9277.170679133242
2202,9236.301073759
2203,9179.11464153001
2204,9222.50632419376
2205,9223.488394992259
2206,9180.505454582755
2207,9164.611107896495
2208,9166.163522398494
2209,9170.19331270674
2210,9176.012688291008
2211,9185.75556025349
2212,9204.701483904746
2213,9250.559835228762
2214,9344.98581031775
2215,9432.003864473243
2216,9463.566687191753
2217,9514.385147002753
2218,9556.491133228012
2219,9567.289458930258
2220,9577.604490626742
2221,9546.421772347754
2222,9525.325494196499
2223,9496.322060289496
2224,9435.058066839752
2225,9392.141044643999
2226,9347.676677565252
2227,9293.54671760275
2228,9332.668568705249
2229,9332.335729743254
2230,9281.890698793237
2231,9265.007263381996
2232,9266.97419337675
2233,9276.380705132755
2234,9284.7713368835
2235,9289.563476546753
2236,9311.180225782506
2237,9351.975998884249
2238,9446.378501081497
2239,9532.963637130504
2240,9563.550571091995
2241,9629.837084475254
2242,9666.280641478004
2243,9660.323640637758
2244,9649.559508682483
2245,9598.07495504725
2246,9565.514571893498
2247,9533.816476805003
2248,9480.595922860743
2249,9434.828205677513
2250,9395.411592066499
2251,9353.3276939455
2252,9406.963743364991
2253,9418.340292968758
2254,9377.92694194475
2255,9363.398593147736
2256,9368.651540033256
2257,9370.295692955502
2258,9377.237753360001
2259,9387.901215526255
2260,9411.773197943006
2261,9461.601395999005
2262,9561.211321955741
2263,9651.835766104992
2264,9668.050451752746
2265,9704.712180349243
2266,9728.59934251424
2267,9720.53999983851
2268,9718.906792812491
2269,9670.386428364007
2270,9637.780820933009
2271,9615.24115108475
2272,9565.584221591764
2273,9518.497580958745
2274,9478.625596649252
2275,9439.91335897125
2276,9494.782126663491
2277,9503.076230021501
2278,9469.118100179736
2279,9453.683423849745
2280,9458.748419142496
2281,9462.013139275748
2282,9468.866098067492
2283,9475.205221278236
2284,9497.833865523737
2285,9542.62627450151
2286,9639.743928577505
2287,9723.572641142247
2288,9754.400934556514
2289,9802.83110513326
2290,9831.49151335201
2291,9828.814557023497
2292,9825.350637852001
2293,9777.796253343238
2294,9752.235034566502
2295,9729.396346172009
2296,9674.771076592251
2297,9638.779307387502
2298,9599.111124527746
2299,9552.774038865244
2300,9603.688986908
2301,9611.501106547492
2302,9566.133667621998
2303,9555.680297394247
2304,9557.003074894741
2305,9571.503571038244
2306,9506.43840752025
2307,9511.283586870748
2308,9521.722603929004
2309,9531.16342617425
2310,9570.021029387748
2311,9594.712661551246
2312,9563.36077040875
2313,9553.141902471494
2314,9558.838780390246
2315,9575.844886727738
2316,9589.639928282499
2317,9593.173514409495
2318,9588.849490570747
2319,9580.630426000002
2320,9582.4011944465
2321,9583.126751233985
2322,9568.181730976237
2323,9584.374494257487
2324,9665.266227871005
2325,9672.439211078008
2326,9630.797116278998
2327,9619.932507878246
2328,9613.466354022006
2329,9600.186662578995
2330,9591.077056340502
2331,9597.526221897246
2332,9613.94941698925
2333,9625.07480062325
2334,9642.174917906998
2335,9662.994603323496
2336,9631.854397563002
2337,9636.075235258757
2338,9625.253896698003
2339,9627.81237175951
2340,9625.737343007504
2341,9627.555339749497
2342,9629.749213392255
2343,9633.100979651248
2344,9636.602881680743
2345,9637.242675677498
2346,9630.54827128425
2347,9642.409973227248
2348,9716.384916380739
2349,9729.452196194745
2350,9696.012312404742
2351,9683.957608809515
2352,9677.616935631497
2353,9679.492280043001
2354,9766.699463551997
2355,9775.500989266997
2356,9801.620828478997
2357,9843.329797964754
2358,9933.265579198009
2359,10017.526174014498
2360,10057.152945950756
2361,10095.515841098264
2362,10118.70757832275
2363,10103.536604667499
2364,10094.482838132486
2365,10042.426621478258
2366,10010.47118164675
2367,9982.81993321851
2368,9934.564247652748
2369,9896.473859685762
2370,9866.851546541495
2371,9831.477764532494
2372,9894.297068483507
2373,9898.562019808247
2374,9860.115716557004
2375,9845.199002792247
2376,9847.48454430625
2377,9851.54693241825
2378,9861.54084190526
2379,9867.99965318001
2380,9890.091263805984
2381,9936.959276278507
2382,10028.159778843998
2383,10089.44959951625
2384,10142.766834002487
2385,10177.110678551762
2386,10205.799126602751
2387,10200.167709589
2388,10199.853800544006
2389,10158.16928127125
2390,10130.601390054748
2391,10105.749205839003
2392,10051.391565498758
2393,10009.329502675997
2394,9972.346164079745
2395,9929.967781060759
2396,9978.6171685485
2397,9987.426435777006
2398,9949.083331901242
2399,9933.162618712995
2400,9936.086015413757
2401,9941.94400795375
2402,9945.251693445258
2403,9952.742214462492
2404,9975.14357687651
2405,10015.759375059264
2406,10112.934235175002
2407,10166.458869440505
2408,10218.210719916255
2409,10266.767604588005
2410,10299.202638465258
2411,10302.740806876242
2412,10369.041111504239
2413,10368.350710386996
2414,10361.560217119497
2415,10345.934858088505
2416,10275.369960301008
2417,10206.230495942738
2418,10152.438379742754
2419,10091.24911291625
2420,10108.674649316008
2421,10064.584498876507
2422,10045.954852745004
2423,10027.143395861005
2424,10029.094628885998
2425,10032.9861651095
2426,10038.026752048008
2427,10047.948216485001
2428,10068.090097662496
2429,10112.212328932761
2430,10208.534169840499
2431,10274.635683847499
2432,10347.25321872425
2433,10404.734015278736
2434,10441.08239424376
2435,10439.499501387752
2436,10465.859409931005
2437,10467.741049130504
2438,10452.259348036247
2439,10425.500409351504
2440,10359.944835934997
2441,10302.069486633754
2442,10249.067014426
2443,10164.569533484504
2444,10166.061404562495
2445,10165.063169845997
2446,10137.988096924004
2447,10121.1735426655
2448,10122.880703069242
2449,10127.613324037253
2450,10134.344963662257
2451,10142.434208954752
2452,10164.603092277755
2453,10202.405235695753
2454,10297.755426682994
2455,10376.12346204125
2456,10448.03599312199
2457,10504.185163965753
2458,10545.374004053998
2459,10554.525369878256
2460,10561.775481174489
2461,10521.833756042011
2462,10495.278991160247
2463,10462.857036218762
2464,10406.640879531993
2465,10360.869543222005
2466,10305.019250338757
2467,10246.847991487752
2468,10268.972185002489
2469,10286.01602602475
2470,10239.473763055485
2471,10222.198491860987
2472,10224.379397984754
2473,10235.665013081005
2474,10170.402096151245
2475,10177.171952804261
2476,10184.972903996993
2477,10192.769021418997
2478,10236.460191449987
2479,10234.410095621242
2480,10231.403496220999
2481,10218.757408854997
2482,10235.273005813
2483,10263.058365420493
2484,10286.384949754745
2485,10303.159278038489
2486,10313.633288393488
2487,10317.994942869502
2488,10328.689998049258
2489,10322.637794540247
2490,10301.668323635497
2491,10297.676255136243
2492,10349.884199801247
2493,10358.835859264746
2494,10301.850970331994
2495,10290.37660477375
2496,10284.476218190495
2497,10273.881991762752
2498,10257.15362131225
2499,10262.351208598502
2500,10272.290698189001
2501,10282.787845950494
2502,10297.13065717875
2503,10296.974621018253
2504,10283.112309343012
2505,10294.163902378508
2506,10300.587351566746
2507,10311.156390953258
2508,10317.935058042507
2509,10321.4340266585
2510,10326.477865502504
2511,10329.142814000246
2512,10332.965446361988
2513,10330.23542691849
2514,10324.0915905745
2515,10325.468500269242
2516,10384.345762696244
2517,10411.519261533238
2518,10374.471675664749
2519,10363.505375133243
2520,10361.140604997496
2521,10363.846707792263
2522,10453.183047087257
2523,10465.311476865998
2524,10486.598792617251
2525,10536.143289489244
2526,10628.88370151574
2527,10687.749182022244
2528,10734.463431776001
2529,10775.050352014507
2530,10797.622458826005
2531,10782.548381668506
2532,10777.028295815506
2533,10730.943188206755
2534,10696.739109448501
2535,10667.818106649751
2536,10616.532991564261
2537,10581.297611836004
2538,10550.062291177996
2539,10520.398789049765
2540,10562.620945859753
2541,10586.610668339263
2542,10542.362386193749
2543,10526.393849881504
2544,10529.98929544
2545,10537.305262455002
2546,10545.673445523
2547,10555.590844470997
2548,10582.092113885234
2549,10627.248959836754
2550,10716.367955986261
2551,10785.318440749483
2552,10823.799323471252
2553,10857.235341198253
2554,10880.317516483496
2555,10874.730835130993
2556,10869.025765513992
2557,10828.413791442497
2558,10805.527930192256
2559,10781.914320811988
2560,10728.275861859009
2561,10687.088983438998
2562,10647.760093803254
2563,10603.072610224755
2564,10636.522768794259
2565,10656.976031151506
2566,10620.043150525493
2567,10605.699280964742
2568,10606.86272321625
2569,10611.161983191241
2570,10618.714169511488
2571,10624.958985087762
2572,10644.258002201
2573,10687.63070750525
2574,10786.243117302001
2575,10841.266120545999
2576,10897.006935094247
2577,10957.38644762825
2578,11007.650659335497
2579,11015.232429411497
2580,11017.239846990002
2581,10983.542157757998
2582,10966.342352417492
2583,10942.502625491003
2584,10887.999021747499
2585,10848.71738118076
2586,10803.116369573489
2587,10734.4761324075
2588,10759.820548012005
2589,10775.272351724996
2590,10723.68391168225
2591,10707.704811607253
2592,10704.443266660248
2593,10706.6058867065
2594,10711.66429321801
2595,10722.746416430251
2596,10745.124845322001
2597,10784.749242649992
2598,10877.924543053494
2599,10938.658144249002
2600,10998.206681581009
2601,11050.711137489738
2602,11084.336203667988
2603,11079.239059950502
2604,11085.188252560005
2605,11041.937793638506
2606,11014.940422052745
2607,10987.501955035505
2608,10954.071729050493
2609,10921.691669388245
2610,10876.384224256755
2611,10821.403328408504
2612,10852.454542884238
2613,10873.745831104497
2614,10812.41408428123
2615,10796.389910143995
2616,10799.82140851624
2617,10807.029956150502
2618,10811.689516818506
2619,10821.1218476395
2620,10848.452034897005
2621,10892.703630191243
2622,10977.763024132495
2623,11033.536193464002
2624,11127.164222759757
2625,11166.297780484498
2626,11200.18595512701
2627,11206.554029924002
2628,11225.312131769
2629,11218.497154338747
2630,11202.3475268245
2631,11191.283997346998
2632,11143.92408243025
2633,11081.298291299512
2634,11016.676357135257
2635,10940.65253460825
2636,10948.93282021
2637,10964.704150515745
2638,10907.350149926497
2639,10892.266406839502
2640,10894.821459093246
2641,10910.105910914259
2642,10842.026818361255
2643,10843.5212673985
2644,10853.186620676002
2645,10862.677086454762
2646,10888.39324522425
2647,10869.052363856
2648,10886.10007549574
2649,10881.739841221248
2650,10893.683755776254
2651,10898.879073817747
2652,10924.497273377494
2653,10945.198762795502
2654,10949.297104302505
2655,10954.044781968
2656,10964.148501475735
2657,10983.744409365738
2658,10990.099176896998
2659,10980.459174578755
2660,11011.817765929743
2661,10989.537435060989
2662,10962.903125609746
2663,10951.649534536758
2664,10942.187801160002
2665,10929.452378974236
2666,10915.126904971747
2667,10920.955793023999
2668,10932.429041006248
2669,10940.941284876753
2670,10952.408806795002
2671,10940.94607155625
2672,10943.854049898251
2673,10950.358975422
2674,10954.578781704262
2675,10993.006584699751
2676,11003.285987075491
2677,11013.310253509744
2678,11031.332265656994
2679,11067.352199960253
2680,11083.658488693503
2681,11079.50464244349
2682,11063.728660482006
2683,11045.233498751242
2684,11093.890522076244
2685,11049.106204446241
2686,11032.90613720299
2687,11019.721750558248
2688,11011.035849608259
2689,11012.090013207993
2690,11096.444136824739
2691,11103.467738229485
2692,11123.466994246006
2693,11165.191371596497
2694,11254.977443944745
2695,11299.9255978345
2696,11405.72311900325
2697,11452.17337865226
2698,11509.70744361875
2699,11545.868486517758
2700,11579.472127347248
2701,11562.094803580994
2702,11545.751841076508
2703,11536.83777114725
2704,11473.469543309255
2705,11398.725229459256
2706,11343.467928253993
2707,11277.56664772075
2708,11301.471028634005
2709,11285.502612746503
2710,11196.556700177995
2711,11181.146726600999
2712,11182.305668032002
2713,11186.006188801504
2714,11191.636590244249
2715,11199.941542837503
2716,11219.816293353997
2717,11258.013776768761
2718,11347.75339143849
2719,11402.086980447253
2720,11492.087301530752
2721,11566.364448195753
2722,11658.1204556275
2723,11699.979910776747
2724,11747.491481981257
2725,11763.229606316248
2726,11771.141063617
2727,11763.874374064746
2728,11709.788503474754
2729,11623.148486761258
2730,11504.949926847743
2731,11402.070568521007
2732,11424.136814000502
2733,11425.74135911399
2734,11344.972910772243
2735,11327.352818898751
2736,11324.293675420002
2737,11297.908419454743
2738,11285.343737142013
2739,11292.91204639451
2740,11312.747361183496
2741,11352.355351270498
2742,11441.96371685425
2743,11507.824666690001
2744,11584.515588420241
2745,11653.592512273
2746,11703.981324781995
2747,11721.797863466008
2748,11761.81877595249
2749,11737.099075816246
2750,11727.331536846754
2751,11716.00043679375
2752,11665.31241170025
2753,11605.952130275251
2754,11544.806102331759
2755,11473.491377362001
2756,11479.17447505675
2757,11463.617782399753
2758,11385.088338752235
2759,11369.870826002494
2760,11371.323778327489
2761,11375.830746602001
2762,11380.06817274176
2763,11387.594540678996
2764,11410.722862146504
2765,11449.331554206005
2766,11533.659980237751
2767,11599.130154579494
2768,11682.005303580992
2769,11732.05233295975
2770,11781.51833131675
2771,11827.147668082245
2772,11858.045553360009
2773,11849.2160982465
2774,11843.50092521626
2775,11831.703736621259
2776,11789.263168053749
2777,11722.105385482004
2778,11656.955310643501
2779,11593.359172843999
2780,11606.088485815495
2781,11609.000602054248
2782,11531.374045978002
2783,11526.116372323248
2784,11506.974937918494
2785,11474.89851272574
2786,11478.274580944995
2787,11486.187397758495
2788,11506.843938623508
2789,11548.986834300007
2790,11636.062687476759
2791,11701.739631766506
2792,11779.109380370508
2793,11838.886978435008
2794,11878.746516622507
2795,11892.213742807005
2796,11929.951605939501
2797,11911.660080041738
2798,11894.663179961735
2799,11871.371690871496
2800,11793.377336811493
2801,11718.662669468502
2802,11650.880171253748
2803,11555.684855073994
2804,11577.411840169998
2805,11609.102262943756
2806,11576.838120459754
2807,11561.835213365248
2808,11563.621547927747
2809,11573.878824941003
2810,11505.117650660264
2811,11510.484622423264
2812,11522.671785651748
2813,11531.174705305746
2814,11557.488545510252
2815,11539.530687765498
2816,11560.068913647496
2817,11556.595635881245
2818,11564.038591347999
2819,11582.437957718756
2820,11598.38373243575
2821,11609.839583388246
2822,11613.755403716743
2823,11636.251946629756
2824,11658.09244723649
2825,11669.91020501924
2826,11679.04530450375
2827,11658.647457917506
2828,11674.588711292989
2829,11686.858192571995
2830,11638.826803460757
2831,11622.709954898995
2832,11611.665252878507
2833,11600.922022073244
2834,11585.549270642248
2835,11590.953086589501
2836,11601.047758805995
2837,11612.236784837249
2838,11608.734909811
2839,11617.86730410424
2840,11615.359853527498
2841,11620.3264618595
2842,11622.402871407254
2843,11625.790519620748
2844,11637.48320905149
2845,11678.069710640995
2846,11726.382846921244
2847,11752.200941499503
2848,11773.231270006003
2849,11780.79597799249
2850,11772.375445607247
2851,11756.717261101252
2852,11785.950355340754
2853,11800.789370723236
2854,11745.410271602506
2855,11715.065317439256
2856,11683.595896866498
2857,11682.670474294244
2858,11764.66505372475
2859,11773.22143519975
2860,11795.036098060255
2861,11837.655881899496
2862,11909.4091034405
2863,11974.249546620742
2864,12064.45816490274
2865,12167.504625775002
2866,12246.29984178575
2867,12319.679634054506
2868,12384.545771637497
2869,12410.303599453
2870,12435.952258067247
2871,12432.838389080753
2872,12372.18739767199
2873,12308.659422975003
2874,12236.747572918755
2875,12152.96357871
2876,12114.492868183246
2877,12097.310416488248
2878,11999.0679973645
2879,11972.126129035247
2880,11964.659544178992
2881,11961.123435904992
2882,11958.310862613493
2883,11957.393291577739
2884,11970.115406030995
2885,12002.195333079506
2886,12067.726402165741
2887,12161.148738966755
2888,12274.234726671495
2889,12376.058160791514
2890,12509.882743331003
2891,12604.9384604315
2892,12626.543646620239
2893,12561.744869033499
2894,12491.092171742246
2895,12500.1316726015
2896,12461.119436979987
2897,12391.735508437245
2898,12322.739752354746
2899,12255.327472433259
2900,12243.02095212299
2901,12226.583189352252
2902,12121.482304910991
2903,12097.383430692751
2904,12105.775459319508
2905,12113.714500769991
2906,12113.089751226498
2907,12110.41890147199
2908,12123.172373099504
2909,12163.626443942496
2910,12232.454144235753
2911,12323.644389879502
2912,12451.410551388
2913,12581.504347376762
2914,12690.567824315498
2915,12794.338927676243
2916,12846.883187871492
2917,12823.990740073246
2918,12790.782693343499
2919,12752.933266729759
2920,12628.637650535758
2921,12501.277730193746
2922,12395.627253448243
2923,12304.964975327497
2924,12282.39319317525
2925,12275.985097717497
2926,12192.539652171747
2927,12163.60483225951
2928,12155.92172960224
2929,12160.447314791752
2930,12163.16846765451
2931,12164.801989292742
2932,12191.411919902002
2933,12230.400055211516
2934,12291.019592874996
2935,12384.610043805005
2936,12485.859924058246
2937,12555.748151906751
2938,12604.754895489265
2939,12633.465708205247
2940,12685.981094264253
2941,12669.937281096752
2942,12650.088410957258
2943,12639.589234825507
2944,12571.435481850747
2945,12483.033724170007
2946,12413.861295086497
2947,12335.732645305488
2948,12325.0817652645
2949,12299.263010164255
2950,12252.16294042275
2951,12226.30090035275
2952,12216.263661435241
2953,12248.259496181508
2954,12287.739247057998
2955,12319.80446230025
2956,12295.8710751405
2957,12282.051456356
2958,12322.471358047742
2959,12403.765406445244
2960,12494.534021827494
2961,12585.589501858012
2962,12657.492263832764
2963,12712.980561695264
2964,12789.755597469752
2965,12796.564050905507
2966,12803.307374357493
2967,12817.474662243503
2968,12757.63428807926
2969,12683.537682657749
2970,12594.187655148755
2971,12484.536877414757
2972,12455.363703074998
2973,12428.613891152754
2974,12340.47721864625
2975,12310.008407456246
2976,12295.393687680757
2977,12291.634129926506
2978,12211.451845344507
2979,12195.603499616005
2980,12183.897135932752
2981,12192.266635354497
2982,12192.90986973501
2983,12204.446606329737
2984,12259.776984335997
2985,12287.775877394746
2986,12357.319525490248
2987,12427.407875106748
2988,12473.251416401254
2989,12504.947025823
2990,12530.252792257756
2991,12553.987868958488
2992,12587.733466307742
2993,12587.28593889274
2994,12559.329353223997
2995,12514.815822729495
2996,12516.640008676259
2997,12511.048665621
2998,12424.94210135275
2999,12399.187087661492
3000,12377.513881455006
3001,12355.923600847249
3002,12340.171612183509
3003,12335.123103642753
3004,12347.2735327895
3005,12348.747635621501
3006,12318.515143083998
3007,12282.456650623752
3008,12300.588902029247
3009,12329.670455112495
3010,12365.379402612001
3011,12440.489875432255
3012,12469.368171894745
3013,12490.533946329753
3014,12512.5849868455
3015,12522.482767275993
3016,12537.479342565002
3017,12537.401516169504
3018,12508.071111703994
3019,12469.458287029001
3020,12486.079969027493
3021,12501.154039483987
3022,12445.00586223225
3023,12422.525616970244
3024,12402.147893775005
3025,12390.036387682741
3026,12465.668222774488
3027,12441.635107866257
3028,12461.231181374
3029,12499.662228814257
3030,12565.43496788849
3031,12636.548880327495
3032,12732.52686841675
3033,12853.51029613801
3034,12961.722074838497
3035,13041.185138308492
3036,13117.68222392074
3037,13144.310892926756
3038,13145.950153753995
3039,13143.359957805504
3040,13077.392903602511
3041,13002.323178303492
3042,12915.820395556255
3043,12820.52683999174
3044,12780.443635564008
3045,12766.837434068746
3046,12688.186963788503
3047,12666.380353659495
3048,12627.932523279993
3049,12616.947700566256
3050,12612.728237968739
3051,12605.906978500247
3052,12612.041796810747
3053,12642.881184455757
3054,12697.118567612757
3055,12799.840801197259
3056,12924.338866664493
3057,13069.667844695243
3058,13209.474965128491
3059,13315.82770913825
3060,13390.66842278025
3061,13382.884079792493
3062,13366.496406512497
3063,13339.93430935025
3064,13229.230771468498
3065,13118.678657138245
3066,13016.500064499745
3067,12920.409582960743
3068,12889.722179053757
3069,12864.118991920255
3070,12763.350772254
3071,12740.934883646254
3072,12732.4304172685
3073,12734.259064576752
3074,12734.614916491008
3075,12737.5454897965
3076,12754.648562502998
3077,12788.423695451243
3078,12831.61558315574
3079,12912.228753367752
3080,13010.834818745754
3081,13098.0517835725
3082,13164.922817541
3083,13192.078074202247
3084,13218.316168326754
3085,13227.525876474998
3086,13258.983323067998
3087,13271.894566951005
3088,13175.524963913507
3089,13086.476403850003
3090,13012.841455443237
3091,12911.425370671997
3092,12881.880446206498
3093,12920.639900527503
3094,12848.844351670994
3095,12822.018423991494
3096,12821.973088036248
3097,12817.800684747252
3098,12804.31574025324
3099,12796.90875480949
3100,12812.497868479755
3101,12844.451011480509
3102,12897.730869098497
3103,12983.676059666506
3104,13082.110798697007
3105,13179.312137010751
3106,13249.217371599745
3107,13278.753124740004
3108,13327.621273116258
3109,13324.559048188747
3110,13284.171083983245
3111,13298.73367327726
3112,13247.287156634251
3113,13160.916361693986
3114,13072.477941149496
3115,12967.361892225497
3116,12934.810842835252
3117,12968.820998265248
3118,12891.521540385003
3119,12851.717569280745
3120,12809.803176465997
3121,12814.504157958238
3122,12820.750297459488
3123,12828.861015846489
3124,12846.5536566805
3125,12883.905406424257
3126,12929.181365998491
3127,13046.20120118901
3128,13153.641158429251
3129,13237.116166939744
3130,13308.008942457256
3131,13323.834097584255
3132,13329.889556688497
3133,13287.126291479752
3134,13267.571974582745
3135,13234.45419723024
3136,13176.053587869492
3137,13119.755781507247
3138,13039.703657064743
3139,12953.417313894748
3140,12929.685826046256
3141,12974.859773044496
3142,12931.494694830495
3143,12908.764863455493
3144,12908.32575291251
3145,12917.78138888125
3146,12847.755352526254
3147,12851.496792427508
3148,12858.155822500239
3149,12866.379158470254
3150,12850.93179877799
3151,12881.175526837242
3152,12909.55482507601
3153,12924.593816626993
3154,12954.932303975762
3155,12990.749453394254
3156,13053.649678635245
3157,13071.213676274489
3158,13079.230465159255
3159,13075.104200157
3160,13087.336317592004
3161,13084.379662409992
3162,13054.79260644876
3163,13035.065775551002
3164,13038.46970157525
3165,13056.984661912504
3166,12995.896632863996
3167,12976.964768172495
3168,12966.8989239945
3169,12943.779267831758
3170,12927.916890067007
3171,12931.070263112506
3172,12939.112570072506
3173,12947.960101508987
3174,12915.733761459762
3175,12940.52350022875
3176,12959.425892897743
3177,12993.49554190524
3178,13015.729009789498
3179,13062.88312424676
3180,13090.366260542238
3181,13107.122451122746
3182,13120.243431533507
3183,13137.240036392253
3184,13146.274252646013
3185,13149.499683238755
3186,13140.52062014449
3187,13115.87353648674
3188,13117.613605617256
3189,13167.3397833615
3190,13135.170580150998
3191,13114.718364677507
3192,13098.40925652099
3193,13098.438153002997
3194,13185.823929781991
3195,13190.895381771748
3196,13207.56009111075
3197,13246.921770810013
3198,13293.074729683747
3199,13398.459142163761
3200,13534.174846747244
3201,13625.601794394504
3202,13695.919674898509
3203,13751.378102557008
3204,13826.721967189756
3205,13853.629303683001
3206,13867.992584039506
3207,13848.655503482001
3208,13748.60794871174
3209,13641.352423369493
3210,13549.827729702747
3211,13461.819924920994
3212,13435.435356396254
3213,13470.970311378745
3214,13398.19539704274
3215,13368.147273952502
3216,13367.068118199248
3217,13367.97276290475
3218,13369.879518165248
3219,13365.505909371755
3220,13372.244762744509
3221,13407.341766027004
3222,13446.18428657025
3223,13563.98724335449
3224,13697.365221160255
3225,13868.980436703498
3226,13995.736560805513
3227,14047.124893949745
3228,14102.22746570425
3229,14066.480965552006
3230,14037.707527595996
3231,14006.121332656756
3232,13905.505077775004
3233,13808.017664252502
3234,13681.26006684249
3235,13533.535149971993
3236,13472.407579785264
3237,13479.3776910605
3238,13388.411244886498
3239,13359.23854854425
3240,13350.720285732257
3241,13342.003052910484
3242,13332.327780598001
3243,13312.398271581254
3244,13324.944945221006
3245,13368.12799244726
3246,13414.540776874255
3247,13542.595177715244
3248,13674.441216595
3249,13798.049287454249
3250,13922.109932424995
3251,14054.008285051494
3252,14158.009490009004
3253,14135.266033722004
3254,14114.049406236494
3255,14096.877576157993
3256,14049.018565877253
3257,13955.568641431008
3258,13848.95451228925
3259,13756.366231916494
3260,13709.805934386492
3261,13700.747081363494
3262,13593.109696052736
3263,13563.802893722752
3264,13545.171373086752
3265,13486.012514862248
3266,13471.832605060006
3267,13487.393083256242
3268,13495.465024495505
3269,13527.143212739998
3270,13561.087569023244
3271,13679.443496672502
3272,13805.47853123325
3273,13916.629239929494
3274,14002.760767964499
3275,14064.04836397274
3276,14162.960252333743
3277,14207.312722917
3278,14207.425208592742
3279,14181.999902594507
3280,14094.172489408742
3281,13978.086042452494
3282,13838.176861782755
3283,13716.063991559753
3284,13667.761496741503
3285,13675.31957621749
3286,13580.705345987752
3287,13542.021860147752
3288,13527.088950683497
3289,13521.02154303299
3290,13519.418519253497
3291,13497.347533571747
3292,13517.867457699998
3293,13584.631963337262
3294,13617.773795132001
3295,13748.811435099005
3296,13861.723551046756
3297,13968.448991030511
3298,14083.358051814248
3299,14168.527716476254
3300,14254.659269641248
3301,14288.449677650258
3302,14286.550434062492
3303,14227.654580073495
3304,14136.762983701503
3305,14035.367317764745
3306,13891.683917586744
3307,13776.739668281492
3308,13742.710964026252
3309,13774.85798626275
3310,13688.008026972248
3311,13658.545556938247
3312,13673.42369913325
3313,13697.075203575503
3314,13622.021086009743
3315,13615.181266199486
3316,13615.163020171989
3317,13617.00252938474
3318,13591.702738685495
3319,13584.541888290494
3320,13622.091420449011
3321,13641.38777336376
3322,13676.661860355494
3323,13694.821146785758
3324,13738.090695383491
3325,13773.788405465748
3326,13784.660889192004
3327,13807.526936337259
3328,13854.856710487998
3329,13877.75912753975
3330,13877.265737993743
3331,13879.55375533924
3332,13883.027493701236
3333,13917.3281691795
3334,13844.126254647994
3335,13827.314059647757
3336,13794.617670727239
3337,13732.874143031748
3338,13678.456105333004
3339,13649.20668212924
3340,13647.172436482253
3341,13619.768584650752
3342,13590.047808198242
3343,13593.562778163245
3344,13619.341697210753
3345,13644.549594730503
3346,13663.869068328002
3347,13688.58855161175
3348,13713.803174683748
3349,13748.149747268257
3350,13771.447733460505
3351,13776.387087493245
3352,13763.528906256739
3353,13739.372814242253
3354,13724.266583399487
3355,13721.392170062743
3356,13742.977003380749
3357,13801.997736557987
3358,13767.256329229489
3359,13745.768957725006
3360,13711.621775261241
3361,13693.978873308735
3362,13778.089625297001
3363,13785.225360162996
3364,13804.342347185746
3365,13846.172641189263
3366,13884.427123980005
3367,13986.41015322025
3368,14095.06632133524
3369,14179.857681427995
3370,14269.5773524635
3371,14308.907826796758
3372,14357.737222177253
3373,14344.026147734236
3374,14325.593038209257
3375,14297.492496865245
3376,14221.913245100492
3377,14160.631123302494
3378,14069.113144493249
3379,13983.418174124003
3380,13949.849728276
3381,13982.262426233248
3382,13935.131914917736
3383,13905.519780119512
3384,13898.48911843
3385,13904.295343319754
3386,13904.517343061498
3387,13911.45007522999
3388,13932.424335634505
3389,13975.000135671751
3390,14014.432266479744
3391,14130.755650444755
3392,14256.741137006751
3393,14335.447913314005
3394,14404.232453892999
3395,14451.337298161248
3396,14494.40076843375
3397,14459.464931419006
3398,14432.845937467517
3399,14467.90620714651
3400,14443.341796224242
3401,14377.284117386751
3402,14297.171480585506
3403,14222.620222175507
3404,14183.067183783749
3405,14193.189007719755
3406,14099.815156730745
3407,14071.2328159405
3408,14053.875252639009
3409,14044.315373037756
3410,14032.445400815255
3411,14020.871491691238
3412,14016.72470730551
3413,14038.039843309753
3414,14074.356586824002
3415,14214.957233516003
3416,14370.726811898756
3417,14543.017661149253
3418,14711.237799575756
3419,14792.017627695253
3420,14881.045969030256
3421,14865.033345755244
3422,14848.883643838995
3423,14827.269652676741
3424,14756.198586930752
3425,14632.239883146245
3426,14526.719412061759
3427,14427.820243096494
3428,14377.402558848504
3429,14360.244416143496
3430,14291.0768305775
3431,14264.342317009745
3432,14227.408715381498
3433,14228.470495604253
3434,14222.759481257503
3435,14208.091030464491
3436,14206.457308787745
3437,14235.448415113498
3438,14266.022454872262
3439,14404.328135268755
3440,14559.161700111754
3441,14742.577167230003
3442,14909.955769232514
3443,14992.21806159175
3444,15024.854329832755
3445,15028.174259672745
3446,15029.309697359999
3447,15002.046159815765
3448,14942.790909297753
3449,14878.021257097005
3450,14796.035323677494
3451,14665.557178162007
3452,14577.532235578996
3453,14529.551272397493
3454,14401.443775836498
3455,14384.126843021502
3456,14379.678373429499
3457,14382.367966264996
3458,14377.930563911992
3459,14353.390429919493
3460,14370.13002570776
3461,14412.687612941496
3462,14488.690563618002
3463,14661.094577821992
3464,14830.200963612991
3465,14979.391854079997
3466,15093.7183654555
3467,15173.173921443253
3468,15254.226398693752
3469,15246.06270121176
3470,15180.237660145254
3471,15120.073614778503
3472,15025.693738043488
3473,14958.176768317253
3474,14842.55700222975
3475,14676.309657864003
3476,14613.658640365005
3477,14593.933496368756
3478,14492.617765860758
3479,14476.975595412743
3480,14476.628055593748
3481,14490.732621534497
3482,14373.521447087745
3483,14373.619991663005
3484,14380.62866426349
3485,14387.631064797999
3486,14344.373844793492
3487,14359.934382479007
3488,14423.076056134503
3489,14467.729185989996
3490,14517.757245322
3491,14591.839466760008
3492,14692.09801665675
3493,14782.814126476245
3494,14855.482682247506
3495,14888.898975020758
3496,14905.598307724007
3497,14921.311061420005
3498,14913.193950919249
3499,14851.38599492026
3500,14784.761638501739
3501,14706.762120804751
3502,14562.458817688484
3503,14548.910681681997
3504,14515.881985247259
3505,14467.816847049997
3506,14452.404959551503
3507,14455.019210674993
3508,14462.567148412745
3509,14472.117000160993
3510,14414.619212311496
3511,14430.149527978741
3512,14460.996443227745
3513,14567.160619180744
3514,14634.69498119451
3515,14731.102893733248
3516,14855.890364501003
3517,14941.312504182742
3518,15002.39891886225
3519,15022.274207406252
3520,15047.82263670874
3521,15067.295819092002
3522,14989.85852472549
3523,14908.15300379326
3524,14850.314340665504
3525,14764.535319228504
3526,14621.366108420514
3527,14610.179456863993
3528,14562.460604386004
3529,14549.45179752499
3530,14636.27667196875
3531,14637.018836729247
3532,14657.395953979014
3533,14700.259501372002
3534,14731.263107158262
3535,14927.093993721504
3536,15104.259469855748
3537,15229.677016942747
3538,15318.996258779001
3539,15359.15340411151
3540,15398.385415469498
3541,15415.061719557754
3542,15426.50450199225
3543,15466.660249398246
3544,15444.64792211424
3545,15379.02415385599
3546,15297.171030237503
3547,15185.190210705257
3548,15092.861673807494
3549,14997.584103199739
3550,14804.688088079247
3551,14774.679799500238
3552,14766.041147322747
3553,14766.024654021487
3554,14769.388062105005
3555,14755.663773433746
3556,14756.1768713335
3557,14811.531460631015
3558,14861.68469939901
3559,15056.371938723241
3560,15211.750466596486
3561,15367.627834316503
3562,15492.01492885601
3563,15617.799778802253
3564,15742.628657680252
3565,15785.993301849752
3566,15772.912555034747
3567,15712.82650730774
3568,15605.713771081011
3569,15478.894737535249
3570,15361.419622701003
3571,15222.767993794996
3572,15127.094905130503
3573,15070.957548468496
3574,14893.451412710494
3575,14867.127047246253
3576,14861.617397270755
3577,14866.908772017234
3578,14866.162195612247
3579,14851.820076719001
3580,14852.458777956506
3581,14912.299292953
3582,14962.986059440744
3583,15176.46949571325
3584,15313.554549212244
3585,15396.827648465744
3586,15456.069397311254
3587,15474.021838462497
3588,15498.315049121247
3589,15446.097232336751
3590,15412.576520003742
3591,15378.56471208275
3592,15305.115814676758
3593,15250.338296393751
3594,15155.102931256492
3595,15066.414053993994
3596,15023.626824490759
3597,15032.395707502985
3598,14948.037031148006
3599,14921.099057034999
3600,14915.734028948991
3601,14917.427961595255
3602,14921.40704138975
3603,14926.063799929747
3604,14949.817347292495
3605,14994.118228556514
3606,15034.297512901252
3607,15245.638710500243
3608,15431.060529833514
3609,15595.774666884992
3610,15682.483251878504
3611,15730.754406629498
3612,15783.406586030258
3613,15798.382830659744
3614,15791.816245297248
3615,15722.345283877254
3616,15613.269395266501
3617,15535.275378054246
3618,15461.189083495246
3619,15337.379725905255
3620,15239.68902255925
3621,15197.09818835225
3622,15065.100131756491
3623,15049.000741428992
3624,15053.299817721507
3625,15052.474396537007
3626,15014.167301895253
3627,15021.30984791524
3628,15041.319420500253
3629,15082.757095998499
3630,15124.481831154751
3631,15310.041663938247
3632,15500.104690199
3633,15654.606039888247
3634,15713.484410689489
3635,15700.093222321006
3636,15748.489925420005
3637,15734.585992711998
3638,15712.397182068004
3639,15700.253933872746
3640,15647.612207404993
3641,15580.401811838501
3642,15422.683254753243
3643,15283.916157191996
3644,15222.77462600324
3645,15197.325397405008
3646,15067.251532377499
3647,14999.625265275481
3648,14976.019729408006
3649,14970.749186544492
3650,14876.919879968005
3651,14886.186209115252
3652,14908.225199849248
3653,14918.043688598995
3654,14878.828479828506
3655,14907.168304777499
3656,14960.728745542996
3657,14993.153196868492
3658,15037.524844821257
3659,15089.57242918651
3660,15136.216502269492
3661,15169.868963524008
3662,15206.821554784006
3663,15216.648196075754
3664,15187.70817069625
3665,15191.598489721999
3666,15182.576787103495
3667,15160.393811255239
3668,15169.039756279504
3669,15201.760569105481
3670,15194.65552316374
3671,15170.266229310242
3672,15156.887712239497
3673,15120.984364298993
3674,15084.435730973755
3675,15073.739565721493
3676,15069.880739134493
3677,15064.813081772012
3678,14993.19495283526
3679,15013.37734621975
3680,15050.199103493498
3681,15087.90200647875
3682,15152.901991086486
3683,15186.208820266991
3684,15200.186427494507
3685,15201.315779550512
3686,15214.89342388099
3687,15190.609869875505
3688,15163.151035765755
3689,15172.811176514251
3690,15177.752033085491
3691,15158.864607737745
3692,15160.182686355243
3693,15168.016207988994
3694,15141.74628061176
3695,15113.230483975252
3696,15098.246334383246
3697,15091.757137001745
3698,15167.959538681738
3699,15170.533517297496
3700,15185.5333734755
3701,15212.038163441997
3702,15209.297494733248
3703,15372.667918940506
3704,15515.33493246275
3705,15642.791454011756
3706,15770.490959205748
3707,15839.799393043755
3708,15911.573924484748
3709,15914.648033383499
3710,15908.235426125242
3711,15892.775973461257
3712,15827.483401852749
3713,15746.69849343125
3714,15658.555986886247
3715,15567.899741184257
3716,15506.78018592875
3717,15488.560738587235
3718,15413.485543906992
3719,15396.591958631498
3720,15382.12022331675
3721,15344.942944121498
3722,15350.280737531493
3723,15362.511853081754
3724,15374.851374043994
3725,15407.404069887261
3726,15431.868721683251
3727,15596.765712133014
3728,15758.573915731
3729,15807.525166299747
3730,15829.200094951757
3731,15891.866542677757
3732,15993.439784376504
3733,16027.651649156242
3734,16023.712116585504
3735,15982.401721608003
3736,15876.394688102502
3737,15768.190619272496
3738,15675.668210839258
3739,15577.770503923506
3740,15513.967479787503
3741,15492.523051182241
3742,15411.5350449775
3743,15368.292891186251
3744,15359.320534638995
3745,15350.972367252247
3746,15349.703795157262
3747,15344.186262892996
3748,15339.425041238994
3749,15377.456565233499
3750,15412.267304309255
3751,15564.100678814246
3752,15688.54220138775
3753,15799.05419717024
3754,15880.107753228496
3755,15881.219629324514
3756,15904.757808194241
3757,15919.685744293238
3758,15921.540727828255
3759,15924.94513616851
3760,15891.872483882247
3761,15861.570382360242
3762,15809.73505019774
3763,15737.44952410925
3764,15691.267400696255
3765,15683.796449776986
3766,15595.491827811511
3767,15551.950637722752
3768,15545.592829641755
3769,15535.760285505503
3770,15531.838257839012
3771,15536.160998040492
3772,15547.988988607749
3773,15581.779369400765
3774,15594.600938437754
3775,15777.612143867505
3776,15954.448268199005
3777,16108.404254124507
3778,16240.968388099007
3779,16319.395478847755
3780,16357.545668388491
3781,16359.636054653492
3782,16338.146296061988
3783,16340.302922703007
3784,16289.221845202997
3785,16218.568711494763
3786,16117.344233239248
3787,15951.183724750992
3788,15848.805869842254
3789,15801.254497616996
3790,15696.074959057247
3791,15641.856947100492
3792,15601.723568768495
3793,15591.086699356
3794,15581.830130848997
3795,15581.928215510497
3796,15600.696073069756
3797,15639.4868307605
3798,15659.950342533497
3799,15817.360471355503
3800,15962.611156947498
3801,16098.245601001263
3802,16200.49598642974
3803,16223.166878568005
3804,16255.065014986743
3805,16255.365023446499
3806,16255.558423001248
3807,16233.431204016504
3808,16141.875514373756
3809,16055.828163579243
3810,15976.707980797002
3811,15892.126313819754
3812,15845.562409448488
3813,15856.464250943749
3814,15779.037846926247
3815,15752.997138795003
3816,15744.541315728247
3817,15752.14139150925
3818,15674.767766073754
3819,15671.33296665925
3820,15683.485233967998
3821,15693.880636749755
3822,15643.065673005753
3823,15669.817731850253
3824,15732.987643928751
3825,15773.243762572742
3826,15856.578231155756
3827,15908.084678130495
3828,15951.392376183998
3829,15973.419122514993
3830,16001.787270766505
3831,16038.699836378251
3832,16041.068728231001
3833,16010.580668208491
3834,15964.383810870508
3835,15937.057034703506
3836,15929.716276936006
3837,15934.042565291013
3838,15868.550643209746
3839,15847.878116407499
3840,15831.673700838994
3841,15811.096605756748
3842,15796.918258710752
3843,15799.134045283494
3844,15806.63422634925
3845,15814.941085584744
3846,15747.016585287502
3847,15760.95077745776
3848,15796.789866587249
3849,15827.833187916742
3850,15837.525837029494
3851,15863.608662229506
3852,15889.479622428993
3853,15897.33830039374
3854,15911.216474932002
3855,15922.606915172742
3856,15933.617935105509
3857,15936.63584737424
3858,15912.441172010494
3859,15882.799309048243
3860,15874.198621597503
3861,15915.828061411243
3862,15906.475750450996
3863,15881.719991926731
3864,15858.045979989001
3865,15857.885212619996
3866,15937.932749566993
3867,15932.417680071
3868,15942.720021783003
3869,15973.748890422508
3870,15983.757711819751
3871,16116.47659144899
3872,16256.53228153475
3873,16391.9976065255
3874,16509.8878503215
3875,16585.7875440805
3876,16672.756525510496
3877,16685.668058957493
3878,16683.820803465256
3879,16633.531335546508
3880,16501.3370541895
3881,16359.429962778
3882,16236.664282352
3883,16148.580695843493
3884,16116.820061837992
3885,16128.900797569742
3886,16088.490007157236
3887,16065.841798419491
3888,16064.442714002736
3889,16067.031436035992
3890,16070.069458147002
3891,16077.020203659747
3892,16098.52716438801
3893,16141.011504682505
3894,16166.110615808002
3895,16321.775926670758
3896,16449.748735931007
3897,16538.749096460244
3898,16623.121401360757
3899,16694.520632753247
3900,16762.097594906754
3901,16768.438364113754
3902,16778.418066366754
3903,16761.752790620005
3904,16665.95039621425
3905,16490.79775485625
3906,16352.597350615744
3907,16270.272066561494
3908,16239.140430244748
3909,16242.106775874741
3910,16183.751171941502
3911,16161.971535842495
3912,16161.643677361253
3913,16163.4148626125
3914,16166.56986654476
3915,16175.297097349743
3916,16194.631138608496
3917,16234.114940363015
3918,16252.084158261998
3919,16416.400631346238
3920,16545.23647985075
3921,16656.9248318295
3922,16751.45412921124
3923,16820.067331209262
3924,16890.255722693502
3925,16883.50655216575
3926,16860.3252295075
3927,16831.27975299076
3928,16753.60486109101
3929,16653.725146730503
3930,16545.20808933001
3931,16453.10212700625
3932,16396.041625009737
3933,16333.92043442949
3934,16241.815304417496
3935,16208.025290637745
3936,16184.74602009974
3937,16159.033663437005
3938,16170.973936534263
3939,16189.688180163752
3940,16207.751712682491
3941,16234.552177645257
3942,16250.746658402748
3943,16439.242619016753
3944,16626.17783826175
3945,16786.507972464755
3946,16879.201549888767
3947,16928.939342896247
3948,16971.936734194995
3949,16928.956505366503
3950,16892.215866447736
3951,16857.42366859426
3952,16791.388741996252
3953,16706.136520428754
3954,16587.164910342497
3955,16455.601924456743
3956,16408.313254100998
3957,16398.96560070576
3958,16333.629083036754
3959,16300.572219328005
3960,16302.833668017998
3961,16298.670898673498
3962,16294.873221232001
3963,16301.382979543989
3964,16316.158336758013
3965,16367.308010197003
3966,16403.95762169125
3967,16569.473522573007
3968,16706.763600093003
3969,16840.68435868775
3970,16956.211219878012
3971,17035.530311963506
3972,17120.62680215651
3973,17122.979118912743
3974,17128.92739910201
3975,17123.655611720253
3976,17102.49011349725
3977,17067.06366255101
3978,17002.25138004701
3979,16902.47586005125
3980,16815.03366082975
3981,16741.607336265995
3982,16581.579484804257
3983,16517.519138712498
3984,16500.04865656775
3985,16489.608127687745
3986,16394.615890724253
3987,16392.189003163494
3988,16400.294072956993
3989,16404.49041793325
3990,16368.240889279503
3991,16391.24431483325
3992,16478.904533294248
3993,16527.436681752006
3994,16603.281953095513
3995,16692.901902695008
3996,16812.495636695247
3997,16933.672189507255
3998,16996.485587897
3999,17038.02733009126
4000,17064.198526392505
4001,16972.573688868502
4002,16828.394388689005
4003,16755.800222592497
4004,16739.70028667324
4005,16734.27886742575
4006,16622.0611507635
4007,16633.49002018626
4008,16602.661971800742
4009,16532.49835116025
4010,16524.762619342255
4011,16520.88973043551
4012,16524.03017265425
4013,16522.12966920875
4014,16461.902506242994
4015,16516.664268799504
4016,16568.564258019996
4017,16646.35274799025
4018,16744.454412964005
4019,16871.672178497003
4020,16975.99319721425
4021,17058.557329517254
4022,17093.347022715254
4023,17127.937735663494
4024,17170.026560297996
4025,17165.794194307746
4026,17129.915580063753
4027,17082.979107441763
4028,17024.184869832236
4029,16931.679924327498
4030,16742.361359669747
4031,16723.843926510744
4032,16710.16322616501
4033,16693.611313075
4034,16709.992151980256
4035,16710.930181506494
4036,16724.559006424985
4037,16763.718375703254
4038,16748.48023508949
4039,17008.44073787751
4040,17153.795814878755
4041,17268.808671358256
4042,17423.14884698801
4043,17582.81348143675
4044,17673.15436848948
4045,17751.887910695743
4046,17670.26147630701
4047,17474.208965821505
4048,17343.799606195265
4049,17261.616610071003
4050,17137.610705459996
4051,16985.06192523274
4052,16850.719151050012
4053,16783.67974026651
4054,16721.530476929005
4055,16689.31414092102
4056,16687.248042098992
4057,16688.98638634101
4058,16692.056343172757
4059,16711.531232199013
4060,16708.148409107747
4061,16741.851743123992
4062,16736.95596990849
4063,16848.912804487252
4064,16955.67078419676
4065,17047.23625699449
4066,17127.0526672355
4067,17193.884748230008
4068,17260.01081490001
4069,17273.149098170754
4070,17278.56795192076
4071,17246.43786886501
4072,17142.283981008488
4073,17047.063842740255
4074,16967.76652911252
4075,16852.67673034598
4076,16803.24761657424
4077,16808.03862032401
4078,16812.781513463757
4079,16784.78757216999
4080,16782.834382509995
4081,16784.999185755
4082,16788.658993969246
4083,16780.758466201754
4084,16795.518202930743
4085,16836.759311185473
4086,16834.19932864225
4087,16944.392408803255
4088,17057.040125273248
4089,17145.300476835502
4090,17231.142521869508
4091,17277.26399872824
4092,17339.363984858275
4093,17357.754931032996
4094,17379.432598978998
4095,17360.62446925625
4096,17270.641284226742
4097,17190.172047971744
4098,17101.95710615977
4099,17011.283067970246
4100,16964.305385376756
4101,16956.029562576256
4102,16919.14668012124
4103,16881.676371903788
4104,16867.70598740251
4105,16862.32731070502
4106,16865.05496930251
4107,16882.46362075726
4108,16880.56279853224
4109,16914.787674774998
4110,16906.493725449014
4111,16996.430251149
4112,17086.976477485026
4113,17172.569202153012
4114,17257.783772278246
4115,17325.382052920504
4116,17389.474112993244
4117,17391.626695292747
4118,17386.17623029902
4119,17354.158263277728
4120,17264.160761336
4121,17144.601221430257
4122,17026.32631822026
4123,16966.201079002254
4124,16951.689092279255
4125,16962.61754768951
4126,16973.11755057026
4127,16958.05972458298
4128,16948.619632279526
4129,16928.224948947744
4130,16921.094916842514
4131,16931.648976071494
4132,16950.420578103258
4133,16983.232731642744
4134,16954.28925215901
4135,17047.691110464482
4136,17138.859140574743
4137,17193.243228759016
4138,17267.472260639006
4139,17340.270629705727
4140,17435.53152438302
4141,17470.953877264026
4142,17487.743086739276
4143,17476.243955695994
4144,17391.39294449149
4145,17279.565311172737
4146,17198.823868919262
4147,17119.812690395505
4148,17093.817543910005
4149,17103.397725656763
4150,17066.270964038493
4151,17021.73127426901
4152,16999.96040002877
4153,16999.880104006243
4154,16963.676658655255
4155,16956.828611934478
4156,16967.883240228006
4157,16982.73853791948
4158,16942.484635673758
4159,16975.556410055025
4160,17040.643128028238
4161,17096.166861821745
4162,17190.450190440504
4163,17248.079860206733
4164,17285.457590260983
4165,17313.24446276325
4166,17336.43467346549
4167,17361.343784506746
4168,17361.583096761482
4169,17320.35508544576
4170,17282.09752284276
4171,17250.380591259735
4172,17234.499272080488
4173,17240.827924201978
4174,17197.74849666474
4175,17182.61796820774
4176,17173.8090538945
4177,17152.864163778504
4178,17150.606818624994
4179,17148.892451956242
4180,17137.109397041768
4181,17139.472178872515
4182,17064.636273349493
4183,17099.293190170014
4184,17161.519709586777
4185,17259.647494142493
4186,17312.291956200243
4187,17363.109806264994
4188,17404.102155297285
4189,17453.172327309498
4190,17505.334524940474
4191,17527.691159427
4192,17559.5450894495
4193,17486.068171235016
4194,17424.734195371777
4195,17390.413209785238
4196,17351.029190951976
4197,17338.873896572008
4198,17274.00046678924
4199,17244.28838740424
4200,17224.285889654002
4201,17204.653140930015
4202,17211.74975185726
4203,17190.83546459723
4204,17191.73242987824
4205,17231.678531518523
4206,17225.26995799225
4207,17339.806220867235
4208,17455.360979366764
4209,17606.58083667873
4210,17763.4130581575
4211,17867.97664186702
4212,17965.502202302258
4213,17989.799786289994
4214,17999.556553322236
4215,17988.28354475575
4216,17896.58145141775
4217,17722.716406962
4218,17559.53675958002
4219,17458.041491900975
4220,17418.994537848735
4221,17409.525341039003
4222,17349.6868365685
4223,17324.28680031151
4224,17310.664972441755
4225,17308.957358818974
4226,17315.926670971996
4227,17338.120930449993
4228,17370.65137856051
4229,17423.228533463986
4230,17411.63734473348
4231,17519.994531538505
4232,17630.830124718508
4233,17725.46541855724
4234,17808.331029158737
4235,17863.637462433493
4236,17924.247515154762
4237,17950.550313826243
4238,17944.038481324485
4239,17870.849488620017
4240,17725.366818661754
4241,17627.611896366263
4242,17551.28492159949
4243,17475.88399344801
4244,17449.152755537772
4245,17468.096515621746
4246,17473.09209564724
4247,17449.551068447996
4248,17449.876310479005
4249,17452.50331688124
4250,17457.099250457508
4251,17466.538534748008
4252,17482.137592248233
4253,17522.39141850923
4254,17499.764093318
4255,17586.673425557998
4256,17719.307986788514
4257,17831.537754364246
4258,17922.797780161738
4259,18002.994155014527
4260,18083.651102014246
4261,18134.978412777982
4262,18156.78773003376
4263,18126.372962856993
4264,18020.935989026995
4265,17925.032141863245
4266,17814.86002145426
4267,17734.350926533258
4268,17703.11607016676
4269,17654.934569681995
4270,17594.765309468774
4271,17566.149222101478
4272,17544.798219072738
4273,17548.444399825778
4274,17552.461785675256
4275,17559.43471796401
4276,17577.168197359482
4277,17614.153654938225
4278,17581.3732994285
4279,17678.694058699002
4280,17834.349568492224
4281,18011.616852184
4282,18133.268826720738
4283,18181.924366954976
4284,18244.142714977002
4285,18297.53783049026
4286,18335.89809991075
4287,18350.281224577728
4288,18307.656545102254
4289,18235.689565733028
4290,18134.339761560517
4291,17998.062337471743
4292,17924.08364052301
4293,17839.961759367998
4294,17716.802288571256
4295,17705.719478008512
4296,17669.738005002255
4297,17660.31818956874
4298,17662.419875674987
4299,17664.270871171746
4300,17684.07603231323
4301,17727.369395618247
4302,17705.616273033236
4303,17892.316471431513
4304,18120.700327338996
4305,18287.680401664
4306,18419.821713643785
4307,18586.860041285992
4308,18803.239137582234
4309,18978.954800786225
4310,19040.311798079492
4311,19030.13224285749
4312,18868.492035209754
4313,18732.832051252502
4314,18587.35299252475
4315,18447.35405320849
4316,18353.819051777995
4317,18256.060849911762
4318,17946.738030180248
4319,17914.338293648274
4320,17901.10153820827
4321,17899.310546365232
4322,17868.817794566
4323,17849.005602894988
4324,17817.889413477227
4325,17817.743472176746
4326,17775.015934722003
4327,17869.446103217768
4328,17959.0960142825
4329,18041.45603291253
4330,18166.641311685504
4331,18331.0825020725
4332,18419.397533375497
4333,18457.71537624925
4334,18469.0106236185
4335,18499.484626861
4336,18495.23376673724
4337,18482.074288198248
4338,18495.616466966985
4339,18407.865537984242
4340,18191.336034958997
4341,18035.941409685493
4342,17901.420930664262
4343,17883.08355501049
4344,17865.93777933478
4345,17831.022078057737
4346,17826.141084465737
4347,17829.018809392746
4348,17834.363247580994
4349,17844.463047357774
4350,17785.69967620801
4351,17795.281988294002
4352,17830.20275431826
4353,17906.029956220507
4354,17976.87373404877
4355,18065.488507663737
4356,18168.394863053763
4357,18247.715072149775
4358,18308.131571817477
4359,18213.52764334448
4360,18146.876846584986
4361,18162.034881277992
4362,18128.31203451501
4363,17985.45824683277
4364,17993.48555361225
4365,17995.871574008022
4366,17997.38115651026
4367,17972.662151605746
4368,17919.47835903977
4369,17916.663608739742
4370,17942.44244172048
4371,17935.621631387265
4372,17942.092718881755
4373,17967.604650038236
4374,17947.46649802924
4375,18006.736742114495
4376,18201.046458361267
4377,18291.30770313223
4378,18391.156355307776
4379,18472.13017987051
4380,18554.14186455226
4381,18637.976597198507
4382,18664.39165704452
4383,18658.567839738225
4384,18626.579500266496
4385,18569.15980014076
4386,18462.956975144254
4387,18168.463438274266
4388,18151.20230490077
4389,18132.686717245768
4390,18114.794612111258
4391,18079.674005066758
4392,18060.861811805007
4393,18032.124332400253
4394,18036.327547634242
4395,18042.518174593744
4396,18063.632080734245
4397,18078.827765636244
4398,18034.8330358715
4399,18114.064997995745
4400,18327.40557003775
4401,18435.36416205075
4402,18554.961224586023
4403,18645.050081222238
4404,18727.13757828775
4405,18790.82940281974
4406,18810.645830715766
4407,18814.713519970515
4408,18808.805373820003
4409,18771.588931331502
4410,18651.6135231835
4411,18313.402306743268
4412,18308.625308292772
4413,18281.460102504505
4414,18252.47398322499
4415,18203.73380722377
4416,18196.370090514232
4417,18171.570815766274
4418,18149.447515305757
4419,18148.87758134576
4420,18167.47755565799
4421,18202.910990623008
4422,18184.779886389497
4423,18258.14179669225
4424,18523.327197262726
4425,18745.11685918976
4426,18933.75008222599
4427,19034.759465858275
4428,19124.600033760005
4429,19192.132771977256
4430,19209.84777234951
4431,19152.24527737127
4432,19053.314401558997
4433,18948.353103771024
4434,18836.489362374494
4435,18469.27811784625
4436,18452.975307577763
4437,18379.689006884986
4438,18335.29085308198
4439,18286.30393118224
4440,18271.842815284537
4441,18227.719293986018
4442,18230.791344741527
4443,18238.105866320737
4444,18255.64947446252
4445,18298.5750517815
4446,18276.770041261014
4447,18329.46945617275
4448,18526.50991577552
4449,18639.36880446824
4450,18776.77997482299
4451,18847.529296428012
4452,18883.204638143507
4453,18946.53983717875
4454,18991.202923329998
4455,19009.645592573506
4456,19028.912650382747
4457,18995.68071271299
4458,18876.36171610851
4459,18503.353815910745
4460,18470.64464515826
4461,18422.80572166699
4462,18402.57383476449
4463,18359.693938917237
4464,18333.01723489124
4465,18302.146361486768
4466,18296.392535157993
4467,18285.407446417492
4468,18286.79581439699
4469,18310.536069619477
4470,18279.470376623492
4471,18336.980954084982
4472,18549.956235003272
4473,18663.726229747514
4474,18747.884947283022
4475,18791.495856712514
4476,18833.986197391496
4477,18884.776122683994
4478,18897.023827586745
4479,18855.362754085258
4480,18774.37298743549
4481,18700.553949984485
4482,18626.3044961
4483,18441.486895384496
4484,18436.344096850524
4485,18411.166108805006
4486,18389.448297048515
4487,18347.623421779266
4488,18314.76605863778
4489,18328.51840394175
4490,18300.22211938822
4491,18272.240359720003
4492,18258.898079757237
4493,18247.393132557747
4494,18196.582012966977
4495,18254.635309446512
4496,18327.593331586504
4497,18397.83124315775
4498,18470.651213342746
4499,18513.373873509765
4500,18546.81104863428
4501,18560.128677855027
4502,18568.915662535994
4503,18588.482338984766
4504,18607.44142483952
4505,18627.950021311255
4506,18615.919895392235
4507,18532.778106557253
4508,18545.050379492517
4509,18544.39451487975
4510,18527.892340120517
4511,18504.803048383026
4512,18472.054828334258
4513,18429.869680246724
4514,18414.309534130753
4515,18409.45070903049
4516,18410.875430641263
4517,18414.264600222734
4518,18370.103535904505
4519,18381.90503487498
4520,18429.043496397015
4521,18536.170782016998
4522,18598.51341160776
4523,18633.50815607976
4524,18661.39680109527
4525,18701.82362804923
4526,18754.269643768504
4527,18790.3253391925
4528,18818.923063061004
4529,18843.15459516299
4530,18811.31396772174
4531,18651.32756804774
4532,18658.03737968898
4533,18669.54151141799
4534,18670.643688473763
4535,18645.25018651951
4536,18623.04485526448
4537,18589.00766530275
4538,18613.322131420995
4539,18618.608674136747
4540,18633.096727691223
4541,18669.188136178505
4542,18671.93448879699
4543,18684.153085583734
4544,18866.82283853174
4545,18966.236201989992
4546,19083.825222361735
4547,19209.925366911993
4548,19296.295267093996
4549,19336.552277139977
4550,19363.89352594474
4551,19362.025583860493
4552,19333.833940564233
4553,19286.45421074552
4554,19223.5040952335
4555,18891.79231819476
4556,18893.298050397745
4557,18868.778202417252
4558,18842.609014638496
4559,18794.673653865008
4560,18773.7499487175
4561,18758.362609871256
4562,18725.322045198005
4563,18726.549308322745
4564,18738.79340321451
4565,18774.221351961998
4566,18773.981174765748
4567,18817.116554184264
4568,19020.524094751738
4569,19148.503864968734
4570,19268.926143427005
4571,19365.176577570746
4572,19432.96402137676
4573,19445.36767408801
4574,19455.32815221224
4575,19442.095974759235
4576,19406.408795466992
4577,19354.396835702013
4578,19154.480702873752
4579,18883.835347143275
4580,18873.335986606715
4581,18869.085379158
4582,18870.769712304245
4583,18791.868426439996
4584,18775.622674807
4585,18762.89534688951
4586,18756.24661925551
4587,18756.350337225747
4588,18765.73749842999
4589,18804.368049574252
4590,18804.18832422323
4591,18849.341660928738
4592,19064.70234933126
4593,19190.745898443754
4594,19310.34394234052
4595,19403.026831516003
4596,19470.29351437525
4597,19534.301819721513
4598,19557.697917767982
4599,19553.209620003006
4600,19506.12318734475
4601,19450.55238281426
4602,19324.473666050257
4603,19015.824716429746
4604,18994.82581228327
4605,18978.28587169124
4606,18970.794843928754
4607,18929.05091963225
4608,18898.439565407498
4609,18897.520946716006
4610,18900.809881999492
4611,18895.652947302984
4612,18903.862581817757
4613,18943.966314904246
4614,18952.596813829754
4615,18979.312950593518
4616,19174.432202627493
4617,19270.480221271766
4618,19361.063158849513
4619,19458.57612363252
4620,19571.363966059245
4621,19649.213161019255
4622,19667.151616398234
4623,19667.832972580745
4624,19682.196120390017
4625,19639.397262068476
4626,19524.148254365256
4627,19179.752965808
4628,19168.6337937975
4629,19141.717724065278
4630,19120.751308221978
4631,19077.309066370726
4632,19060.354364210245
4633,19025.814706048004
4634,19018.007484192753
4635,19020.739692031242
4636,19038.632196613245
4637,19073.333848407743
4638,19074.01527813075
4639,19127.688156772245
4640,19353.18123233349
4641,19464.56677242651
4642,19585.367194794482
4643,19705.505897623483
4644,19760.832235108744
4645,19813.610560782246
4646,19897.118772115005
4647,19971.787604875226
4648,19979.76643444851
4649,19850.123532550006
4650,19690.92885705324
4651,19285.9492857575
4652,19226.355553308247
4653,19166.201899073756
4654,19122.02097925325
4655,19100.254604803744
4656,19094.593052392527
4657,19113.555897986487
4658,19090.29422619126
4659,19083.00565416702
4660,19086.080917686275
4661,19092.51976543451
4662,19082.06301987451
4663,19072.534778065758
4664,19124.698731564018
4665,19126.613540532
4666,19137.41453866779
4667,19162.771582020276
4668,19189.92920617824
4669,19236.049216000498
4670,19251.952307259522
4671,19266.330345776776
4672,19295.43702243299
4673,19344.36197080725
4674,19371.560884079983
4675,19298.64707152925
4676,19313.30232899326
4677,19300.94740186777
4678,19287.656467454744
4679,19265.095967939735
4680,19215.25508956051
4681,19179.48442166675
4682,19179.78548245451
4683,19170.57307172974
4684,19172.653433341507
4685,19181.90954867724
4686,19150.824430152235
4687,19150.892522876533
4688,19192.358751793752
4689,19291.961729046765
4690,19362.973822881995
4691,19434.974867603254
4692,19508.525525981247
4693,19611.122623155494
4694,19654.719968427227
4695,19689.112962557505
4696,19688.020302271263
4697,19692.011830324023
4698,19640.178820484743
4699,19390.78626264699
4700,19392.578878115004
4701,19406.410277059505
4702,19407.01194455074
4703,19376.38845860199
4704,19346.561484572987
4705,19303.76682490124
4706,19316.721118512512
4707,19323.371244563747
4708,19341.17564917674
4709,19369.496801546007
4710,19371.036253531267
4711,19392.356774199256
4712,19622.258149335023
4713,19703.55338848399
4714,19805.78548951498
4715,19902.783461477517
4716,19967.73180058575
4717,19978.579823707754
4718,19979.660653052986
4719,19956.807274452025
4720,19874.796544972254
4721,19795.819832544494
4722,19706.707434986503
4723,19468.847534470024
4724,19466.506470523243
4725,19472.981169358733
4726,19445.213095098516
4727,19415.845989669506
4728,19383.52650636302
4729,19371.78375054751
4730,19371.801230435733
4731,19371.28335099074
4732,19386.795367080493
4733,19412.478794687257
4734,19418.729320802257
4735,19441.568946856733
4736,19627.996155198267
4737,19715.621105695995
4738,19812.46950606225
4739,19892.225630335757
4740,19965.80244256074
4741,20032.279539100997
4742,20046.793436048018
4743,20042.020744540496
4744,19990.513490525485
4745,19899.515974666487
4746,19795.70298012127
4747,19586.109645844226
4748,19567.279659741747
4749,19549.79078467651
4750,19512.294819784976
4751,19488.384473275244
4752,19463.52660317776
4753,19451.132012983755
4754,19447.919947688744
4755,19433.69601727026
4756,19456.22880270401
4757,19486.85453373052
4758,19478.24733039225
4759,19512.747090759258
4760,19709.970002258015
4761,19812.52048594
4762,19922.286558210253
4763,19996.11557181101
4764,20049.668108406007
4765,20117.72725247751
4766,20154.79418759251
4767,20149.272446791238
4768,20093.126235387
4769,19988.590397442502
4770,19878.364454978502
4771,19671.79751573226
4772,19656.086636534255
4773,19665.26445765601
4774,19640.521152756974
4775,19579.683136001004
4776,19547.417903621736
4777,19536.733678357523
4778,19534.358481332518
4779,19531.45465756774
4780,19540.617183115246
4781,19557.83628187548
4782,19545.72032196601
4783,19573.873791339
4784,19753.740274361502
4785,19877.842639883504
4786,19976.068310256505
4787,20034.491117093476
4788,20052.67021874549
4789,20067.36571129399
4790,20076.419437113258
4791,20035.490459416247
4792,19973.569517911263
4793,19894.694618340756
4794,19832.1202636665
4795,19688.47131143001
4796,19710.29021525351
4797,19714.230352295734
4798,19686.049764954027
4799,19661.07115233423
4800,19658.71759926248
4801,19663.961974952737
4802,19666.15719036598
4803,19672.65718999326
4804,19691.715096361222
4805,19733.627522735973
4806,19735.53919250474
4807,19749.24532169649
4808,19934.477251192246
4809,20019.412865838
4810,20079.2410878775
4811,20110.384602352773
4812,20121.344486396014
4813,20126.49809519549
4814,20129.03542227401
4815,20100.94938319424
4816,20036.410521545018
4817,19955.805524989744
4818,19883.817178743473
4819,19780.941599946014
4820,19766.895232197498
4821,19789.803452147244
4822,19779.55590468201
4823,19755.703803031254
4824,19755.114488450246
4825,19772.380821973486
4826,19748.79431609649
4827,19747.466187224243
4828,19751.51296106476
4829,19757.267049915
4830,19744.08151503051
4831,19729.577453132497
4832,19777.155726708752
4833,19788.386500798766
4834,19815.207396453017
4835,19860.111691423244
4836,19927.671143038493
4837,19972.535052199022
4838,20002.957610700505
4839,20006.800070505255
4840,20004.516587268256
4841,19992.13311795376
4842,19928.949894693254
4843,19858.875427650262
4844,19856.457548504743
4845,19892.959913844497
4846,19884.24566166176
4847,19868.722191684017
4848,19859.348982638
4849,19840.410441721247
4850,19838.655913115734
4851,19838.899576940745
4852,19843.185274153995
4853,19855.313927245235
4854,19821.49571730574
4855,19806.567569342005
4856,19845.92595234202
4857,19880.334241332494
4858,19903.08215745151
4859,19926.56823018352
4860,19940.720140111014
4861,19951.801940425732
4862,19958.77829854201
4863,19962.989609944525
4864,20012.265896695488
4865,20028.389270226515
4866,20004.93817183252
4867,19932.652905713272
4868,19949.22102514077
4869,19997.300034836004
4870,19988.813487485768
4871,19945.748753081763
4872,19927.817812506237
4873,19913.93305382899
4874,19919.750889219747
4875,19914.50417857973
4876,19924.752929770748
4877,19967.501481883475
4878,19985.335215165727
4879,20020.386121643754
4880,20175.713971969504
4881,20268.763278914015
4882,20359.622553207504
4883,20432.552597804497
4884,20506.16482294024
4885,20584.35774170098
4886,20611.034609243234
4887,20610.814400114512
4888,20571.63860782449
4889,20480.055918600505
4890,20378.84472752226
4891,20126.026101214724
4892,20122.07625307501
4893,20129.09266134125
4894,20110.76956317426
4895,20073.29197674326
4896,20041.303378206485
4897,20047.341527350767
4898,20049.240127608227
4899,20054.02822687027
4900,20072.863117798737
4901,20114.39367105874
4902,20115.392607698268
4903,20125.899427052485
4904,20298.270393875
4905,20410.40408982451
4906,20551.923295312772
4907,20684.20188754625
4908,20756.547229331503
4909,20760.359559154487
4910,20770.068417836996
4911,20749.929311673975
4912,20683.144024243007
4913,20561.185738678498
4914,20447.22192339002
4915,20219.52450000901
4916,20226.53316202949
4917,20232.546529068986
4918,20210.1754041725
4919,20181.402775982235
4920,20120.53963655102
4921,20109.97456276477
4922,20110.01800513375
4923,20110.2086768735
4924,20125.02086389748
4925,20153.51764587924
4926,20154.622902769763
4927,20184.960305784254
4928,20393.704777402254
4929,20505.961081954018
4930,20627.276330720226
4931,20721.50701244976
4932,20780.32285007627
4933,20820.849731506
4934,20831.17610244975
4935,20782.730017476246
4936,20663.996602948246
4937,20526.99826914325
4938,20442.524933024248
4939,20293.10436380775
4940,20297.029926925
4941,20320.19199805052
4942,20308.250311687007
4943,20264.516052670246
4944,20237.419100066254
4945,20240.39225180602
4946,20243.12972878401
4947,20247.59503663626
4948,20265.217592905246
4949,20301.449289702265
4950,20304.732504162
4951,20296.527272532236
4952,20470.207928125525
4953,20554.908727984504
4954,20646.489619327505
4955,20686.818663418246
4956,20694.041628555027
4957,20715.460622123723
4958,20725.731765918485
4959,20720.54194779576
4960,20700.421404232013
4961,20622.69824311598
4962,20518.661510586247
4963,20383.220808333506
4964,20364.406435160014
4965,20358.966805396496
4966,20326.86297739574
4967,20273.874906871006
4968,20272.743056458246
4969,20275.518592021243
4970,20269.067327576748
4971,20267.96664203226
4972,20285.05618526875
4973,20326.715713936017
4974,20338.905850997755
4975,20341.23192474475
4976,20512.418746862484
4977,20603.43469613024
4978,20696.917003509006
4979,20748.840612606487
4980,20784.115250441246
4981,20821.91542388802
4982,20839.71225930449
4983,20859.09497094824
4984,20821.113973757736
4985,20725.668213304765
4986,20602.840508681267
4987,20458.946526008745
4988,20448.474317580258
4989,20452.96054514152
4990,20408.526436511245
4991,20348.997962959256
4992,20336.895154367503
4993,20346.252461739252
4994,20314.534385608986
4995,20309.35482493975
4996,20301.18951577099
4997,20302.16179724698
4998,20298.741097677506
4999,20281.296985738027
5000,20373.819598896735
5001,20449.520112366255
5002,20553.644726488765
5003,20608.575696522756
5004,20655.173887644753
5005,20651.592113942013
5006,20654.970634502242
5007,20674.205795536247
5008,20702.396066415266
5009,20717.790611340493
5010,20685.9481868975
5011,20593.74852967075
5012,20595.75027299951
5013,20605.64142764624
5014,20572.48118357801
5015,20530.945068867975
5016,20511.341585253485
5017,20477.88020755051
5018,20454.737594457743
5019,20434.722384347497
5020,20431.366403571756
5021,20433.47988187726
5022,20408.73254871425
5023,20394.538491806263
5024,20465.113565836524
5025,20545.758292473518
5026,20623.37249339076
5027,20667.42904929574
5028,20701.63035272749
5029,20733.51462024825
5030,20774.171513245758
5031,20804.950794938755
5032,20814.700681585517
5033,20793.14230550526
5034,20734.640867499747
5035,20638.44310536576
5036,20639.933973838473
5037,20673.671375621016
5038,20626.40162876475
5039,20582.21176202126
5040,20560.260118330007
5041,20548.798908046756
5042,20561.55003410047
5043,20565.789617840484
5044,20571.138958218013
5045,20605.524399695758
5046,20617.065103429988
5047,20627.05705918823
5048,20806.465382527742
5049,20934.95425422176
5050,21029.576232510746
5051,21114.403239746276
5052,21187.7126269415
5053,21187.428269968248
5054,21163.41578446225
5055,21135.03170165202
5056,21118.326776242262
5057,21017.48996978525
5058,20873.136138510497
5059,20741.48220375402
5060,20728.448977968004
5061,20751.873129973494
5062,20719.939764880502
5063,20676.565491113735
5064,20665.78374398376
5065,20659.98695699799
5066,20652.17297495949
5067,20642.57585611551
5068,20650.26085712001
5069,20684.081856509216
5070,20686.115544076514
5071,20677.052641409766
5072,20866.14785972349
5073,21022.078164165494
5074,21129.635617366494
5075,21191.50466769847
5076,21213.821099504
5077,21235.78591134226
5078,21260.268663350485
5079,21246.88549130375
5080,21189.92795507026
5081,21093.26823066575
5082,21029.981611036237
5083,20857.119079341504
5084,20856.399331856504
5085,20880.026744168037
5086,20841.619236470004
5087,20776.27683619824
5088,20781.213710797274
5089,20780.89782469775
5090,20781.532543030502
5091,20788.484508254267
5092,20802.688283372005
5093,20844.64997427577
5094,20867.858670092486
5095,20878.35809211027
5096,21037.70549596174
5097,21117.76798776276
5098,21194.955163606763
5099,21276.835008373255
5100,21380.468939060982
5101,21456.962951586484
5102,21465.414905043985
5103,21443.62917478551
5104,21354.704403682987
5105,21214.225238922736
5106,21120.48606020474
5107,20943.971468472002
5108,20954.67208972075
5109,20980.21941956999
5110,20974.11958604978
5111,20908.26673021276
5112,20905.62778011849
5113,20907.563116372257
5114,20912.4925602685
5115,20918.90748554003
5116,20941.165929153733
5117,20974.9442180785
5118,20993.687680502255
5119,20971.08468621349
5120,21132.904582136496
5121,21194.130787195252
5122,21238.234032890254
5123,21262.851477977252
5124,21273.85743076199
5125,21293.39775138352
5126,21303.96852322677
5127,21311.367742685226
5128,21305.832433328986
5129,21227.323651365758
5130,21169.527765912742
5131,21045.472657389746
5132,21060.28231847076
5133,21088.330103281998
5134,21044.108504817523
5135,20971.39590114901
5136,20969.33185275525
5137,20966.920823417495
5138,20958.59813580274
5139,20974.260636744515
5140,21023.971887513744
5141,21076.923737657013
5142,21101.285287342722
5143,21086.33356862325
5144,21235.227026188495
5145,21303.212663551523
5146,21357.79092583926
5147,21397.970272154005
5148,21450.873280917513
5149,21533.60463332126
5150,21587.659891891748
5151,21570.819761583487
5152,21519.653882065504
5153,21417.364739290748
5154,21335.979288903512
5155,21158.545838458485
5156,21172.86323580199
5157,21195.845241767238
5158,21167.008284666244
5159,21121.48379766999
5160,21101.667478019244
5161,21115.843572692986
5162,21093.752370615744
5163,21094.627374215765
5164,21101.40365114775
5165,21109.634899518474
5166,21114.25731993223
5167,21075.68216140425
5168,21124.81980535553
5169,21199.218878316984
5170,21267.373491519516
5171,21351.06466612126
5172,21450.01971199874
5173,21499.915357484515
5174,21528.040424979008
5175,21572.287183343986
5176,21582.476670908258
5177,21584.82020184124
5178,21531.121725594487
5179,21325.105672415753
5180,21334.198217623485
5181,21356.160528893477
5182,21315.99331858374
5183,21289.08847025449
5184,21270.699420407505
5185,21203.52880620199
5186,21200.411764125023
5187,21194.49557428702
5188,21197.275943715256
5189,21207.88111801952
5190,21194.552484417767
5191,21156.260028632
5192,21226.709826809514
5193,21268.36396304125
5194,21299.815953586516
5195,21348.147041226734
5196,21398.51847832327
5197,21464.760563173495
5198,21511.934302538004
5199,21512.099670119256
5200,21504.910150430762
5201,21505.209737057503
5202,21448.6918383215
5203,21305.570098555516
5204,21323.97530217824
5205,21368.18225758952
5206,21350.66639494352
5207,21291.078967542508
5208,21280.940427027992
5209,21278.97251482101
5210,21297.924897004224
5211,21303.94539809025
5212,21325.026876674234
5213,21365.248344689746
5214,21391.629579164724
5215,21381.794712544746
5216,21555.706512437988
5217,21641.219137908265
5218,21717.123208202745
5219,21774.71700855299
5220,21832.513894838252
5221,21919.326614277492
5222,21972.37225165603
5223,21915.83997356149
5224,21798.08905341025
5225,21654.16225919125
5226,21570.03454147951
5227,21437.462256343002
5228,21455.57684122349
5229,21480.650551638733
5230,21452.58875483076
5231,21386.638474931246
5232,21386.290211664516
5233,21389.13010165599
5234,21394.034024044005
5235,21400.141793573992
5236,21419.668837312965
5237,21454.723913329977
5238,21477.88313735524
5239,21473.723411050254
5240,21639.893796315493
5241,21718.166235993507
5242,21794.36963950725
5243,21843.177456727764
5244,21872.52303536548
5245,21899.742254664005
5246,21906.7676462345
5247,21873.787440542994
5248,21813.587646023996
5249,21719.835973901772
5250,21604.518988645978
5251,21484.32522412624
5252,21489.667131527014
5253,21528.010675662517
5254,21505.509664151243
5255,21484.134412804502
5256,21482.49867749074
5257,21485.1045912365
5258,21489.483365560514
5259,21491.678142344266
5260,21493.959422450003
5261,21548.094890336746
5262,21581.440960279484
5263,21571.92102093951
5264,21734.49960871023
5265,21827.0774508935
5266,21914.735951036753
5267,21972.926901152725
5268,22050.962169531525
5269,22125.501907741225
5270,22121.946424357488
5271,22071.798993276272
5272,22062.180710716493
5273,21994.284038239242
5274,21874.31732376651
5275,21645.508739115
5276,21657.168792221248
5277,21680.823577265735
5278,21650.11496973975
5279,21625.35831606925
5280,21581.600487145737
5281,21584.540695036754
5282,21587.62831221975
5283,21593.31095969424
5284,21611.891971265002
5285,21652.200256880235
5286,21692.161726991264
5287,21658.996128088256
5288,21855.57186932226
5289,21980.153073709516
5290,22076.29722945151
5291,22135.564008226233
5292,22229.761516603994
5293,22328.01723325275
5294,22379.08717588826
5295,22367.610826912987
5296,22166.996474319985
5297,21936.233571767025
5298,21826.693015263496
5299,21700.19344151049
5300,21696.471891142497
5301,21722.960753096253
5302,21698.368310351012
5303,21674.349634875256
5304,21673.577096305256
5305,21679.113349075993
5306,21681.816510139008
5307,21686.565610877988
5308,21691.967963734973
5309,21717.064549224742
5310,21760.24427268626
5311,21720.807128142485
5312,21895.990816421778
5313,22009.95915753449
5314,22115.87584908676
5315,22203.69318167751
5316,22278.984540488753
5317,22343.622032497013
5318,22383.78173404625
5319,22367.18881795675
5320,22330.53997063827
5321,22237.1699045615
5322,22147.564932842975
5323,21875.854314650733
5324,21865.150125333737
5325,21876.734622850767
5326,21840.018385614738
5327,21791.22179947227
5328,21773.069763267253
5329,21788.32787861324
5330,21764.76622893101
5331,21763.12352135377
5332,21765.531335387754
5333,21772.10092141248
5334,21790.099489265984
5335,21744.87444387326
5336,21800.477338766494
5337,21822.304082362778
5338,21905.095942923515
5339,21969.589551436024
5340,22032.258004590767
5341,22108.447357477744
5342,22164.250252240272
5343,22190.77946517999
5344,22232.036245904255
5345,22212.503525658267
5346,22155.611153341
5347,21958.86685516123
5348,21969.054253562237
5349,21986.716860711233
5350,21954.216852135774
5351,21932.790480863237
5352,21891.107853522495
5353,21859.182171748245
5354,21859.738524448752
5355,21856.431439763743
5356,21860.750726312734
5357,21871.180727015002
5358,21875.569739033494
5359,21823.816928431763
5360,21861.897413564257
5361,21937.827965040266
5362,22024.86179969576
5363,22103.971762528017
5364,22180.535704928243
5365,22277.521894725764
5366,22329.077255856493
5367,22284.50473740324
5368,22303.72382618777
5369,22333.52629617148
5370,22273.90503519448
5371,22020.826908527506
5372,22020.133841825267
5373,22045.638246685252
5374,22023.902652227025
5375,21996.704917372263
5376,21954.285918911028
5377,21949.463197981753
5378,21970.969731350993
5379,21975.93612058226
5380,21997.590710583754
5381,22033.740824554985
5382,22077.661110512483
5383,22044.104184852262
5384,22217.832728794492
5385,22327.628720367506
5386,22486.614884509487
5387,22656.910420095002
5388,22719.63915085501
5389,22728.043551242517
5390,22737.58131640801
5391,22741.852325634492
5392,22715.908983540005
5393,22647.694057410507
5394,22538.204592024507
5395,22200.863470130513
5396,22187.277698600017
5397,22179.710591406016
5398,22133.601902012746
5399,22104.012661063516
5400,22061.448880442742
5401,22065.000854606737
5402,22065.749523296232
5403,22071.952558229998
5404,22090.734970506222
5405,22130.084672695248
5406,22169.669713594263
5407,22139.96049930151
5408,22311.39699668625
5409,22418.462425122772
5410,22566.979123191493
5411,22710.185189610274
5412,22789.607631741517
5413,22807.247335477765
5414,22808.016823491267
5415,22772.038844713774
5416,22683.32089285225
5417,22555.570007038972
5418,22446.93708227425
5419,22232.1064189665
5420,22243.486076676025
5421,22251.657031720733
5422,22216.2152942225
5423,22163.922463034254
5424,22155.659694970745
5425,22158.802553779515
5426,22163.399001335772
5427,22167.850243965255
5428,22188.670899970002
5429,22228.250865346985
5430,22270.71122513001
5431,22239.662407316
5432,22426.14404762377
5433,22510.738677287743
5434,22607.828900784512
5435,22686.88122668026
5436,22793.115958079743
5437,22885.90371236826
5438,22907.721010018995
5439,22873.969991786988
5440,22747.680492394753
5441,22569.625363466235
5442,22450.842953052987
5443,22295.219529521753
5444,22300.519324108755
5445,22322.44125425524
5446,22294.275899274744
5447,22262.688013089497
5448,22254.132469959754
5449,22254.305925404755
5450,22258.815207821473
5451,22264.33511384227
5452,22287.387766034248
5453,22322.55714872925
5454,22370.724241970995
5455,22336.88801050223
5456,22511.410991877503
5457,22603.426271276752
5458,22693.28883585875
5459,22748.959748755256
5460,22802.93878309202
5461,22880.04921728401
5462,22931.242573253494
5463,22919.85133589049
5464,22888.86565381775
5465,22690.083874965498
5466,22523.572432627512
5467,22388.753477518232
5468,22390.023815037497
5469,22403.657713949746
5470,22377.930501707495
5471,22350.77771376273
5472,22351.934955708253
5473,22354.426044374995
5474,22357.675262761994
5475,22361.777480384477
5476,22381.492236860995
5477,22424.084686015736
5478,22465.746651321748
5479,22439.498377606735
5480,22608.366249230996
5481,22687.848926609993
5482,22746.787759886265
5483,22778.243874240234
5484,22807.839338798272
5485,22869.909359375026
5486,22910.349060188746
5487,22926.740005258252
5488,22935.19653495026
5489,22847.364812581243
5490,22722.26002959252
5491,22527.030739922502
5492,22545.931516924007
5493,22542.296488254502
5494,22499.564142129017
5495,22445.081222337743
5496,22443.26000593549
5497,22460.247133322482
5498,22437.16958292751
5499,22433.599988829497
5500,22438.16262090653
5501,22445.362486009977
5502,22476.20566258374
5503,22422.10655477974
5504,22475.93055166925
5505,22484.733179967014
5506,22531.914508858023
5507,22599.918177197018
5508,22640.009038440003
5509,22671.50889044975
5510,22693.5761947115
5511,22730.66330606751
5512,22763.70524126949
5513,22783.47471007925
5514,22723.057737457766
5515,22588.64356961124
5516,22625.72207232001
5517,22637.994144807777
5518,22613.896734871007
5519,22561.439857254518
5520,22549.964316642014
5521,22528.145157941257
5522,22524.881665085002
5523,22506.772862827493
5524,22497.571830604524
5525,22505.855916076984
5526,22503.06208757625
5527,22458.580197088522
5528,22535.083985785273
5529,22569.272212516025
5530,22629.515392637495
5531,22680.717904473764
5532,22711.23244538652
5533,22758.108506759483
5534,22813.958457527246
5535,22843.077350445514
5536,22856.21260738276
5537,22856.609031565506
5538,22795.179301532513
5539,22659.794939585485
5540,22697.091957981265
5541,22716.122391914756
5542,22677.888968585004
5543,22638.200493151
5544,22625.487833271996
5545,22621.649325604012
5546,22644.85239308952
5547,22648.293275213735
5548,22669.809971467246
5549,22710.941652238267
5550,22754.13094078547
5551,22727.38497428799
5552,22904.367532181008
5553,22981.215209509504
5554,23046.072734845744
5555,23078.9408406565
5556,23104.477069958728
5557,23139.86591116476
5558,23150.80748990351
5559,23110.156584919238
5560,23035.211656202504
5561,22931.17671148049
5562,22810.0414616205
5563,22746.217065828765
5564,22766.27668825476
5565,22777.99554766326
5566,22759.461861724765
5567,22731.64140460976
5568,22730.764087410495
5569,22733.743720100247
5570,22738.489185481983
5571,22742.823114639006
5572,22747.008001874266
5573,22792.02446528348
5574,22839.37919502275
5575,22813.39715405875
5576,22973.196151862725
5577,23044.735712715225
5578,23097.834941225767
5579,23127.705058814245
5580,23169.0902954875
5581,23206.53015111647
5582,23217.84288879801
5583,23182.068617172026
5584,23112.762162836974
5585,23029.148108227746
5586,22944.00817379147
5587,22837.186789145508
5588,22860.558034340982
5589,22838.234972518763
5590,22772.34295005748
5591,22736.5388957935
5592,22720.49409698478
5593,22713.563903175498
5594,22717.21614913098
5595,22722.423418678492
5596,22743.700394575997
5597,22770.07668915252
5598,22817.679600143252
5599,22784.11820666025
5600,22950.350989504244
5601,23061.963620347255
5602,23164.985979795973
5603,23240.800695160742
5604,23269.924545177524
5605,23304.40542251276
5606,23327.980729937008
5607,23305.043297436012
5608,23270.51957531451
5609,23192.777638110743
5610,23095.596494519992
5611,22947.97494816775
5612,22961.206066459723
5613,22955.374354399253
5614,22908.150350748503
5615,22844.96163530376
5616,22830.894317167258
5617,22822.214554369013
5618,22818.62490936798
5619,22816.430367721256
5620,22837.46839538047
5621,22868.841124846742
5622,22907.960920693025
5623,22883.25967155425
5624,23027.139844508238
5625,23146.360778983235
5626,23247.08895953775
5627,23335.99672309876
5628,23395.66721436249
5629,23450.31256451276
5630,23470.053691615733
5631,23440.072986171508
5632,23386.893256281983
5633,23299.662919672246
5634,23209.109568568016
5635,23064.028485837964
5636,23098.107636440767
5637,23082.89456635748
5638,23022.061706702993
5639,22994.71635642225
5640,22992.002383558243
5641,22994.606525235973
5642,22999.5866371265
5643,23000.602142131997
5644,23015.956744472725
5645,23048.86216559125
5646,23098.802429567022
5647,23067.38503202825
5648,23194.40408527825
5649,23258.257996621724
5650,23310.64919116699
5651,23349.913568986758
5652,23378.347128431476
5653,23399.3718844395
5654,23404.737081680265
5655,23380.272293643982
5656,23319.756742519254
5657,23240.97110970024
5658,23179.392366625278
5659,23115.63063669124
5660,23155.24556622126
5661,23151.75678986199
5662,23132.565425931985
5663,23112.199854425005
5664,23112.059177001498
5665,23122.11081778276
5666,23106.445894047763
5667,23107.344646420494
5668,23111.742375346752
5669,23118.670382853754
5670,23149.587050219758
5671,23098.92863748476
5672,23134.061700747
5673,23145.199806250508
5674,23168.397720930265
5675,23203.68177107553
5676,23274.42398987374
5677,23314.779734452506
5678,23355.91566426173
5679,23394.900395575976
5680,23447.70662861477
5681,23493.065646632258
5682,23459.824019809228
5683,23306.385011335744
5684,23347.947458598235
5685,23323.14179697323
5686,23288.493547966253
5687,23239.095030884255
5688,23219.736108753517
5689,23203.529302087012
5690,23198.512100776752
5691,23197.635127111487
5692,23204.118018728732
5693,23214.293317568998
5694,23218.325572340487
5695,23175.89814893049
5696,23199.873864135778
5697,23230.58507964301
5698,23274.190220160777
5699,23365.879250262245
5700,23439.00434345599
5701,23529.622828905023
5702,23610.712013329503
5703,23688.548146160738
5704,23670.625276510484
5705,23534.52465843275
5706,23393.916157281248
5707,23307.112755837763
5708,23351.55402813576
5709,23369.410510230267
5710,23351.6592470025
5711,23324.444054014242
5712,23313.785398507487
5713,23314.85081349751
5714,23397.638418456263
5715,23411.525665632507
5716,23439.932587430754
5717,23473.901658999253
5718,23527.263971775494
5719,23528.494092630976
5720,23746.537870597007
5721,23843.998669736262
5722,23915.80991140198
5723,23946.833661799235
5724,24006.337115244496
5725,24091.720582740985
5726,24146.895098324505
5727,24136.35772980699
5728,24102.40941964325
5729,24028.013499394256
5730,23893.26302386251
5731,23617.84199190125
5732,23655.262569394014
5733,23643.990148090765
5734,23606.690495155737
5735,23572.75776500527
5736,23566.907323815023
5737,23567.126747612758
5738,23526.62370667923
5739,23492.03388817298
5740,23494.905154166998
5741,23544.697011142252
5742,23634.978557574497
5743,23668.787351258972
5744,23808.974494122245
5745,23939.026741985756
5746,24129.555751065756
5747,24231.021202777003
5748,24262.306972225997
5749,24276.983540764257
5750,24290.27719759276
5751,24248.060496762493
5752,24158.074626329497
5753,23921.10852560174
5754,23731.530030977763
5755,23574.97342941376
5756,23598.574118610726
5757,23608.176416466995
5758,23583.154459718266
5759,23557.011139385257
5760,23558.21199224576
5761,23557.119722160507
5762,23561.9913735145
5763,23566.18323714373
5764,23588.233937048735
5765,23630.879007863008
5766,23694.832071964
5767,23690.190208147756
5768,23806.095697267996
5769,23879.068899238013
5770,23930.641137750736
5771,23966.158249870492
5772,24004.580458778495
5773,24052.129391338265
5774,24078.728119933734
5775,24049.360939900263
5776,23995.702524036493
5777,23925.515295532743
5778,23827.295144008523
5779,23683.894187322996
5780,23692.498758720256
5781,23693.142437303748
5782,23659.143488614984
5783,23598.94259499602
5784,23581.612890914268
5785,23568.409528587486
5786,23566.562488680767
5787,23561.270618118735
5788,23569.714386988733
5789,23602.40643610724
5790,23675.200707666743
5791,23703.204312556743
5792,23854.260469086767
5793,23959.530123715744
5794,24056.460109227264
5795,24107.915596247985
5796,24146.7828969465
5797,24174.453538633246
5798,24194.948851253503
5799,24206.3476452365
5800,24185.670459567737
5801,24087.587899791753
5802,23976.782430266485
5803,23818.407194162515
5804,23830.18926629376
5805,23825.81755211449
5806,23755.26478321051
5807,23688.11877312802
5808,23674.286722478748
5809,23663.833421885007
5810,23661.158074970484
5811,23660.688769612734
5812,23685.68876284749
5813,23743.89897145826
5814,23810.060529356506
5815,23825.62842043376
5816,23956.35328168275
5817,24056.477193425002
5818,24181.41680268152
5819,24259.321663246486
5820,24337.83939833925
5821,24406.134246792004
5822,24453.65847590525
5823,24453.971136607754
5824,24396.000016984268
5825,24309.071187977257
5826,24182.903113364988
5827,23939.206441345228
5828,23961.174040470258
5829,23961.244382792276
5830,23921.44152805949
5831,23893.037494865006
5832,23879.56909767924
5833,23862.968862452977
5834,23788.26082813497
5835,23785.04582206799
5836,23794.641647628767
5837,23803.10909222801
5838,23834.802594344994
5839,23795.194734099525
5840,23823.16055998351
5841,23844.520414808263
5842,23879.316808720243
5843,23921.351316407763
5844,23953.315390137475
5845,23970.075163877736
5846,24005.867708814225
5847,24048.09267291999
5848,24081.525033606016
5849,24098.427571454242
5850,24084.019024637488
5851,24059.163860313238
5852,24059.630187468007
5853,24028.105633671246
5854,23942.79120481849
5855,23928.72810595476
5856,23914.400533599746
5857,23893.775632903235
5858,23865.79561432051
5859,23866.48446308675
5860,23873.38375487777
5861,23881.13980450423
5862,23896.85012008425
5863,23856.23666515676
5864,23875.50222930027
5865,23907.456414319753
5866,23935.865127220986
5867,24007.364753314258
5868,24047.041237654747
5869,24080.664331366752
5870,24132.700395221767
5871,24175.76523554151
5872,24187.193993214754
5873,24124.22595543626
5874,24037.610302504985
5875,23961.057711732014
5876,24013.56183425174
5877,24012.149361988006
5878,23996.082594316522
5879,23976.208445500262
5880,23963.74174124299
5881,23960.986875215738
5882,24041.976845505003
5883,24049.08284354775
5884,24072.195852657507
5885,24123.571105527764
5886,24198.662201867995
5887,24262.010492207024
5888,24375.576510772265
5889,24497.464112962723
5890,24599.478247235525
5891,24652.009773494472
5892,24702.147496120757
5893,24723.996414256246
5894,24729.179661852264
5895,24689.949381266233
5896,24548.836230959987
5897,24433.348745172738
5898,24333.854004415032
5899,24250.14014424352
5900,24269.99109979501
5901,24249.627187611244
5902,24172.070429796764
5903,24143.917574694253
5904,24142.140213244278
5905,24143.001254042236
5906,24147.243559685987
5907,24153.566035316016
5908,24177.661789006994
5909,24227.075241836
5910,24299.624807202985
5911,24418.73780472897
5912,24574.773871721765
5913,24735.31166138878
5914,24857.981504201773
5915,24992.25734016647
5916,25138.41152801025
5917,25213.858800507023
5918,25200.26106745452
5919,25123.718879340737
5920,25006.930539889738
5921,24874.614770843753
5922,24756.186649908745
5923,24617.931961318758
5924,24544.638994474262
5925,24460.284096438492
5926,24315.36981260077
5927,24300.297188388504
5928,24293.93002096627
5929,24296.121091750745
5930,24296.231512288767
5931,24305.166503963766
5932,24327.001080685266
5933,24381.382567443263
5934,24454.713392500984
5935,24659.941419181498
5936,24757.82357891199
5937,24843.272506955975
5938,24910.05634276023
5939,24928.837293293498
5940,24932.066535781752
5941,24901.96374159577
5942,24880.88347469624
5943,24846.156784544004
5944,24709.37053520401
5945,24576.549471682247
5946,24486.38930381824
5947,24407.367352868503
5948,24428.198922404747
5949,24416.855422743236
5950,24350.490957882248
5951,24324.30849799699
5952,24322.662393468243
5953,24324.29359443726
5954,24327.25135160402
5955,24330.885151589733
5956,24338.16374364749
5957,24377.867113390486
5958,24443.414843690236
5959,24485.562430275757
5960,24545.19467154425
5961,24626.243494408252
5962,24736.187539317267
5963,24853.231885684254
5964,24929.125964017505
5965,24984.777706836256
5966,24989.266629604997
5967,24946.392036975736
5968,24870.946362881008
5969,24758.466528974484
5970,24627.661636403984
5971,24488.216972537768
5972,24472.310019921777
5973,24428.47645708652
5974,24347.17087631325
5975,24307.861806441262
5976,24294.50903550976
5977,24287.436005551757
5978,24286.583556803256
5979,24274.852162671003
5980,24271.98087670898
5981,24326.197486510722
5982,24402.69234405176
5983,24490.97153545747
5984,24564.13120407423
5985,24663.180529876474
5986,24782.65305229376
5987,24858.88278522076
5988,24918.333108262752
5989,24932.890183635238
5990,24916.75938167176
5991,24844.83071656601
5992,24779.840035215242
5993,24699.648528478487
5994,24612.549211475256
5995,24522.91883986698
5996,24543.456572300747
5997,24515.812320164012
5998,24427.73493881123
5999,24392.42681136376
6000,24382.544131224273
6001,24395.478762723502
6002,24319.860611322492
6003,24316.953084086763
6004,24324.0766348275
6005,24331.91618244424
6006,24369.93986924374
6007,24373.206673297525
6008,24406.866839135015
6009,24436.334998011745
6010,24483.727070909008
6011,24523.31829685402
6012,24562.451586316733
6013,24593.49750752353
6014,24631.01350414326
6015,24634.294295673237
6016,24631.444426681745
6017,24620.04632781676
6018,24580.346412956245
6019,24566.242244269488
6020,24603.821205831257
6021,24540.968753346235
6022,24502.278980868512
6023,24468.49179677601
6024,24437.554695284744
6025,24407.94343069676
6026,24388.42813571575
6027,24379.282770026268
6028,24363.67536124826
6029,24372.21401920002
6030,24387.998983075995
6031,24385.1476371855
6032,24382.351306024757
6033,24454.886483369228
6034,24501.706237236773
6035,24540.232664693718
6036,24591.064663415505
6037,24635.82642572575
6038,24660.559192933997
6039,24679.91493269902
6040,24676.235089347756
6041,24654.79890365
6042,24614.617052239744
6043,24584.962842849243
6044,24611.22721608324
6045,24590.492566222485
6046,24517.778731044506
6047,24477.145409700734
6048,24453.631906834737
6049,24448.901016845768
6050,24530.983627687496
6051,24538.342706817733
6052,24559.44096127574
6053,24613.803634170225
6054,24688.987121828264
6055,24735.634152410494
6056,24795.034066415006
6057,24895.434062217773
6058,25017.662969737754
6059,25103.27605951528
6060,25187.94752620799
6061,25239.376728955747
6062,25251.435472287252
6063,25225.370180263984
6064,25125.02474197624
6065,25028.306368942747
6066,24946.315002064257
6067,24831.790286621006
6068,24819.022667596757
6069,24764.411177810744
6070,24681.08915135302
6071,24654.658726102993
6072,24655.15458881452
6073,24646.04103458051
6074,24625.914940927
6075,24656.233146874012
6076,24718.647328452742
6077,24799.001908003745
6078,24867.40417690374
6079,24931.97758030726
6080,24992.354511579764
6081,25107.557893560268
6082,25236.316536660746
6083,25350.45610602602
6084,25461.866720370745
6085,25504.74066979003
6086,25510.496505728242
6087,25470.035672016988
6088,25371.308377633984
6089,25271.497046619752
6090,25153.982794311018
6091,25027.39309586973
6092,25017.45680251776
6093,24958.9817118895
6094,24867.09019017126
6095,24830.31436470875
6096,24840.05811385099
6097,24844.277486004226
6098,24837.28835691927
6099,24832.528994050237
6100,24849.75568720649
6101,24871.845100727238
6102,24956.686618973254
6103,25043.793258876252
6104,25114.99646336127
6105,25241.951246837016
6106,25406.57363346474
6107,25531.003026378243
6108,25598.661702695004
6109,25637.678744798995
6110,25661.083356271476
6111,25649.56028985002
6112,25592.862062080527
6113,25472.259554389486
6114,25334.340212242514
6115,25206.597922872745
6116,25177.70360678299
6117,25095.705734383017
6118,25004.401076545266
6119,24971.035166749003
6120,24940.927196509252
6121,24919.115088937
6122,24917.41387888674
6123,24903.6461049415
6124,24914.089091830472
6125,24958.825915656
6126,25033.3742904775
6127,25108.40977079977
6128,25203.60833251801
6129,25363.230956349777
6130,25525.904560448518
6131,25643.766894233995
6132,25711.70966131523
6133,25735.30931421527
6134,25746.91844181404
6135,25728.5199362205
6136,25677.760271622
6137,25560.429732902747
6138,25419.849246327256
6139,25282.60766424602
6140,25263.78992869349
6141,25201.609491126754
6142,25108.174144284756
6143,25070.638967597763
6144,25045.88995854399
6145,25032.71140579301
6146,25028.573484474513
6147,25028.06801224225
6148,25030.679200168746
6149,25077.10359950126
6150,25152.664064040735
6151,25234.84995369202
6152,25313.309880797522
6153,25494.32646518175
6154,25671.06242318998
6155,25803.251476499245
6156,25883.200883782498
6157,25946.33583602726
6158,25961.04200080449
6159,25958.155499842742
6160,25875.15057467174
6161,25782.46513406974
6162,25655.507322488007
6163,25463.46510889701
6164,25399.738512413478
6165,25319.62848131553
6166,25215.729034638498
6167,25191.007634984508
6168,25190.917512643242
6169,25202.54962546699
6170,25120.50979811074
6171,25106.494186062777
6172,25109.666278646502
6173,25115.985590765984
6174,25141.96423421551
6175,25127.39035531928
6176,25156.412353216496
6177,25193.365512564513
6178,25266.41408794651
6179,25324.337854535497
6180,25380.225420330247
6181,25446.605876484016
6182,25493.822172403743
6183,25537.816450559258
6184,25587.024869272747
6185,25571.245987829265
6186,25551.58322762801
6187,25466.627313242996
6188,25431.287767967005
6189,25369.94600870675
6190,25276.931074560514
6191,25262.794384361518
6192,25246.318301978732
6193,25221.66981063975
6194,25201.09729869648
6195,25182.105129471765
6196,25173.914373794
6197,25172.05712281926
6198,25169.524100977003
6199,25142.33160452425
6200,25136.369008102512
6201,25212.447683812003
6202,25259.263943771497
6203,25307.359891365497
6204,25353.824843588984
6205,25418.266821696518
6206,25458.93461809226
6207,25518.240066694765
6208,25565.30579397601
6209,25561.81864921126
6210,25513.095353133514
6211,25447.764238408523
6212,25453.710432266762
6213,25424.65902349225
6214,25347.736158167016
6215,25320.537287749514
6216,25303.956692792734
6217,25301.9274100045
6218,25386.76712095598
6219,25391.293307320724
6220,25408.770311171993
6221,25454.032889878246
6222,25536.647238081485
6223,25651.842748315732
6224,25771.004246109263
6225,25937.879061418975
6226,26113.495515336977
6227,26180.487683600004
6228,26262.61405582401
6229,26311.2552511235
6230,26313.238221150503
6231,26298.116842944502
6232,26208.873428095238
6233,26112.86901692101
6234,25999.77733696248
6235,25798.11930439175
6236,25702.93694017925
6237,25620.087466343266
6238,25505.713657679516
6239,25516.37924163474
6240,25475.16996289828
6241,25475.684438587472
6242,25478.85532299224
6243,25485.15972851573
6244,25506.0779162995
6245,25546.429516904755
6246,25639.43586295253
6247,25779.034084278253
6248,25885.724822369255
6249,25988.86178882901
6250,26069.520909171497
6251,26095.965871425975
6252,26111.92278808875
6253,26067.55274458749
6254,26038.91224158
6255,26008.675808082247
6256,25882.411099893237
6257,25784.610000972505
6258,25714.286683255516
6259,25659.396827131237
6260,25680.47053106899
6261,25655.571317722515
6262,25584.950498748985
6263,25543.79320381076
6264,25541.545114004264
6265,25546.44047528049
6266,25540.533561676737
6267,25537.26584219777
6268,25574.308176723982
6269,25580.870705558238
6270,25666.416126963508
6271,25782.833733347983
6272,25860.311877495245
6273,25962.078664372744
6274,26060.215108143253
6275,26116.6183698425
6276,26181.254270267244
6277,26164.112974772757
6278,26138.474555702494
6279,26087.294432819515
6280,25988.929392629507
6281,25905.519622824257
6282,25825.764632699986
6283,25766.063434535252
6284,25785.394975385014
6285,25727.333663079262
6286,25657.77091361875
6287,25625.110512733765
6288,25631.89440131025
6289,25629.5354821635
6290,25631.666982563274
6291,25639.78724290274
6292,25663.59426981649
6293,25718.03687265048
6294,25812.64495827826
6295,25934.351352319492
6296,25999.678984588
6297,26120.404812891993
6298,26218.174938439766
6299,26285.068669961245
6300,26353.025662147502
6301,26325.911956375472
6302,26324.00374795448
6303,26367.593912342512
6304,26385.787798881756
6305,26360.353919161495
6306,26229.469217736274
6307,26091.354399940526
6308,26031.49807736301
6309,25966.138081341505
6310,25848.539863717262
6311,25850.312534612025
6312,25846.93180719726
6313,25847.685515668247
6314,25821.99180794001
6315,25775.455584658008
6316,25794.08657794999
6317,25838.28000810675
6318,25950.704191990244
6319,26127.05323856452
6320,26206.208359469267
6321,26284.895877304756
6322,26293.72298992551
6323,26282.013853609
6324,26278.363113533764
6325,26226.065374921018
6326,26185.7514179705
6327,26134.15255274802
6328,26035.463911609997
6329,25953.940169767495
6330,25883.91075422527
6331,25828.14175440648
6332,25829.636248180235
6333,25762.68044314651
6334,25732.62978866075
6335,25685.27307966651
6336,25677.0921561265
6337,25691.386887088276
6338,25617.355593393004
6339,25617.703308946002
6340,25627.22885660853
6341,25632.721011199737
6342,25665.803142632005
6343,25695.032899355232
6344,25673.24395336549
6345,25682.79745778525
6346,25745.77157108349
6347,25787.734146013758
6348,25851.940668527255
6349,25907.695196559023
6350,25919.12306765176
6351,25938.923920118996
6352,25957.343138457996
6353,25946.220240215247
6354,25907.919834773013
6355,25900.920521101507
6356,25930.008665428995
6357,25865.210233017482
6358,25817.919436719007
6359,25787.198484828008
6360,25757.586182218754
6361,25714.00615812175
6362,25696.69910122026
6363,25698.977355558272
6364,25706.736876800256
6365,25716.08232494826
6366,25732.566009044982
6367,25758.20111169098
6368,25724.497733898996
6369,25780.026471109737
6370,25825.61312881826
6371,25862.67916620126
6372,25937.34060527299
6373,25972.04182899726
6374,25995.22093160577
6375,26020.40842455525
6376,26041.36468439225
6377,26042.282280255495
6378,25989.872354722993
6379,25964.75993086704
6380,25983.84843906676
6381,25927.42384149201
6382,25885.277762497022
6383,25853.918801904994
6384,25837.139930227255
6385,25835.139467888755
6386,25929.091567187737
6387,25942.853132613018
6388,25940.719503823482
6389,25957.716748480245
6390,26048.301028514994
6391,26176.640679976772
6392,26244.745270590993
6393,26356.027818479746
6394,26464.519524039504
6395,26550.74344259824
6396,26635.34396804101
6397,26641.483093009007
6398,26627.967772100987
6399,26594.15022317124
6400,26499.272065180518
6401,26402.053458376988
6402,26295.376319809522
6403,26237.760527425
6404,26243.045475836992
6405,26226.424961713023
6406,26163.12973430777
6407,26142.419104452743
6408,26143.263282816268
6409,26147.118029706988
6410,26152.708592559007
6411,26157.111796076253
6412,26176.26626371428
6413,26218.35876125976
6414,26302.50860531851
6415,26419.185918200237
6416,26479.278624087983
6417,26597.57393403798
6418,26680.48642747225
6419,26730.054394506744
6420,26812.511145233748
6421,26812.585494631512
6422,26797.05799452824
6423,26721.675765802996
6424,26543.302602472006
6425,26407.390339191737
6426,26327.014455102522
6427,26278.565788689513
6428,26283.679124896753
6429,26196.077954663007
6430,26149.309190076754
6431,26103.259725816508
6432,26093.30471730974
6433,26069.757989089492
6434,26066.052876360747
6435,26074.90282495999
6436,26092.377549133995
6437,26137.209651350233
6438,26230.430315144764
6439,26347.6752385855
6440,26390.04893976451
6441,26491.581183037768
6442,26586.61777495126
6443,26636.634092588018
6444,26680.522161488985
6445,26671.974391655225
6446,26662.371608475743
6447,26629.477108794516
6448,26539.381659393246
6449,26448.502722223264
6450,26358.091752048265
6451,26296.71150234102
6452,26304.88008675651
6453,26253.469868307504
6454,26177.093974582516
6455,26156.420708629495
6456,26186.86084156552
6457,26197.30865021825
6458,26200.887098287483
6459,26191.738380915507
6460,26190.110381331237
6461,26232.03549081874
6462,26324.51231728475
6463,26437.412888536004
6464,26473.36500408303
6465,26575.498212649494
6466,26661.8993695135
6467,26705.508677187023
6468,26765.334960063767
6469,26747.084069368982
6470,26720.87426260677
6471,26698.550159935505
6472,26637.42191033475
6473,26550.984999125016
6474,26470.22900961599
6475,26432.28714533574
6476,26420.83298330351
6477,26385.389636618267
6478,26330.946461688258
6479,26311.154729950253
6480,26307.072000541506
6481,26302.53146902449
6482,26305.10158692048
6483,26310.276063555233
6484,26327.22515969101
6485,26371.88939193251
6486,26460.40157195152
6487,26576.12590815749
6488,26606.1081101115
6489,26655.60063629826
6490,26722.414144721504
6491,26738.89570808923
6492,26747.141459516748
6493,26713.898100572256
6494,26684.557772972992
6495,26650.376747118757
6496,26585.118664302245
6497,26534.191654169495
6498,26437.559313956994
6499,26414.964889413495
6500,26421.498094915234
6501,26408.036808855493
6502,26370.12220249774
6503,26347.443147002017
6504,26347.366754921248
6505,26364.739289446512
6506,26288.75631922399
6507,26290.211297719758
6508,26297.693618485002
6509,26305.474639192
6510,26342.993391019758
6511,26377.065884824508
6512,26350.509547325266
6513,26358.59207303775
6514,26381.753343830005
6515,26409.29588942701
6516,26430.510505482238
6517,26443.396064227014
6518,26458.687715871492
6519,26464.74879225152
6520,26472.240434047
6521,26462.665983082257
6522,26433.04182649952
6523,26475.470364927995
6524,26507.033267954233
6525,26482.411456153262
6526,26433.83646267326
6527,26420.63600585976
6528,26406.375486912268
6529,26384.247340853515
6530,26368.518083436982
6531,26371.429077598743
6532,26382.039412236274
6533,26389.393212672523
6534,26404.469129511235
6535,26438.154896997505
6536,26400.51310482274
6537,26418.81357265023
6538,26430.274557765482
6539,26446.490636049246
6540,26467.260698713497
6541,26488.963575515
6542,26518.934720573514
6543,26522.539656406007
6544,26527.557915250254
6545,26515.414501924257
6546,26468.717604357
6547,26514.52024105675
6548,26539.27498321851
6549,26531.638845389512
6550,26493.310933855988
6551,26477.003205771976
6552,26466.009447305252
6553,26463.208711324998
6554,26549.30597181923
6555,26553.365796715974
6556,26572.88713664975
6557,26616.577949015507
6558,26707.45801434101
6559,26807.795967119757
6560,26863.100938323256
6561,26937.088263800266
6562,26994.070777278986
6563,27005.88183870127
6564,27018.463846424234
6565,26993.846835266257
6566,27006.46501361649
6567,26973.905787757754
6568,26912.41647729076
6569,26862.319357089757
6570,26776.18951088298
6571,26753.470533726268
6572,26743.031639950263
6573,26724.948877185747
6574,26690.15626975075
6575,26672.55380911026
6576,26675.77267997001
6577,26675.586276416492
6578,26676.955605168245
6579,26679.481230190995
6580,26681.79482683998
6581,26709.287034467743
6582,26799.64104883749
6583,26913.84964358174
6584,26941.891438380004
6585,27025.174412918714
6586,27129.872917098495
6587,27161.615164801013
6588,27175.93464344175
6589,27142.07038584427
6590,27126.570914072996
6591,27095.833578225
6592,27028.75053613475
6593,26966.502768628485
6594,26858.306808906775
6595,26846.598714492477
6596,26845.243992234788
6597,26825.76611290473
6598,26793.986562972997
6599,26771.990881429017
6600,26773.312451134265
6601,26787.645731915487
6602,26803.572990899727
6603,26816.49041027725
6604,26844.23110956575
6605,26894.736586319763
6606,27000.83253606201
6607,27163.207686735746
6608,27205.80012945
6609,27328.361310945245
6610,27434.58016068749
6611,27517.628374044478
6612,27621.0525574755
6613,27664.481187635
6614,27681.128904129007
6615,27662.037572667232
6616,27618.889251756234
6617,27491.914451447512
6618,27294.645656775996
6619,27226.124621614756
6620,27193.067117762508
6621,27152.36465931451
6622,27060.07394551449
6623,27022.71746412076
6624,27011.35303440176
6625,27006.922891375507
6626,26967.349475084742
6627,26914.170033200244
6628,26909.92787041752
6629,26919.0790032365
6630,26995.130077844486
6631,27134.96023988826
6632,27154.381629303993
6633,27237.336619661248
6634,27308.987956789246
6635,27336.507376978258
6636,27360.32340550649
6637,27334.495631059515
6638,27339.187973675238
6639,27323.682753526726
6640,27272.391880208754
6641,27206.167092546984
6642,27112.558136303745
6643,27051.628497926733
6644,27039.390288290015
6645,27017.34895587449
6646,26951.81357551126
6647,26926.25157913301
6648,26924.965295726008
6649,26930.543444559236
6650,26931.824159912503
6651,26938.205276860735
6652,26957.980764729007
6653,27002.247185272754
6654,27094.28477606323
6655,27243.103943119477
6656,27262.625264791
6657,27349.98552324925
6658,27422.69898018272
6659,27479.388481428756
6660,27519.684938981994
6661,27520.868028379246
6662,27512.569738481223
6663,27469.865092377757
6664,27386.965385381744
6665,27317.13177949126
6666,27210.53551589677
6667,27197.161938182995
6668,27171.010219919248
6669,27146.2880331825
6670,27111.282198515495
6671,27089.277685523233
6672,27096.432320137275
6673,27111.681836861993
6674,27034.83509165327
6675,27035.654533132754
6676,27041.96586119377
6677,27049.13168757599
6678,27080.038468465762
6679,27100.13083859373
6680,27053.774944033765
6681,27072.237472860004
6682,27104.01443822225
6683,27145.290131389735
6684,27186.048912082013
6685,27203.42979293
6686,27211.156886044013
6687,27206.130451887235
6688,27202.605983831007
6689,27192.92362578849
6690,27154.350664151745
6691,27210.608653704243
6692,27217.416792645017
6693,27188.911322114745
6694,27142.030814782247
6695,27107.730910199505
6696,27081.36205182525
6697,27056.326343522764
6698,27043.60827154473
6699,27043.39263610774
6700,27073.072569844495
6701,27074.452688523736
6702,27075.543441039263
6703,27129.438916415504
6704,27071.107131886485
6705,27098.43840037727
6706,27113.64238165251
6707,27141.46143658325
6708,27170.251851199242
6709,27189.700787969487
6710,27201.26773687426
6711,27207.016166094
6712,27209.05711620774
6713,27203.60303292598
6714,27168.82076506
6715,27217.632892524733
6716,27223.514932213988
6717,27208.48488328401
6718,27170.286454359768
6719,27151.031453472522
6720,27139.386688664235
6721,27150.9772078165
6722,27255.537928033522
6723,27280.64058546624
6724,27321.032897316225
6725,27394.617704655277
6726,27508.55378999301
6727,27659.132290048266
6728,27698.720690811242
6729,27788.177505624015
6730,27877.51768071951
6731,27923.287120886245
6732,28008.93715145899
6733,28009.010338827753
6734,28031.092087870005
6735,28041.59899594575
6736,27926.24093239924
6737,27795.38353044377
6738,27650.995953540256
6739,27629.72541708048
6740,27599.58377234976
6741,27576.95791448126
6742,27511.723967467744
6743,27489.339144594498
6744,27487.88850136552
6745,27491.176999602758
6746,27496.33900644302
6747,27501.085932313727
6748,27524.49667966525
6749,27563.533013128737
6750,27657.41021118028
6751,27818.671726795983
6752,27859.592123241764
6753,27974.509694517514
6754,28083.503405103245
6755,28168.37394036528
6756,28211.828960707993
6757,28212.51004631001
6758,28197.304034582245
6759,28173.49452202127
6760,28102.391617843477
6761,27936.95307422948
6762,27771.915213319528
6763,27735.1897210885
6764,27696.463085617255
6765,27672.59550403349
6766,27607.802061033755
6767,27585.275120546994
6768,27585.487418945264
6769,27590.428706521772
6770,27595.749151103508
6771,27597.92575201452
6772,27617.859333314518
6773,27661.83575026624
6774,27759.613411307004
6775,27960.978205009247
6776,28007.894918671755
6777,28094.707549954255
6778,28150.697751767762
6779,28167.51864433848
6780,28194.47640422749
6781,28159.76388406202
6782,28134.31408145674
6783,28086.500335669753
6784,27992.238530320512
6785,27886.59463737276
6786,27800.096783304005
6787,27764.840435486243
6788,27684.500395084746
6789,27587.204247591497
6790,27529.97613338677
6791,27500.272969179998
6792,27501.062876005264
6793,27504.422425291257
6794,27506.45003266025
6795,27512.242198656753
6796,27533.080108453738
6797,27577.924752360486
6798,27675.844886213254
6799,27827.039507284026
6800,27838.70270253198
6801,27904.431032571007
6802,27953.112768510266
6803,27959.421468916767
6804,27974.22973872024
6805,27952.382491594246
6806,27931.26252521124
6807,27888.205275956472
6808,27828.314704157994
6809,27765.22590621652
6810,27674.069397164498
6811,27676.072089201996
6812,27664.87768026151
6813,27651.920398726244
6814,27610.20218509151
6815,27598.950321815242
6816,27595.792087844264
6817,27600.79380566751
6818,27606.65585293673
6819,27613.32242314949
6820,27633.419952661745
6821,27672.441297055255
6822,27767.409831367517
6823,27887.40265979899
6824,27910.975968586
6825,27963.118253490975
6826,28004.835744918506
6827,28011.083925707495
6828,28016.795345464263
6829,27972.787782524025
6830,27952.70115464125
6831,27923.386963231973
6832,27873.289876555995
6833,27823.914012693745
6834,27752.83941507426
6835,27764.67902959001
6836,27757.566339038494
6837,27751.104741021732
6838,27708.91288655624
6839,27694.479140696258
6840,27695.67024408526
6841,27704.834481416026
6842,27636.565954499998
6843,27642.145817564004
6844,27650.514394726
6845,27658.781524377748
6846,27706.29255990651
6847,27761.32442467799
6848,27701.111215048488
6849,27695.108248947272
6850,27701.493049873752
6851,27722.093280271518
6852,27741.674056916494
6853,27752.41751484424
6854,27756.90623833022
6855,27757.376697237974
6856,27759.189846608246
6857,27753.88865855125
6858,27739.286452873264
6859,27802.456474330753
6860,27818.624889908002
6861,27805.648700037225
6862,27763.940388332
6863,27752.01660612903
6864,27743.698543418748
6865,27729.14100789849
6866,27713.98166942599
6867,27718.08218208049
6868,27727.27663612351
6869,27736.35133128425
6870,27767.691272355223
6871,27824.959765449235
6872,27756.07070139274
6873,27759.185597066014
6874,27763.94006939675
6875,27768.096766844737
6876,27769.900377999238
6877,27774.87979013749
6878,27781.41557946726
6879,27790.612489066247
6880,27798.019820894267
6881,27800.66588999949
6882,27790.449942766772
6883,27872.132145237738
6884,27873.011796220744
6885,27867.824822304006
6886,27829.63375650025
6887,27820.99614393626
6888,27814.05458235376
6889,27815.417763573012
6890,27900.189954439
6891,27905.46328358076
6892,27925.305755296253
6893,27963.928964107756
6894,28061.988583174487
6895,28176.209140931507
6896,28192.901817539023
6897,28259.411526618995
6898,28312.6009152115
6899,28332.33685791027
6900,28336.354997680748
6901,28302.07493347575
6902,28280.564795678747
6903,28248.866561361247
6904,28183.927947378743
6905,28140.412830873483
6906,28058.683496209524
6907,28076.971613993745
6908,28049.51176413628
6909,28039.472800113275
6910,27999.71297011976
6911,27983.767022820015
6912,27980.60905795472
6913,27984.501062599506
6914,27988.615010665744
6915,27996.077293677514
6916,28015.450482148484
6917,28055.365946510996
6918,28148.45815390251
6919,28274.778259683248
6920,28324.013506187264
6921,28375.049431952022
6922,28433.741482298745
6923,28439.948289054253
6924,28452.754874332735
6925,28412.62254067576
6926,28411.566751431263
6927,28396.982414774528
6928,28334.398348776245
6929,28267.021809868518
6930,28215.143068113757
6931,28233.129883972986
6932,28198.71984926476
6933,28141.509492059016
6934,28091.99292701749
6935,28074.024446037252
6936,28076.10708858299
6937,28079.5827901015
6938,28083.386051026504
6939,28090.84458014148
6940,28109.659143619232
6941,28150.024961331732
6942,28244.11801808101
6943,28365.865308779765
6944,28404.160486816774
6945,28448.770806853987
6946,28497.353365078525
6947,28510.069973969257
6948,28519.145707483738
6949,28487.883248547496
6950,28461.886554715747
6951,28438.520489938986
6952,28375.022688563757
6953,28318.255722244758
6954,28266.99369499527
6955,28290.99121369975
6956,28257.23780447651
6957,28217.222712880495
6958,28186.54455943175
6959,28173.009726034015
6960,28174.784021260253
6961,28178.715651317012
6962,28184.483297763483
6963,28192.05589544475
6964,28213.90682393674
6965,28251.519301407745
6966,28342.880759780248
6967,28462.97241447198
6968,28499.387248958254
6969,28534.045209192493
6970,28563.282461705516
6971,28569.52281634624
6972,28576.697205261997
6973,28570.435022289264
6974,28562.63551699426
6975,28549.360939224756
6976,28513.532887069752
6977,28455.512371421733
6978,28397.19237884949
6979,28417.942313284235
6980,28390.874018076993
6981,28348.535655743246
6982,28281.913521244776
6983,28266.214213763233
6984,28268.73906480623
6985,28275.512334398
6986,28279.120166679004
6987,28284.352453816482
6988,28304.335086015253
6989,28343.86742795476
6990,28435.454393017517
6991,28570.352156439483
6992,28590.093342850512
6993,28627.742546168476
6994,28662.530125638026
6995,28666.419019417026
6996,28677.026995859756
6997,28643.289866909505
6998,28646.526241015268
6999,28622.734736765742
7000,28562.037218223242
7001,28518.23484607499
7002,28447.67048384851
7003,28480.300380637746
7004,28456.59239763574
7005,28443.923710896997
7006,28384.064200243753
7007,28363.74931493752
7008,28363.78734324424
7009,28372.088466541518
7010,28304.013495794752
7011,28308.732874400237
7012,28316.75285423925
7013,28323.442890502723
7014,28374.248729365976
7015,28419.26953057825
7016,28376.11255934074
7017,28354.10268525277
7018,28365.65931530451
7019,28383.98882998601
7020,28401.863742207028
7021,28410.385744011524
7022,28411.469030996992
7023,28415.062073854508
7024,28420.134547045524
7025,28416.555057829228
7026,28404.727586799265
7027,28490.42013518126
7028,28498.788739663254
7029,28483.381424050764
7030,28439.164586791743
7031,28427.330423999
7032,28421.84710385351
7033,28408.393601227006
7034,28392.60198819749
7035,28397.808821840485
7036,28410.711522499016
7037,28423.027845899258
7038,28444.10061742252
7039,28519.355084387727
7040,28447.30747667673
7041,28437.820009399493
7042,28436.02057123901
7043,28439.805902665248
7044,28445.028494700484
7045,28445.621833582263
7046,28449.32928804627
7047,28454.534505186286
7048,28457.938933039764
7049,28458.286759064253
7050,28452.009500071985
7051,28533.53633828351
7052,28538.024088708007
7053,28535.52532314827
7054,28505.205374433735
7055,28493.721036824485
7056,28485.066767247008
7057,28487.500900881
7058,28576.583532328008
7059,28582.90535499076
7060,28606.365263313022
7061,28656.707977393235
7062,28744.483658308756
7063,28875.76956313301
7064,28906.706495630253
7065,28930.056850563757
7066,28950.109697727028
7067,28946.590125345003
7068,28980.226657249492
7069,28986.941958676507
7070,28978.83234539251
7071,28977.92598827375
7072,28927.17984149549
7073,28860.647669832248
7074,28798.314444714517
7075,28808.37413161373
7076,28777.73115679176
7077,28753.38486694626
7078,28670.3376671075
7079,28652.546908291242
7080,28656.253589889253
7081,28659.167433951487
7082,28664.2728254745
7083,28671.501787775524
7084,28693.940518413503
7085,28737.98755279325
7086,28830.848153332772
7087,28961.454537038
7088,28984.58644858674
7089,29010.93377987524
7090,29042.670144847998
7091,29040.16052286348
7092,29054.009736885015
7093,29024.35066316875
7094,29001.16318923127
7095,28980.285262332764
7096,28938.99224212348
7097,28870.21813064074
7098,28837.273494170997
7099,28852.3710217575
7100,28835.067739555274
7101,28793.290586504747
7102,28765.956474781255
7103,28751.224354145495
7104,28753.607774394237
7105,28757.966564917995
7106,28762.05166301648
7107,28771.394472939763
7108,28794.658664856503
7109,28835.265546046507
7110,28926.026926477527
7111,29059.38885014824
7112,29084.421618603257
7113,29113.067917065007
7114,29142.67041024351
7115,29148.59878410274
7116,29161.472175483766
7117,29134.588556545757
7118,29137.662509105245
7119,29115.662976776734
7120,29056.523685015756
7121,28998.413880793516
7122,28939.45220347675
7123,28948.67544954152
7124,28921.338203365256
7125,28887.60618789125
7126,28860.263524196
7127,28845.66648178874
7128,28849.738418674482
7129,28851.158587635255
7130,28857.045772080495
7131,28862.478477360502
7132,28883.337105081268
7133,28923.95782809
7134,29015.929137979503
7135,29149.267485910976
7136,29177.142072940245
7137,29205.17263708475
7138,29231.426345575735
7139,29222.017392082485
7140,29219.777754637533
7141,29178.359814328018
7142,29152.91974515825
7143,29123.86602813651
7144,29072.257024842977
7145,29025.11789558752
7146,28984.391171538242
7147,29010.833638622014
7148,29002.03086501974
7149,28992.23106945249
7150,28960.015609682243
7151,28943.105515075527
7152,28945.965764168242
7153,28951.202932859756
7154,28959.510388441988
7155,28967.85528936675
7156,28989.021757072744
7157,29035.940766695516
7158,29123.69743770727
7159,29254.528739261757
7160,29280.667913875
7161,29310.227201737773
7162,29338.406596275487
7163,29334.44227137125
7164,29329.5576968005
7165,29284.35840431403
7166,29255.290697992517
7167,29220.828214590245
7168,29190.946044120756
7169,29133.951477301507
7170,29111.68718554475
7171,29111.05201552099
7172,29097.24087952675
7173,29089.96673487252
7174,29059.13561940251
7175,29044.327148716282
7176,29045.41039079252
7177,29063.60560179077
7178,28988.95628879374
7179,28993.74891134499
7180,29001.299041579994
7181,29009.25340138875
7182,29044.63588798852
7183,29107.866499515025
7184,29052.138533469744
7185,29034.80856086
7186,29047.527263615528
7187,29058.65704683027
7188,29073.744027966753
7189,29075.149924211997
7190,29070.242244712015
7191,29070.76113247276
7192,29077.011127548998
7193,29073.754700847778
7194,29092.527387990503
7195,29163.51647666851
7196,29169.005763314253
7197,29158.059016980977
7198,29114.100867391757
7199,29100.87397391227
7200,29093.495252255005
7201,29078.750026260754
7202,29063.83938754474
7203,29070.157772900526
7204,29085.563558903777
7205,29094.364755947743
7206,29112.235426037725
7207,29176.76255941
7208,29125.979627568995
7209,29103.178553749014
7210,29107.455793507746
7211,29122.16392770399
7212,29133.560766188013
7213,29131.15359799901
7214,29135.380825909502
7215,29140.52119156998
7216,29146.030851711777
7217,29143.30610977898
7218,29159.56236700199
7219,29218.453758979245
7220,29218.055078405258
7221,29208.787750716507
7222,29172.585349203
7223,29164.22164115323
7224,29155.45722636125
7225,29153.852141487754
7226,29237.737196852737
7227,29245.029194886985
7228,29264.489196533526
7229,29304.197166011007
7230,29400.657429922252
7231,29521.905529522486
7232,29571.40133619976
7233,29589.95596954725
7234,29625.055221655515
7235,29623.53260856653
7236,29632.034395439256
7237,29593.239971235496
7238,29572.670222904242
7239,29545.033893453496
7240,29490.179395358005
7241,29441.997400769756
7242,29416.683346744754
7243,29403.51734079177
7244,29379.101731961266
7245,29371.217973142262
7246,29339.715860308752
7247,29324.029447350746
7248,29326.613134012492
7249,29331.0882212575
7250,29338.611250403745
7251,29344.049889099748
7252,29366.602079947523
7253,29409.731946285745
7254,29497.76231599302
7255,29639.554458917228
7256,29672.588982029734
7257,29687.244183600775
7258,29717.09563727498
7259,29718.01823359898
7260,29720.739742854497
7261,29730.698273965012
7262,29718.010510178497
7263,29668.491519214014
7264,29605.729521739508
7265,29524.30881392501
7266,29479.20765540126
7267,29494.296031606256
7268,29477.84996443151
7269,29472.692288969512
7270,29436.710336503005
7271,29420.81139456775
7272,29424.053817052994
7273,29426.76074008123
7274,29431.18396146399
7275,29440.36374016501
7276,29461.52524736626
7277,29501.88657044899
7278,29595.636211183744
7279,29728.333870817496
7280,29766.248929982758
7281,29780.339672933496
7282,29814.793749129247
7283,29816.730874364017
7284,29835.15124031476
7285,29836.396868885495
7286,29839.310399342994
7287,29825.224587323017
7288,29758.015885546734
7289,29692.365850482744
7290,29652.901777963
7291,29628.41282194025
7292,29575.024930896012
7293,29556.023947830738
7294,29530.748409710995
7295,29515.868933054484
7296,29517.84011304374
7297,29521.30541807999
7298,29528.374864820486
7299,29533.61017484325
7300,29551.835376754483
7301,29593.166190233518
7302,29683.340047790003
7303,29813.889128354
7304,29859.497167280508
7305,29875.07277462376
7306,29901.88422515176
7307,29906.76061951849
7308,29916.69052858873
7309,29882.693676104504
7310,29853.88037677824
7311,29825.482326550748
7312,29766.079198316733
7313,29715.980202664257
7314,29670.74720040076
7315,29688.125269464028
7316,29673.537317843005
7317,29669.08750479499
7318,29628.511400301264
7319,29613.520140313263
7320,29615.04303470499
7321,29620.66697463001
7322,29624.11583139324
7323,29631.405644868002
7324,29650.83373019575
7325,29690.112869390257
7326,29792.29892070177
7327,29910.753305203223
7328,29963.60781766524
7329,29982.67988248448
7330,30012.90383622976
7331,30004.566314638007
7332,30001.86244404801
7333,29960.85294355227
7334,29934.814530046235
7335,29897.285552243244
7336,29838.864118220743
7337,29789.78971996024
7338,29775.33700288525
7339,29785.483652356743
7340,29775.55103964275
7341,29768.629442704238
7342,29731.619607110006
7343,29716.830832011
7344,29719.927904317006
7345,29744.184548847243
7346,29667.82361157228
7347,29673.181507620262
7348,29681.39812660848
7349,29690.918359151216
7350,29723.84124493924
7351,29798.25372043524
7352,29753.200375373774
7353,29707.703881831258
7354,29718.193373325994
7355,29732.788066381505
7356,29747.14770231552
7357,29751.705963035765
7358,29750.96808540801
7359,29748.541059779265
7360,29754.212329119517
7361,29751.474031084235
7362,29783.398327555493
7363,29836.594617679766
7364,29840.96379949877
7365,29830.032915040494
7366,29787.549762150724
7367,29776.802762225503
7368,29768.587422659013
7369,29752.435226387497
7370,29738.47410851999
7371,29745.949553301492
7372,29762.9184538015
7373,29773.311903357244
7374,29787.798731610015
7375,29858.519208107256
7376,29801.096935963757
7377,29777.696779141734
7378,29779.27831346826
7379,29795.288991581234
7380,29807.92201726877
7381,29806.842746530503
7382,29807.555668566765
7383,29810.77648306423
7384,29813.15896001199
7385,29809.62717879375
7386,29846.507633788227
7387,29890.611678284007
7388,29890.481350965743
7389,29881.62011017574
7390,29846.143018902014
7391,29836.48764100427
7392,29827.81517311649
7393,29828.313836971003
7394,29911.62787210324
7395,29917.812947620983
7396,29925.37038047749
7397,29943.07059655426
7398,29984.093276269734
7399,30067.562790964497
7400,30145.069138562514
7401,30220.216205198496
7402,30267.885349441276
7403,30299.521206790014
7404,30292.02433947075
7405,30289.753821981023
7406,30247.720257997506
7407,30222.981329980266
7408,30187.47310463802
7409,30138.818835663504
7410,30134.69193562597
7411,30123.01212654975
7412,30081.624400035013
7413,30064.67388870227
7414,30057.066406438025
7415,30016.639960784236
7416,30002.140483378
7417,30005.42287464528
7418,30006.7524150565
7419,30010.821230024245
7420,30017.442295479257
7421,30037.18991028226
7422,30073.553740463758
7423,30174.294781858265
7424,30242.248180203507
7425,30310.912818996992
7426,30361.64669562074
7427,30392.36718679228
7428,30396.506537448986
7429,30404.849218480485
7430,30368.181452377772
7431,30342.67866292699
7432,30314.543881657024
7433,30260.442182829018
7434,30249.77001527374
7435,30226.497011530744
7436,30180.164976805983
7437,30163.516015463752
7438,30155.86538652774
7439,30114.282835154223
7440,30100.180536255757
7441,30104.364780300504
7442,30107.482757323512
7443,30112.367351412748
7444,30119.519168553754
7445,30142.19025447297
7446,30182.744871896746
7447,30274.08165272703
7448,30349.945912591735
7449,30422.688276790737
7450,30470.344841693513
7451,30513.979118184237
7452,30522.45335284448
7453,30517.111565594492
7454,30484.29341622848
7455,30456.35824042274
7456,30412.882997029505
7457,30347.800984207744
7458,30339.572884577756
7459,30328.966735625487
7460,30283.277504668
7461,30265.15113688176
7462,30257.90874226274
7463,30211.658093105252
7464,30197.078179173735
7465,30200.55845349
7466,30203.03779833402
7467,30207.17119029549
7468,30216.222114014254
7469,30235.711402980734
7470,30273.740050491007
7471,30369.10214682173
7472,30457.547600069785
7473,30473.928847607986
7474,30521.468064160745
7475,30550.063426347002
7476,30543.90582015427
7477,30540.022797549256
7478,30497.613314175767
7479,30464.864004822775
7480,30440.255907811985
7481,30393.53445925049
7482,30412.84485134574
7483,30423.75534672848
7484,30378.557475707243
7485,30363.785642142266
7486,30354.827539315003
7487,30308.83796259601
7488,30295.614359575284
7489,30296.20691674251
7490,30301.179914027256
7491,30307.363481584776
7492,30318.22316282975
7493,30335.04992668748
7494,30378.09650914203
7495,30470.471888694774
7496,30565.70205233901
7497,30587.716484560027
7498,30632.834260437503
7499,30659.85511064524
7500,30649.42971618499
7501,30641.62225609649
7502,30598.530641745758
7503,30567.426821206256
7504,30538.271550231988
7505,30491.48884929526
7506,30514.21731555575
7507,30527.64440029225
7508,30488.196913769494
7509,30476.506836011275
7510,30463.366383877234
7511,30414.851102779474
7512,30402.417399939735
7513,30426.034965167
7514,30365.770831456757
7515,30357.72594934375
7516,30368.4317573205
7517,30379.244925604748
7518,30388.483657465495
7519,30421.37319595347
7520,30461.904490053275
7521,30406.91201929051
7522,30393.01960646351
7523,30398.74103605226
7524,30409.610055700243
7525,30421.78515711253
7526,30425.66807439
7527,30426.30729556149
7528,30428.656185595017
7529,30435.504358224243
7530,30486.665827865996
7531,30516.74884983999
7532,30521.695870156476
7533,30535.011396976006
7534,30529.589807806264
7535,30481.528939037504
7536,30473.105353767034
7537,30446.658993738023
7538,30431.54911346524
7539,30436.220544864223
7540,30443.78384429573
7541,30464.636422312473
7542,30481.56915770801
7543,30493.12125976027
7544,30519.087065076263
7545,30460.76956839001
7546,30466.27356457325
7547,30462.020998026765
7548,30465.761143394262
7549,30468.911451305517
7550,30471.151766814997
7551,30474.826934444995
7552,30478.29041408426
7553,30480.121612020983
7554,30537.6172823665
7555,30573.214320573486
7556,30569.6115577075
7557,30572.47313271723
7558,30572.562289337973
7559,30536.859939313017
7560,30526.27317581874
7561,30514.869787439242
7562,30599.181777823993
7563,30608.290309432257
7564,30620.25861237176
7565,30639.749036425485
7566,30683.745784622733
7567,30772.969747729752
7568,30877.004553690258
7569,30901.762711072253
7570,30945.937050417495
7571,30976.73692447673
7572,30970.109409313744
7573,30962.118684674006
7574,30917.163527146495
7575,30883.67872659201
7576,30851.087997417508
7577,30805.873171030515
7578,30828.07134052348
7579,30832.759962797976
7580,30789.383905604485
7581,30774.786051811985
7582,30764.99506779424
7583,30714.329974517004
7584,30697.685142229024
7585,30703.414230633265
7586,30708.077199069252
7587,30719.402004749725
7588,30727.265543898993
7589,30749.732949104524
7590,30793.05498414077
7591,30881.98580415025
7592,30970.572025659
7593,30988.052018893006
7594,31030.310308714754
7595,31053.81492962799
7596,31038.684613660258
7597,31028.597393103246
7598,30982.457332394002
7599,30949.983346991754
7600,30920.659884801746
7601,30875.117640436478
7602,30897.422073208243
7603,30907.468234060274
7604,30870.26275398498
7605,30859.76844047525
7606,30848.77835909026
7607,30797.83958011376
7608,30784.907209040513
7609,30787.636013915984
7610,30793.012755236756
7611,30805.654046885487
7612,30812.63040609151
7613,30834.61510646549
7614,30877.768697275747
7615,30965.331534905745
7616,31064.449652037514
7617,31079.67868609976
7618,31119.11062729202
7619,31140.573309355008
7620,31131.312191641755
7621,31121.34710958649
7622,31078.519022327986
7623,31048.768263185513
7624,31018.13722935426
7625,30973.398359195013
7626,30995.812201769993
7627,31010.514967569747
7628,30975.62044939749
7629,30959.987597885756
7630,30955.933471547498
7631,30910.36659553974
7632,30891.03648898625
7633,30893.8575959375
7634,30902.835161932497
7635,30912.79265565625
7636,30921.95147524375
7637,30942.925236151492
7638,30996.58173810174
7639,31084.718016164
7640,31180.29550313598
7641,31196.711053362007
7642,31225.966235892505
7643,31246.100557612735
7644,31224.098471245252
7645,31212.650292316262
7646,31165.858782199994
7647,31134.451588464744
7648,31103.964458283994
7649,31061.556716610256
7650,31097.858095753745
7651,31101.006481974506
7652,31075.21330522774
7653,31069.238336573522
7654,31061.46721087024
7655,31016.305529305017
7656,30997.407265784517
7657,31000.924614200503
7658,31003.554587902254
7659,31012.757218747014
7660,31018.683403830495
7661,31045.559939811486
7662,31100.771262663504
7663,31193.325711127516
7664,31283.33193280403
7665,31292.712793960738
7666,31317.16263250675
7667,31330.169000136008
7668,31321.8805510755
7669,31317.941725419747
7670,31276.204379691262
7671,31250.326166155257
7672,31222.116326373238
7673,31168.650777823506
7674,31200.351992769487
7675,31194.308559075766
7676,31149.79017418525
7677,31137.607635994744
7678,31128.786560378474
7679,31082.78254251474
7680,31067.913419066244
7681,31102.833941429977
7682,31036.997448869242
7683,31024.076660042487
7684,31023.13259991752
7685,31038.357605013247
7686,31048.22974191127
7687,31084.243920488014
7688,31123.88152471475
7689,31085.753430695255
7690,31065.516287823513
7691,31071.159993901263
7692,31093.51876447702
7693,31108.139927137505
7694,31111.092147124004
7695,31112.639112825007
7696,31113.561082462496
7697,31113.869231847017
7698,31180.956445915264
7699,31191.897186692
7700,31193.17054644548
7701,31202.265040798506
7702,31189.74496003775
7703,31142.39910359324
7704,31131.115645209513
7705,31111.79232479426
7706,31094.45841111048
7707,31104.20093894427
7708,31111.334557214253
7709,31125.572297579
7710,31139.934737536747
7711,31151.85050232825
7712,31187.373694714246
7713,31133.192131753494
7714,31135.670710085506
7715,31133.176432392986
7716,31145.785178702998
7717,31153.604633798004
7718,31153.558526447243
7719,31150.127642434498
7720,31150.64869273828
7721,31152.80790224
7722,31228.26782456801
7723,31247.584146475
7724,31249.10002537777
7725,31251.851693026492
7726,31245.490584313728
7727,31209.235382947012
7728,31195.374000413234
7729,31187.16008545099
7730,31272.62635782501
7731,31281.746387848754
7732,31289.236965088498
7733,31312.40951436276
7734,31357.46519285074
7735,31444.58915731324
7736,31538.646586431496
7737,31552.504726024756
7738,31597.16593316423
7739,31623.062139378006
7740,31611.856381974263
7741,31611.754767613234
7742,31575.829118373753
7743,31549.987314869486
7744,31517.55378729647
7745,31465.508487689734
7746,31491.345600217002
7747,31481.95416387825
7748,31435.917410380996
7749,31421.134398506034
7750,31411.70643665249
7751,31364.750101502497
7752,31350.463297359987
7753,31353.835009829498
7754,31360.53664577499
7755,31366.47625108227
7756,31374.52080702425
7757,31393.339773725722
7758,31431.705918447497
7759,31526.483223371983
7760,31637.788648997997
7761,31639.722928775253
7762,31689.483633620504
7763,31715.672250952768
7764,31710.720502372747
7765,31707.177889097995
7766,31669.712290688003
7767,31643.654021074504
7768,31610.01032342298
7769,31552.80186071623
7770,31586.635173944975
7771,31576.574410481266
7772,31536.38669559277
7773,31522.18600794025
7774,31511.85334200899
7775,31463.92197412497
7776,31449.30975245724
7777,31451.78213579549
7778,31458.26120974601
7779,31468.12886591726
7780,31478.123445501267
7781,31506.229297787002
7782,31555.643007602266
7783,31651.851534703015
7784,31766.413563289254
7785,31768.26782864875
7786,31793.27250527401
7787,31819.707005632
7788,31807.29433089151
7789,31805.990185993727
7790,31762.91666914599
7791,31736.21919072273
7792,31706.92693623027
7793,31655.487440333232
7794,31685.938242938973
7795,31677.45480755724
7796,31634.09973841998
7797,31623.19409617651
7798,31615.084580803246
7799,31562.964493131512
7800,31551.609247749504
7801,31552.04738741274
7802,31560.043247695005
7803,31568.426505337757
7804,31578.436152939237
7805,31602.666189519994
7806,31654.11106252499
7807,31746.591548548746
7808,31869.395799079524
7809,31857.281227929234
7810,31888.662285144503
7811,31912.910652910232
7812,31902.76685368627
7813,31893.99439138228
7814,31857.711592171003
7815,31830.340534545263
7816,31799.958223818503
7817,31750.44273228548
7818,31781.369899813013
7819,31770.020163692523
7820,31726.59829524527
7821,31711.82660661801
7822,31702.680330332983
7823,31656.145587047005
7824,31641.141463198262
7825,31647.609074553755
7826,31656.517578313247
7827,31661.458498370983
7828,31670.463532110258
7829,31696.597165415507
7830,31748.182026496743
7831,31839.50420061398
7832,31960.942217088505
7833,31957.995837630002
7834,31997.96075951676
7835,32018.884201764744
7836,32005.69680248825
7837,31992.32164877999
7838,31939.675697342762
7839,31911.26077006425
7840,31881.768762295513
7841,31838.515210339745
7842,31891.51435321275
7843,31874.1894600455
7844,31842.038711764762
7845,31830.91330284401
7846,31825.433441714995
7847,31782.16874902575
7848,31760.484970456
7849,31804.30603714875
7850,31737.066414240733
7851,31711.38119418577
7852,31713.317274478
7853,31724.56973948076
7854,31724.701727169
7855,31753.723919102984
7856,31806.62346782448
7857,31748.736791945732
7858,31741.096633299985
7859,31746.831994558986
7860,31751.165612130248
7861,31764.357099028002
7862,31767.252581517023
7863,31771.662217732985
7864,31770.839391990263
7865,31772.777869322243
7866,31844.516705578742
7867,31858.52723643577
7868,31862.687086939237
7869,31870.584164392745
7870,31862.27773673501
7871,31818.852454984764
7872,31808.564449299512
7873,31783.290197376755
7874,31760.994600258742
7875,31764.40638496697
7876,31769.152440609018
7877,31785.040861402988
7878,31801.609815054995
7879,31815.124452606247
7880,31868.328896912255
7881,31803.85028668076
7882,31811.866910211244
7883,31808.287699103257
7884,31816.025482898018
7885,31823.50563238126
7886,31827.291200618245
7887,31832.10571367074
7888,31835.458944008526
7889,31839.605554748
7890,31913.493800094748
7891,31927.263728630005
7892,31924.641885925757
7893,31927.65761360199
7894,31924.994253492237
7895,31884.28410763374
7896,31878.251259674744
7897,31871.050702854493
7898,31958.89367517375
7899,31963.690239876
7900,31970.130722746242
7901,31989.817106693252
7902,32033.894926643276
7903,32123.45219819427
7904,32240.921575522523
7905,32230.622456505986
7906,32276.990812245727
7907,32306.515726732756
7908,32298.22716505125
7909,32289.701864537987
7910,32242.065998033744
7911,32214.176975206516
7912,32184.295800639775
7913,32137.144807427496
7914,32175.67262789001
7915,32173.272991051228
7916,32138.73619516125
7917,32127.677100372774
7918,32122.582581000748
7919,32069.594093613254
7920,32049.77024262174
7921,32056.79914592626
7922,32067.530962066743
7923,32077.50341983475
7924,32088.384130443264
7925,32112.538138874497
7926,32172.025778357503
7927,32257.749745618745
7928,32384.619723827513
7929,32372.690610222253
7930,32398.66876000852
7931,32416.422449138976
7932,32399.67956483723
7933,32386.507897295778
7934,32341.805424798007
7935,32309.791848893998
7936,32280.94621690501
7937,32235.908410730783
7938,32277.654045396514
7939,32278.25849735675
7940,32246.025032952235
7941,32238.46090558124
7942,32226.396805574484
7943,32178.55084851525
7944,32158.03753942375
7945,32159.014091687764
7946,32162.42250921424
7947,32174.924069879486
7948,32186.5125429485
7949,32213.0480089985
7950,32275.637750744507
7951,32358.601278576993
7952,32478.8367895035
7953,32465.483839903507
7954,32494.73563167425
7955,32509.443474062264
7956,32493.38060924275
7957,32478.89584952199
7958,32431.178530494515
7959,32399.422968086503
7960,32371.276478257012
7961,32323.757802475735
7962,32359.08950867501
7963,32358.29510722924
7964,32320.202561919756
7965,32310.818253025514
7966,32303.362145475003
7967,32252.19586688126
7968,32234.09916926697
7969,32242.98180632225
7970,32249.86608012875
7971,32260.559300482502
7972,32269.281649502263
7973,32292.594142972266
7974,32350.68383730624
7975,32436.476653572245
7976,32563.69788672525
7977,32548.2897230335
7978,32570.080670665484
7979,32588.374849296233
7980,32570.73306932723
7981,32562.49157759923
7982,32515.252836182513
7983,32483.861655253262
7984,32454.044375980247
7985,32408.454294424486
7986,32446.818244972237
7987,32443.45002684599
7988,32402.56028314924
7989,32389.26193444549
7990,32377.570343119736
7991,32332.759058007257
7992,32314.95518038125
7993,32317.68736574252
7994,32323.71878907948
7995,32331.79678450751
7996,32337.768516414504
7997,32357.36517672877
7998,32400.202000683505
7999,32493.819658280525
8000,32606.466380744492
8001,32605.0062216105
8002,32650.96216403699
8003,32674.805121277495
8004,32664.519869238753
8005,32654.584784253977
8006,32611.322572971014
8007,32581.99499127675
8008,32552.710865428002
8009,32505.394564596994
8010,32543.144516006247
8011,32535.440242232482
8012,32495.39655724476
8013,32483.864303485778
8014,32471.421592013266
8015,32425.666002844016
8016,32408.993339917255
8017,32426.833271625495
8018,32363.441414255998
8019,32359.282150196992
8020,32363.307754854497
8021,32372.153843752
8022,32381.341266382977
8023,32419.33022867175
8024,32472.684598819233
8025,32410.986044298483
8026,32405.615679389248
8027,32415.499304775753
8028,32432.884053345493
8029,32444.35592483201
8030,32449.831165171003
8031,32447.036122244255
8032,32447.3736913
8033,32449.109119921
8034,32523.566431032006
8035,32536.745083749476
8036,32542.343009846012
8037,32554.116809291514
8038,32539.02997276026
8039,32489.225080623484
8040,32479.737290545505
8041,32465.777455054755
8042,32443.701717887012
8043,32443.311116806264
8044,32450.553588714756
8045,32465.833069216256
8046,32472.907655022245
8047,32491.140160850002
8048,32545.635941118264
8049,32473.065549557756
8050,32481.020350413517
8051,32484.0624415335
8052,32493.999500543487
8053,32501.061190670993
8054,32505.320614114986
8055,32506.706997209752
8056,32514.271482399752
8057,32515.445687921256
8058,32582.54918871577
8059,32598.66966480276
8060,32592.90107342052
8061,32592.465463156765
8062,32584.640660725996
8063,32545.85582613375
8064,32533.77837316625
8065,32524.530879383736
8066,32611.357562756
8067,32618.487212395266
8068,32627.539392783263
8069,32646.9120426535
8070,32688.245244303012
8071,32779.98173328126
8072,32895.278903763734
8073,32910.24355776575
8074,32941.02468196675
8075,32969.89688154676
8076,32968.15504327301
8077,32964.01497855752
8078,32925.57812722297
8079,32897.98450967649
8080,32864.825018501
8081,32807.25003192777
8082,32835.697840231485
8083,32830.184226842
8084,32783.98464434526
8085,32770.01321105475
8086,32760.369762334256
8087,32713.772940144754
8088,32698.222339546242
8089,32701.216092988736
8090,32706.49614353226
8091,32713.44450495652
8092,32724.289338827246
8093,32748.25897411203
8094,32797.44212047525
8095,32888.09414136151
8096,33015.892308471
8097,33026.182978366
8098,33043.67072781126
8099,33067.85325112674
8100,33055.68794015376
8101,33049.94896255277
8102,33005.66305682774
8103,32974.96187291576
8104,32945.904922462265
8105,32894.73713176052
8106,32930.203675603756
8107,32927.1834585935
8108,32890.8721189295
8109,32883.85696222901
8110,32876.48926120825
8111,32830.325507295245
8112,32809.37027150402
8113,32813.73896942574
8114,32823.9218459725
8115,32838.15528378725
8116,32845.835252779485
8117,32872.312567268506
8118,32926.597498414485
8119,33018.061491168744
8120,33139.39364441926
8121,33146.06816546301
8122,33155.53558128625
8123,33169.39173481679
8124,33155.85733881699
8125,33145.53605303696
8126,33100.12740778278
8127,33069.276014225754
8128,33041.581049042245
8129,32995.233269283744
8130,33032.10873484252
8131,33032.522011794725
8132,32995.50332403578
8133,32987.45565647427
8134,32978.93254380702
8135,32931.69577170774
8136,32905.620922310765
8137,32907.02146811276
8138,32914.46315331725
8139,32926.16652591401
8140,32941.041158311986
8141,32967.46765692554
8142,33032.05393052223
8143,33123.73541775449
8144,33250.432752748
8145,33259.18187389197
8146,33265.848505734764
8147,33280.46068611772
8148,33258.49264931177
8149,33244.55505496546
8150,33199.79657140647
8151,33164.49939550027
8152,33137.03539533601
8153,33089.306080924
8154,33131.539607295235
8155,33127.22521862852
8156,33090.49301065349
8157,33077.38786770972
8158,33071.99735418002
8159,33022.57416634751
8160,33001.90501104775
8161,33005.067008554244
8162,33010.870067554766
8163,33023.57877612674
8164,33036.28084400325
8165,33059.82435847425
8166,33113.09382000701
8167,33206.21010891901
8168,33329.89890260626
8169,33341.448508406014
8170,33363.34954075426
8171,33378.68700606626
8172,33360.210451248255
8173,33343.68042638575
8174,33293.61108131802
8175,33263.25279805148
8176,33232.756394246244
8177,33186.325629189996
8178,33223.55255491352
8179,33220.1261715672
8180,33184.05812471428
8181,33167.54682361198
8182,33157.45484426446
8183,33108.51471079026
8184,33091.37582733748
8185,33114.19566103005
8186,33052.93343997602
8187,33043.20321710702
8188,33052.50440638552
8189,33063.36691818324
8190,33073.43823278502
8191,33109.10159226873
8192,33187.82771457428
8193,33131.451292221274
8194,33106.056260702244
8195,33112.598969130486
8196,33125.07704000725
8197,33138.12987087151
8198,33139.367801105014
8199,33142.32988549199
8200,33145.65979875747
8201,33153.77221834378
8202,33225.075910028725
8203,33236.736554328214
8204,33242.415922549706
8205,33256.9386229505
8206,33255.102314702744
8207,33208.13081955027
8208,33201.080283126736
8209,33160.21836603371
8210,33149.87839505177
8211,33153.37843089874
8212,33159.97907699303
8213,33182.91872023776
8214,33197.21867570325
8215,33207.989496389746
8216,33273.7439570238
8217,33209.79687783772
8218,33202.15287617599
8219,33201.83496936301
8220,33207.320670752735
8221,33209.90307503126
8222,33202.81161434425
8223,33198.002363872016
8224,33198.938677703496
8225,33194.52756035374
8226,33273.85683991297
8227,33297.67973490622
8228,33293.853455592245
8229,33299.76937566977
8230,33300.258958463266
8231,33258.528613190465
8232,33239.53131678624
8233,33223.859200142746
8234,33309.8581993165
8235,33317.97400643178
8236,33328.77560028578
8237,33351.07181250578
8238,33405.30122194875
8239,33495.201449855216
8240,33625.90566340072
8241,33624.83857648271
8242,33643.936427072804
8243,33661.953145215746
8244,33643.24908916346
8245,33634.50952832648
8246,33577.83825355454
8247,33547.10760495025
8248,33516.16918855045
8249,33469.61597115721
8250,33510.646962173785
8251,33517.39221631699
8252,33488.40904384447
8253,33471.67795333604
8254,33463.26207975525
8255,33413.179984456234
8256,33392.54961350524
8257,33393.41877380179
8258,33399.81037765899
8259,33410.68682635851
8260,33418.381854178784
8261,33446.61859413479
8262,33501.57866645852
8263,33588.62069800023
8264,33724.928794446045
8265,33731.834763244
8266,33745.0117794683
8267,33759.66955558952
8268,33733.65077986623
8269,33719.651612204776
8270,33673.95730103173
8271,33642.339841938985
8272,33617.736383145035
8273,33572.24843307175
8274,33604.21762180453
8275,33599.490427799705
8276,33559.7914363893
8277,33550.41332583246
8278,33543.36658070472
8279,33496.19366590756
8280,33480.67632706604
8281,33486.04120132201
8282,33493.51774807497
8283,33500.929207059286
8284,33509.60181026596
8285,33533.08513603576
8286,33585.49200108646
8287,33674.43795978828
8288,33806.02266417753
8289,33815.83973311924
8290,33830.91922592373
8291,33844.78948881124
8292,33824.870854613786
8293,33823.75546655502
8294,33777.05047929576
8295,33745.43566253801
8296,33715.44463557878
8297,33666.48431283547
8298,33702.22314408402
8299,33694.92003978354
8300,33654.18427857127
8301,33645.4169303375
8302,33633.046132560776
8303,33584.97324760652
8304,33570.57503035103
8305,33573.89862550201
8306,33580.72670625202
8307,33586.601822688965
8308,33596.053482833515
8309,33623.66537820525
8310,33680.48719238774
8311,33776.039297039264
8312,33914.29329849569
8313,33921.77723693905
8314,33931.39858172425
8315,33948.008611323734
8316,33925.2264860955
8317,33907.514218203745
8318,33858.30990211323
8319,33826.51917594376
8320,33796.77422711276
8321,33752.034544562746
8322,33791.05929859898
8323,33781.99648506675
8324,33743.32269981625
8325,33731.52341320679
8326,33721.44162068296
8327,33677.97037031575
8328,33662.057666934496
8329,33665.369134758796
8330,33671.462791417216
8331,33681.75995503672
8332,33686.192933840015
8333,33707.965846776744
8334,33756.26531458928
8335,33845.40456207851
8336,33972.30801697024
8337,33978.35069854198
8338,34003.45052824457
8339,34032.02507633249
8340,34022.372764573025
8341,34011.846303162034
8342,33960.19065494629
8343,33927.66927805097
8344,33898.68805019498
8345,33847.83052777826
8346,33884.094504049746
8347,33882.011839470266
8348,33844.22804028397
8349,33832.24118896776
8350,33823.16809416653
8351,33779.534331675066
8352,33762.50179969574
8353,33782.064051517504
8354,33719.79854912774
8355,33708.74589582475
8356,33718.240800470725
8357,33726.91126257352
8358,33735.477398321964
8359,33770.783223385544
8360,33839.542723867795
8361,33781.43880703372
8362,33754.52947261824
8363,33756.28221826649
8364,33763.705833933964
8365,33770.85476261128
8366,33771.16212351872
8367,33770.42202490396
8368,33768.266653101986
8369,33776.69979664876
8370,33852.01952334972
8371,33874.639279044786
8372,33883.378107351484
8373,33891.8145028413
8374,33886.68109863752
8375,33837.968811875515
8376,33824.969281244514
8377,33808.43468006372
8378,33784.893575622045
8379,33789.29805860946
8380,33797.256153924005
8381,33810.62038285299
8382,33826.04453464522
8383,33840.85448109527
8384,33905.98318821197
8385,33837.346324590035
8386,33825.27711957222
8387,33824.48172964105
8388,33831.27786062374
8389,33835.48921716575
8390,33833.81030613127
8391,33834.79903023949
8392,33837.717246826
8393,33838.28328425474
8394,33908.636026680695
8395,33930.476808664964
8396,33927.78987778028
8397,33930.83381096102
8398,33925.019641881525
8399,33892.58497920428
8400,33883.207738234996
8401,33869.99141458125
8402,33955.84752456421
8403,33966.7347698958
8404,33979.805856999286
8405,33998.20947638351
8406,34046.53572020522
8407,34132.86092179523
8408,34267.70510690547
8409,34270.26729739423
8410,34285.11424705875
8411,34313.90335607627
8412,34303.82293039305
8413,34298.5271589465
8414,34261.032631446
8415,34236.04936163352
8416,34206.98586037828
8417,34150.10948934149
8418,34167.31790810728
8419,34157.04770331173
8420,34117.669268433485
8421,34107.92618912925
8422,34101.56194500051
8423,34057.26102138926
8424,34041.82620974175
8425,34046.848628287706
8426,34050.33474414375
8427,34060.73087162378
8428,34073.21606939279
8429,34100.419895549516
8430,34152.26858377148
8431,34244.36920490075
8432,34382.512289668215
8433,34387.144109254026
8434,34396.16720855075
8435,34415.21022164228
8436,34402.70816040104
8437,34397.41771355551
8438,34356.01102273902
8439,34323.21613691226
8440,34294.00927868098
8441,34232.36317297646
8442,34263.6660376183
8443,34259.24700368201
8444,34215.98717356772
8445,34205.22284465878
8446,34193.928622846266
8447,34150.507201603
8448,34134.36425051299
8449,34138.324211564555
8450,34143.93012984075
8451,34153.59904746653
8452,34164.25066707628
8453,34188.564644199985
8454,34239.373819248
8455,34327.01138370073
8456,34456.75897335773
8457,34463.04651703151
8458,34478.80837715075
8459,34502.820243381466
8460,34491.61021599101
8461,34498.72316592775
8462,34474.5567368535
8463,34445.67609416894
8464,34417.7023011003
8465,34363.796018482004
8466,34390.90856006053
8467,34355.42912507777
8468,34311.06810052122
8469,34298.020992359525
8470,34287.76831831327
8471,34247.59790623826
8472,34231.107737869264
8473,34233.126107588505
8474,34236.915455437214
8475,34245.25227943521
8476,34253.61320586051
8477,34272.114669837
8478,34315.880240037535
8479,34408.14668624077
8480,34537.87920196903
8481,34590.84108039373
8482,34608.892435505986
8483,34639.52687926874
8484,34631.64662594402
8485,34617.551850963464
8486,34561.58957196749
8487,34532.77426475076
8488,34502.32885079775
8489,34456.92281491895
8490,34481.415995072966
8491,34458.05720283229
8492,34418.88807329179
8493,34405.904217454954
8494,34394.39137869601
8495,34346.17026652623
8496,34331.54543258751
8497,34333.837759718466
8498,34341.98704562802
8499,34347.45773169228
8500,34357.36067186356
8501,34380.73751970701
8502,34422.473345649516
8503,34512.8708769238
8504,34637.0569166325
8505,34660.7002961595
8506,34676.46070323572
8507,34706.70395197773
8508,34700.464839853004
8509,34690.73881284722
8510,34646.94587643526
8511,34617.97734712224
8512,34587.054773243995
8513,34539.18511416178
8514,34575.913941131774
8515,34570.685708835
8516,34531.68184686751
8517,34521.02934856904
8518,34510.61633062699
8519,34458.01901425505
8520,34444.92140201829
8521,34473.49322328728
8522,34411.85705871299
8523,34395.33985165479
8524,34399.917075654485
8525,34412.779877864
8526,34422.30105953975
8527,34459.50819056745
8528,34526.782170117505
8529,34484.68083710022
8530,34437.34826259094
8531,34441.472721024984
8532,34452.62082769877
8533,34464.93903827723
8534,34469.15737818847
8535,34468.746815154234
8536,34468.986932065745
8537,34469.076113801224
8538,34539.34065748326
8539,34552.881366597256
8540,34557.3764907987
8541,34567.38624348823
8542,34562.29860764829
8543,34518.67449304878
8544,34509.46650769575
8545,34477.173005502
8546,34458.04868882228
8547,34465.56091037121
8548,34473.763974549736
8549,34493.778496825726
8550,34509.76060959104
8551,34523.477484797724
8552,34588.41382172827
8553,34542.00608776529
8554,34504.35348132596
8555,34495.407260233005
8556,34499.05775592518
8557,34504.68452767699
8558,34510.12018005477
8559,34514.28534525024
8560,34520.98609524172
8561,34526.90123723977
8562,34604.061404045984
8563,34617.83371123371
8564,34620.064402264514
8565,34620.75740027225
8566,34620.055824600735
8567,34579.55988574454
8568,34566.85738135652
8569,34559.88581028255
8570,34642.07605793201
8571,34654.42046814176
8572,34662.88442109426
8573,34686.27540314822
8574,34740.623764139986
8575,34829.65856850297
8576,34965.94879289029
8577,34978.135384227484
8578,34977.166241302795
8579,34997.72352806119
8580,34983.62345900922
8581,34972.62128854125
8582,34925.66936703148
8583,34897.694540177436
8584,34866.58270288526
8585,34817.82775333552
8586,34844.85382331078
8587,34841.73642696351
8588,34802.75377114375
8589,34790.09372509353
8590,34785.03797952748
8591,34740.67209423152
8592,34721.98459941372
8593,34727.49785755124
8594,34732.12640217525
8595,34744.20404955501
8596,34755.26732703651
8597,34785.08386029126
8598,34836.19361969998
8599,34918.701090036004
8600,35049.78189505851
8601,35070.1388495562
8602,35067.79164998329
8603,35088.05214350053
8604,35077.68442039674
8605,35070.53536480599
8606,35024.6899471748
8607,34995.64012577774
8608,34961.876946156015
8609,34909.95403685972
8610,34944.289223978034
8611,34939.66131909328
8612,34898.61489042952
8613,34888.8833106888
8614,34875.88220279148
8615,34831.57961770198
8616,34814.53404404877
8617,34818.170902612525
8618,34823.77439750172
8619,34833.646878648746
8620,34842.70262346628
8621,34868.12097974047
8622,34919.91295149272
8623,35012.60612598177
8624,35141.92329311174
8625,35166.55175409479
8626,35161.222771545945
8627,35178.651277875004
8628,35168.37814864025
8629,35159.506197741466
8630,35118.04799172523
8631,35086.738201783286
8632,35057.44011273799
8633,35002.45585331875
8634,35035.08213964299
8635,35029.540071601485
8636,34990.52766227079
8637,34979.77504247249
8638,34967.477886479275
8639,34922.746080785015
8640,34907.138360395744
8641,34909.89090044046
8642,34914.80089648897
8643,34923.91991397571
8644,34931.70117809597
8645,34952.71186822844
8646,34999.71327353401
8647,35088.71035041155
8648,35218.42646946223
8649,35244.92582339951
8650,35256.70158310451
8651,35284.38524391275
8652,35272.323833681476
8653,35265.09487002425
8654,35216.86881209674
8655,35180.7489273835
8656,35153.818587201946
8657,35104.44280703327
8658,35139.83765236873
8659,35133.81333787599
8660,35095.6780623058
8661,35076.68757005498
8662,35064.47008218128
8663,35023.460925750755
8664,35006.19164494605
8665,35008.52587127169
8666,35012.340732267425
8667,35019.578145475
8668,35030.06084704875
8669,35045.82807010148
8670,35086.289921191994
8671,35177.88372760845
8672,35296.47466772977
8673,35322.864361920474
8674,35340.25283610725
8675,35371.02804214599
8676,35358.68070480229
8677,35357.656913216204
8678,35308.25857747447
8679,35275.989200353244
8680,35251.16139380924
8681,35200.235489510735
8682,35239.89264583376
8683,35229.540084767024
8684,35189.753278807504
8685,35174.76428717547
8686,35161.72943501923
8687,35113.107802502
8688,35099.4059362155
8689,35115.71477836
8690,35057.44666110122
8691,35055.08966835727
8692,35057.23615828874
8693,35068.707434830256
8694,35076.4707414663
8695,35114.81809324777
8696,35178.336179631035
8697,35138.84207200449
8698,35098.78043457874
8699,35109.58339678577
8700,35122.48996270773
8701,35134.3326688475
8702,35144.22127523675
8703,35147.832258343224
8704,35148.82454261201
8705,35147.67106438524
8706,35216.474301858
8707,35228.015153293265
8708,35232.38433352754
8709,35238.54320780852
8710,35224.00787615126
8711,35172.65640473747
8712,35162.126459030784
8713,35147.36387234924
8714,35128.97521805628
8715,35135.316302406536
8716,35140.19762461851
8717,35154.86705853149
8718,35162.32089992524
8719,35183.78301718497
8720,35253.6697708545
8721,35202.07011866476
8722,35175.28581436399
8723,35171.299108299776
8724,35176.55388155323
8725,35181.28200072324
8726,35187.175151388
8727,35184.01546880679
8728,35189.30337303977
8729,35193.13538233224
8730,35266.972116516255
8731,35281.9437049005
8732,35280.05252040324
8733,35281.7775869327
8734,35275.24102804075
8735,35239.43770313449
8736,35225.227943329504
8737,35215.17648972699
8738,35299.138387912535
8739,35307.58480332926
8740,35315.73629773822
8741,35335.09929299474
8742,35374.920349922
8743,35467.74462966276
8744,35595.42580937176
8745,35619.28796341004
8746,35629.343009757504
8747,35658.52460483552
8748,35646.840868181265
8749,35642.54853155394
8750,35594.38967892148
8751,35569.23951741072
8752,35538.128069890314
8753,35488.280072524474
8754,35523.7808606998
8755,35517.85081902655
8756,35475.49710910675
8757,35462.6607863348
8758,35448.12610138125
8759,35403.30550637251
8760,35384.34584422947
